OBJECTID,STATEFP,COUNTYFP,County,TRACTCE,GEOID,NAME,NAMELSAD,ALAND,AWATER,DAC,Income_Group,Urban_Rural_RuralCenter,PerCap_100k_L2DCFC,DAC_andor_LIC,UCC_eligible,REV2_eligible,Shape__Area,Shape__Length
3,06,037,Los Angeles County,204920,06037204920,2049.20,Census Tract 2049.20,909972,0,Disadvantaged Community,Low,Urban,0,Yes,"Yes, eligible","No, ineligible",909975.249565125,3900.20222153915
4,06,037,Los Angeles County,205110,06037205110,2051.10,Census Tract 2051.10,286960,0,Disadvantaged Community,Low,Urban,0,Yes,"Yes, eligible","No, ineligible",286960.736000061,2813.12813022
5,06,037,Los Angeles County,205120,06037205120,2051.20,Census Tract 2051.20,1466130,0,Disadvantaged Community,Low,Urban,0,Yes,"Yes, eligible","No, ineligible",1466128.07563782,6115.04689847068
6,06,037,Los Angeles County,206010,06037206010,2060.10,Census Tract 2060.10,1418138,20551,Disadvantaged Community,Low,Urban,363.989322979859,Yes,"No, ineligible","No, ineligible",1438691.03701019,6421.12917254276
8,06,037,Los Angeles County,206050,06037206050,2060.50,Census Tract 2060.50,1643426,94606,Disadvantaged Community,Low,Urban,0,Yes,"Yes, eligible","No, ineligible",1738032.949646,7759.97498382187
9,06,037,Los Angeles County,207400,06037207400,2074,Census Tract 2074,862957,6458,Disadvantaged Community,Middle,Urban,16049.3827160494,Yes,"No, ineligible","No, ineligible",869413.835418701,4624.11911698239
12,06,037,Los Angeles County,192510,06037192510,1925.10,Census Tract 1925.10,340750,0,Disadvantaged Community,Low,Urban,0,Yes,"Yes, eligible","No, ineligible",340749.920471191,2474.38391897733
13,06,037,Los Angeles County,192520,06037192520,1925.20,Census Tract 1925.20,307802,0,Disadvantaged Community,Low,Urban,0,Yes,"Yes, eligible","No, ineligible",307804.172130585,2379.56748672856
14,06,037,Los Angeles County,192610,06037192610,1926.10,Census Tract 1926.10,415408,0,Disadvantaged Community,Low,Urban,0,Yes,"Yes, eligible","No, ineligible",415406.525333405,2788.51695962467
15,06,037,Los Angeles County,192700,06037192700,1927,Census Tract 1927,531205,0,Disadvantaged Community,Low,Urban,0,Yes,"Yes, eligible","No, ineligible",531203.651199341,2930.41727489002
28,06,077,San Joaquin County,002000,06077002000,20,Census Tract 20,2008597,0,Disadvantaged Community,Low,Urban,0,Yes,"Yes, eligible","No, ineligible",2008592.34327561,6472.16797092658
29,06,077,San Joaquin County,002100,06077002100,21,Census Tract 21,3312527,0,Disadvantaged Community,Low,Urban,0,Yes,"Yes, eligible","No, ineligible",3312523.61304718,7422.25600089519
30,06,077,San Joaquin County,002300,06077002300,23,Census Tract 23,2082728,0,Disadvantaged Community,Low,Urban,0,Yes,"Yes, eligible","No, ineligible",2082729.30912775,8475.99711022009
42,06,071,San Bernardino County,004201,06071004201,42.01,Census Tract 42.01,3087820,268850,Disadvantaged Community,Low,Urban,0,Yes,"Yes, eligible","No, ineligible",3356672.08950043,8246.26360167397
43,06,071,San Bernardino County,004202,06071004202,42.02,Census Tract 42.02,1814584,0,Disadvantaged Community,Low,Urban,70.1262272089762,Yes,"Yes, eligible","No, ineligible",1814587.73907471,6099.33975291967
44,06,071,San Bernardino County,004401,06071004401,44.01,Census Tract 44.01,1786132,0,Disadvantaged Community,Low,Urban,0,Yes,"Yes, eligible","No, ineligible",1786133.77870178,6844.20037254906
62,06,001,Alameda County,433200,06001433200,4332,Census Tract 4332,3174901,0,Disadvantaged Community,Low,Urban,200.225253410086,Yes,"No, ineligible","No, ineligible",3174904.98821974,9582.6115281631
67,06,077,San Joaquin County,002701,06077002701,27.01,Census Tract 27.01,4137641,0,Disadvantaged Community,Low,Urban,0,Yes,"Yes, eligible","No, ineligible",4137644.96625677,11090.4999053905
68,06,077,San Joaquin County,002702,06077002702,27.02,Census Tract 27.02,2556130,0,Disadvantaged Community,Low,Urban,0,Yes,"Yes, eligible","No, ineligible",2556130.53505516,7200.23630329946
79,06,077,San Joaquin County,003113,06077003113,31.13,Census Tract 31.13,2043838,24983,Disadvantaged Community,Low,Urban,423.728813559322,Yes,"No, ineligible","No, ineligible",2068820.18424398,7904.43839347089
107,06,001,Alameda County,437200,06001437200,4372,Census Tract 4372,2554599,0,Disadvantaged Community,Low,Urban,213.646681799973,Yes,"No, ineligible","No, ineligible",2554602.63485479,6574.68394796118
113,06,077,San Joaquin County,003403,06077003403,34.03,Census Tract 34.03,2592731,0,Disadvantaged Community,Middle,Urban,20.8333333333333,Yes,"Yes, eligible","No, ineligible",2592730.37042005,6728.77612858609
115,06,077,San Joaquin County,003405,06077003405,34.05,Census Tract 34.05,1107643,13623,Disadvantaged Community,Low,Urban,0,Yes,"Yes, eligible","No, ineligible",1121266.55181943,4517.31463759149
118,06,077,San Joaquin County,003601,06077003601,36.01,Census Tract 36.01,30709182,297604,Disadvantaged Community,Low,Urban,0,Yes,"Yes, eligible","No, ineligible",31006791.5649035,29710.0540737628
119,06,077,San Joaquin County,003802,06077003802,38.02,Census Tract 38.02,2140101,31238,Disadvantaged Community,Middle,Urban,0,Yes,"Yes, eligible","No, ineligible",2171337.27425885,7192.59619923016
151,06,013,Contra Costa County,392200,06013392200,3922,Census Tract 3922,11661117,5642195,Disadvantaged Community,Low,Urban,0,Yes,"Yes, eligible","No, ineligible",17303309.8939762,23087.5469356398
160,06,037,Los Angeles County,221601,06037221601,2216.01,Census Tract 2216.01,369898,0,Disadvantaged Community,Low,Urban,63.6739891754218,Yes,"Yes, eligible","No, ineligible",369896.861198425,2529.34458047865
161,06,037,Los Angeles County,222001,06037222001,2220.01,Census Tract 2220.01,474298,0,Disadvantaged Community,Low,Urban,0,Yes,"Yes, eligible","No, ineligible",474298.077777863,2789.67570309048
162,06,037,Los Angeles County,237201,06037237201,2372.01,Census Tract 2372.01,453406,0,Disadvantaged Community,Low,Urban,0,Yes,"Yes, eligible","No, ineligible",453404.077331543,2709.15452270851
163,06,037,Los Angeles County,239201,06037239201,2392.01,Census Tract 2392.01,449869,0,Disadvantaged Community,Low,Urban,0,Yes,"Yes, eligible","No, ineligible",449867.470787048,2709.40114350177
164,06,037,Los Angeles County,239601,06037239601,2396.01,Census Tract 2396.01,422289,0,Disadvantaged Community,Low,Urban,54.3183052688756,Yes,"Yes, eligible","No, ineligible",422287.148284912,2924.46132390508
166,06,037,Los Angeles County,980031,06037980031,9800.31,Census Tract 9800.31,12595155,13331664,Disadvantaged Community,Low,Urban,170.212765957447,Yes,"No, ineligible","No, ineligible",25926814.216568,25164.9740381411
169,06,059,Orange County,074805,06059074805,748.05,Census Tract 748.05,470858,0,Disadvantaged Community,Low,Urban,0,Yes,"Yes, eligible","No, ineligible",470860.986976624,2828.083558855
179,06,059,Orange County,087403,06059087403,874.03,Census Tract 874.03,630338,0,Disadvantaged Community,Low,Urban,0,Yes,"Yes, eligible","No, ineligible",630337.869483948,3796.26451578474
187,06,019,Fresno County,004404,06019004404,44.04,Census Tract 44.04,2676102,0,Disadvantaged Community,Low,Urban,1015.22842639594,Yes,"No, ineligible","No, ineligible",2676104.2876637,7572.03720225791
189,06,059,Orange County,087902,06059087902,879.02,Census Tract 879.02,1117651,0,Disadvantaged Community,Low,Urban,18.491124260355,Yes,"Yes, eligible","No, ineligible",1117653.92993927,4384.03929063649
209,06,037,Los Angeles County,602504,06037602504,6025.04,Census Tract 6025.04,321449,0,Disadvantaged Community,Low,Urban,0,Yes,"Yes, eligible","No, ineligible",321448.021934509,2409.50488915836
210,06,037,Los Angeles County,241002,06037241002,2410.02,Census Tract 2410.02,707355,0,Disadvantaged Community,Low,Urban,0,Yes,"Yes, eligible","No, ineligible",707357.521682739,3967.67928170755
214,06,019,Fresno County,005301,06019005301,53.01,Census Tract 53.01,1940426,0,Disadvantaged Community,Low,Urban,0,Yes,"Yes, eligible","No, ineligible",1940425.84983492,6443.89292285959
217,06,019,Fresno County,005305,06019005305,53.05,Census Tract 53.05,1574377,0,Disadvantaged Community,Low,Urban,0,Yes,"Yes, eligible","No, ineligible",1574379.1933403,5608.90429849386
221,06,037,Los Angeles County,980007,06037980007,9800.07,Census Tract 9800.07,2401374,303692,Disadvantaged Community,NA,Urban,,Yes,"No, ineligible","No, ineligible",2705065.3321228,7358.77156278043
222,06,037,Los Angeles County,980009,06037980009,9800.09,Census Tract 9800.09,20912227,356888,Disadvantaged Community,NA,Urban,140000,Yes,"No, ineligible","No, ineligible",21269118.7302628,24728.330184051
223,06,037,Los Angeles County,296901,06037296901,2969.01,Census Tract 2969.01,617328,0,Disadvantaged Community,Low,Urban,44.7828034034931,Yes,"Yes, eligible","No, ineligible",617327.989784241,3460.99433960137
225,06,037,Los Angeles County,134522,06037134522,1345.22,Census Tract 1345.22,615306,0,Disadvantaged Community,Low,Urban,119.990400767939,Yes,"No, ineligible","No, ineligible",615306.012016296,3132.26279702271
227,06,037,Los Angeles County,211122,06037211122,2111.22,Census Tract 2111.22,365553,0,Disadvantaged Community,Low,Urban,31.6155548529877,Yes,"Yes, eligible","No, ineligible",365553.828117371,2522.00599563691
228,06,037,Los Angeles County,104822,06037104822,1048.22,Census Tract 1048.22,604352,0,Disadvantaged Community,Low,Urban,0,Yes,"Yes, eligible","No, ineligible",604353.400588989,4197.17222295337
236,06,097,Sonoma County,153104,06097153104,1531.04,Census Tract 1531.04,1711348,0,Disadvantaged Community,Low,Urban,0,Yes,"Yes, eligible","No, ineligible",1711352.71069241,8019.99524186701
237,06,001,Alameda County,405401,06001405401,4054.01,Census Tract 4054.01,313930,0,Disadvantaged Community,Low,Urban,0,Yes,"Yes, eligible","No, ineligible",313932.653063536,2472.25613306394
247,06,037,Los Angeles County,910101,06037910101,9101.01,Census Tract 9101.01,61013009,267845,Disadvantaged Community,Low,Rural,0,Yes,"No, ineligible","Yes, rural, eligible",61280862.2258377,42222.462842632
250,06,037,Los Angeles County,302003,06037302003,3020.03,Census Tract 3020.03,237181,0,Disadvantaged Community,Low,Urban,0,Yes,"Yes, eligible","No, ineligible",237179.738243103,2017.13513898546
253,06,037,Los Angeles County,127605,06037127605,1276.05,Census Tract 1276.05,644917,3699,Disadvantaged Community,Low,Urban,0,Yes,"Yes, eligible","No, ineligible",648616.515285492,3221.42620160167
258,06,037,Los Angeles County,119341,06037119341,1193.41,Census Tract 1193.41,326387,0,Disadvantaged Community,Low,Urban,0,Yes,"Yes, eligible","No, ineligible",326388.774494171,2547.93327488786
259,06,037,Los Angeles County,120106,06037120106,1201.06,Census Tract 1201.06,205874,415,Disadvantaged Community,Low,Urban,0,Yes,"Yes, eligible","No, ineligible",206288.989238739,1850.89135791311
260,06,037,Los Angeles County,122121,06037122121,1221.21,Census Tract 1221.21,411960,0,Disadvantaged Community,Low,Urban,106.044538706257,Yes,"No, ineligible","No, ineligible",411960.218883514,3659.81432623981
261,06,037,Los Angeles County,124204,06037124204,1242.04,Census Tract 1242.04,324351,0,Disadvantaged Community,Low,Urban,45.6204379562044,Yes,"Yes, eligible","No, ineligible",324350.503627777,2415.56244553428
267,06,007,Butte County,003700,06007003700,37,Census Tract 37,106790827,18646084,Disadvantaged Community,Low,Rural,0,Yes,"No, ineligible","Yes, rural, eligible",125436908.883245,62021.3178554675
283,06,001,Alameda County,432501,06001432501,4325.01,Census Tract 4325.01,1362361,0,Disadvantaged Community,Low,Urban,61.8046971569839,Yes,"Yes, eligible","No, ineligible",1362365.29629278,4720.2914011594
300,06,065,Riverside County,043517,06065043517,435.17,Census Tract 435.17,39094916,1331517,Disadvantaged Community,Middle,Rural,0,Yes,"No, ineligible","Yes, rural, eligible",40426431.3513336,31681.3355753358
301,06,001,Alameda County,406201,06001406201,4062.01,Census Tract 4062.01,408074,0,Disadvantaged Community,Low,Urban,0,Yes,"Yes, eligible","No, ineligible",408074.605813026,2805.30739974692
302,06,001,Alameda County,406202,06001406202,4062.02,Census Tract 4062.02,392183,0,Disadvantaged Community,Low,Urban,0,Yes,"Yes, eligible","No, ineligible",392180.665231705,2660.02549425642
328,06,067,Sacramento County,006101,06067006101,61.01,Census Tract 61.01,2796720,0,Disadvantaged Community,Low,Urban,40.9332787556283,Yes,"Yes, eligible","No, ineligible",2796721.52203608,6880.72517497029
329,06,067,Sacramento County,006102,06067006102,61.02,Census Tract 61.02,1308689,0,Disadvantaged Community,Low,Urban,0,Yes,"Yes, eligible","No, ineligible",1308689.75651789,4827.1968216613
330,06,067,Sacramento County,006201,06067006201,62.01,Census Tract 62.01,2227677,0,Disadvantaged Community,Low,Urban,380.486479141188,Yes,"No, ineligible","No, ineligible",2227676.79607296,6249.7125208117
342,06,067,Sacramento County,006202,06067006202,62.02,Census Tract 62.02,1627291,0,Disadvantaged Community,Low,Urban,0,Yes,"Yes, eligible","No, ineligible",1627289.8460989,6295.94824687981
343,06,067,Sacramento County,006300,06067006300,63,Census Tract 63,2759885,48714,Disadvantaged Community,Low,Urban,0,Yes,"Yes, eligible","No, ineligible",2808598.59747314,8433.94833568505
344,06,067,Sacramento County,006400,06067006400,64,Census Tract 64,3416902,0,Disadvantaged Community,Low,Urban,0,Yes,"Yes, eligible","No, ineligible",3416904.21844196,9185.34795362114
345,06,037,Los Angeles County,701801,06037701801,7018.01,Census Tract 7018.01,1899394,0,Disadvantaged Community,Low,Urban,1385.51635480646,Yes,"No, ineligible","No, ineligible",1899389.45811462,5883.75694313118
346,06,037,Los Angeles County,701802,06037701802,7018.02,Census Tract 7018.02,1248774,0,Disadvantaged Community,Low,Urban,322.927879440258,Yes,"No, ineligible","No, ineligible",1248771.23541641,4663.10588936905
354,06,067,Sacramento County,006500,06067006500,65,Census Tract 65,3891462,0,Disadvantaged Community,Low,Urban,0,Yes,"Yes, eligible","No, ineligible",3891465.11890888,8180.86498392364
355,06,067,Sacramento County,006600,06067006600,66,Census Tract 66,2211010,0,Disadvantaged Community,Low,Urban,0,Yes,"Yes, eligible","No, ineligible",2211008.54364777,6661.3941191211
356,06,067,Sacramento County,006701,06067006701,67.01,Census Tract 67.01,3289851,0,Disadvantaged Community,Low,Urban,0,Yes,"Yes, eligible","No, ineligible",3289852.67456722,7478.28047221321
357,06,067,Sacramento County,006702,06067006702,67.02,Census Tract 67.02,3928154,0,Disadvantaged Community,Low,Urban,0,Yes,"Yes, eligible","No, ineligible",3928153.73661041,8377.88412222617
358,06,067,Sacramento County,006800,06067006800,68,Census Tract 68,2481280,0,Disadvantaged Community,Low,Urban,0,Yes,"Yes, eligible","No, ineligible",2481281.11664486,7181.18577070934
364,06,077,San Joaquin County,005109,06077005109,51.09,Census Tract 51.09,1667685,0,Disadvantaged Community,Low,Urban,47.5172249940603,Yes,"Yes, eligible","No, ineligible",1667682.77459097,5877.67580012215
369,06,077,San Joaquin County,005113,06077005113,51.13,Census Tract 51.13,6077467,0,Disadvantaged Community,Middle,Urban,0,Yes,"Yes, eligible","No, ineligible",6077464.72482657,14312.4401240276
370,06,077,San Joaquin County,005114,06077005114,51.14,Census Tract 51.14,6993812,0,Disadvantaged Community,High,Urban,410.236374291854,Yes,"No, ineligible","No, ineligible",6993813.76645184,16403.1107717736
371,06,059,Orange County,086402,06059086402,864.02,Census Tract 864.02,1250222,0,Disadvantaged Community,Low,Urban,16.4717509471257,Yes,"Yes, eligible","No, ineligible",1250223.15635681,4710.97462817169
372,06,059,Orange County,086404,06059086404,864.04,Census Tract 864.04,1177820,0,Disadvantaged Community,Low,Urban,0,Yes,"Yes, eligible","No, ineligible",1177820.91843414,4637.23444446849
373,06,059,Orange County,086406,06059086406,864.06,Census Tract 864.06,1084874,0,Disadvantaged Community,Low,Urban,0,Yes,"Yes, eligible","No, ineligible",1084873.30719757,4460.64052462046
374,06,059,Orange County,086407,06059086407,864.07,Census Tract 864.07,2099989,106940,Disadvantaged Community,Low,Urban,0,Yes,"Yes, eligible","No, ineligible",2206925.96450806,8974.31838137996
381,06,059,Orange County,086501,06059086501,865.01,Census Tract 865.01,1415329,0,Disadvantaged Community,Low,Urban,235.072872590503,Yes,"No, ineligible","No, ineligible",1415324.5442276,5204.13902843668
382,06,059,Orange County,086502,06059086502,865.02,Census Tract 865.02,1020723,45417,Disadvantaged Community,Low,Urban,0,Yes,"Yes, eligible","No, ineligible",1066138.97077942,4445.45617337464
389,06,067,Sacramento County,006900,06067006900,69,Census Tract 69,5021337,256731,Disadvantaged Community,Low,Urban,226.430629888843,Yes,"No, ineligible","No, ineligible",5278068.83496189,10040.2747702036
390,06,067,Sacramento County,007001,06067007001,70.01,Census Tract 70.01,3152852,192465,Disadvantaged Community,Low,Urban,0,Yes,"Yes, eligible","No, ineligible",3345314.17689419,13620.5612699033
392,06,039,Madera County,000800,06039000800,8,Census Tract 8,2816999,0,Disadvantaged Community,Low,Urban,58.8841454438392,Yes,"Yes, eligible","No, ineligible",2817000.50268748,10417.0452538346
393,06,037,Los Angeles County,402304,06037402304,4023.04,Census Tract 4023.04,697361,0,Disadvantaged Community,Low,Urban,0,Yes,"Yes, eligible","No, ineligible",697361.262039185,4518.716004396
394,06,037,Los Angeles County,208301,06037208301,2083.01,Census Tract 2083.01,92951,0,Disadvantaged Community,Low,Urban,0,Yes,"Yes, eligible","No, ineligible",92952.1928329468,1579.85261482681
395,06,067,Sacramento County,007007,06067007007,70.07,Census Tract 70.07,3367060,556030,Disadvantaged Community,Low,Urban,0,Yes,"Yes, eligible","No, ineligible",3923094.39713287,12976.2788541221
396,06,037,Los Angeles County,219901,06037219901,2199.01,Census Tract 2199.01,524891,0,Disadvantaged Community,Low,Urban,24.0963855421687,Yes,"Yes, eligible","No, ineligible",524889.704181671,3071.21776026148
398,06,067,Sacramento County,007501,06067007501,75.01,Census Tract 75.01,2630957,0,Disadvantaged Community,Low,Urban,29.1290416545296,Yes,"Yes, eligible","No, ineligible",2630955.10390997,7911.23441087212
401,06,039,Madera County,000900,06039000900,9,Census Tract 9,3824594,0,Disadvantaged Community,Low,Urban,0,Yes,"Yes, eligible","No, ineligible",3824590.3028751,10764.399902634
402,06,037,Los Angeles County,551401,06037551401,5514.01,Census Tract 5514.01,731877,0,Disadvantaged Community,Low,Urban,130.94718463553,Yes,"No, ineligible","No, ineligible",731876.414260864,3583.80748071088
416,06,077,San Joaquin County,005123,06077005123,51.23,Census Tract 51.23,2499810,0,Disadvantaged Community,Middle,Urban,42.3728813559322,Yes,"Yes, eligible","No, ineligible",2499810.10667777,6338.74153174241
418,06,077,San Joaquin County,005126,06077005126,51.26,Census Tract 51.26,1343825,0,Disadvantaged Community,Low,Urban,0,Yes,"Yes, eligible","No, ineligible",1343819.72961617,4998.74275177064
420,06,077,San Joaquin County,005305,06077005305,53.05,Census Tract 53.05,2002827,0,Disadvantaged Community,Middle,Urban,0,Yes,"Yes, eligible","No, ineligible",2002827.05299926,6304.10309814742
429,06,059,Orange County,086601,06059086601,866.01,Census Tract 866.01,1298903,0,Disadvantaged Community,Low,Urban,0,Yes,"Yes, eligible","No, ineligible",1298902.42812347,4887.51388824065
434,06,059,Orange County,086701,06059086701,867.01,Census Tract 867.01,2135794,7387,Disadvantaged Community,Low,Urban,0,Yes,"Yes, eligible","No, ineligible",2143177.00121307,7777.00359478513
435,06,059,Orange County,086702,06059086702,867.02,Census Tract 867.02,1149696,0,Disadvantaged Community,Low,Urban,0,Yes,"Yes, eligible","No, ineligible",1149693.67718506,5327.12122243749
437,06,059,Orange County,086602,06059086602,866.02,Census Tract 866.02,1143900,0,Disadvantaged Community,Low,Urban,0,Yes,"Yes, eligible","No, ineligible",1143901.0171051,4874.72680327898
442,06,059,Orange County,088501,06059088501,885.01,Census Tract 885.01,1305985,0,Disadvantaged Community,Low,Urban,0,Yes,"Yes, eligible","No, ineligible",1305983.34369659,5443.63850478486
443,06,059,Orange County,088802,06059088802,888.02,Census Tract 888.02,1205971,0,Disadvantaged Community,Low,Urban,120.385232744783,Yes,"No, ineligible","No, ineligible",1205970.10874176,5765.93970010185
450,06,059,Orange County,099702,06059099702,997.02,Census Tract 997.02,1964677,0,Disadvantaged Community,Low,Urban,50.6521463847031,Yes,"Yes, eligible","No, ineligible",1964678.15820312,6491.03721496991
453,06,059,Orange County,074405,06059074405,744.05,Census Tract 744.05,1057964,0,Disadvantaged Community,Low,Urban,30.0210147102972,Yes,"Yes, eligible","No, ineligible",1057965.03617096,5393.92521939752
455,06,037,Los Angeles County,407602,06037407602,4076.02,Census Tract 4076.02,933776,841,Disadvantaged Community,Low,Urban,0,Yes,"Yes, eligible","No, ineligible",934618.468070984,4110.91344918054
457,06,059,Orange County,074901,06059074901,749.01,Census Tract 749.01,1010604,0,Disadvantaged Community,Low,Urban,40.2698077116682,Yes,"Yes, eligible","No, ineligible",1010599.60214996,4480.13006520969
461,06,037,Los Angeles County,190201,06037190201,1902.01,Census Tract 1902.01,226852,0,Disadvantaged Community,Low,Urban,37.9939209726444,Yes,"Yes, eligible","No, ineligible",226851.882247925,2118.91257340713
465,06,059,Orange County,086802,06059086802,868.02,Census Tract 868.02,1846008,0,Disadvantaged Community,Low,Urban,136.193394620361,Yes,"No, ineligible","No, ineligible",1846003.0018158,6036.35485344285
468,06,059,Orange County,086803,06059086803,868.03,Census Tract 868.03,1944962,0,Disadvantaged Community,Low,Urban,0,Yes,"Yes, eligible","No, ineligible",1944963.63208771,6408.95198716885
476,06,059,Orange County,088902,06059088902,889.02,Census Tract 889.02,1287852,0,Disadvantaged Community,Low,Urban,0,Yes,"Yes, eligible","No, ineligible",1287849.75502777,4810.4251865167
480,06,037,Los Angeles County,188100,06037188100,1881,Census Tract 1881,2097116,16592,Disadvantaged Community,Low,Urban,255.232261357836,Yes,"No, ineligible","No, ineligible",2113704.67383194,7920.91987630271
494,06,059,Orange County,074406,06059074406,744.06,Census Tract 744.06,1529728,0,Disadvantaged Community,Low,Urban,0,Yes,"Yes, eligible","No, ineligible",1529729.28026581,5654.39971668971
497,06,065,Riverside County,042620,06065042620,426.20,Census Tract 426.20,35208253,365516,Disadvantaged Community,Middle,Urban,0,Yes,"Yes, eligible","No, ineligible",35573768.4515762,44050.9916919707
507,06,059,Orange County,074502,06059074502,745.02,Census Tract 745.02,792510,0,Disadvantaged Community,Low,Urban,0,Yes,"Yes, eligible","No, ineligible",792507.786720276,3895.8401553952
508,06,059,Orange County,075002,06059075002,750.02,Census Tract 750.02,1517055,0,Disadvantaged Community,Low,Urban,679.941719281204,Yes,"No, ineligible","No, ineligible",1517054.98288727,5638.40035520992
517,06,037,Los Angeles County,190100,06037190100,1901,Census Tract 1901,600603,0,Disadvantaged Community,Low,Urban,965.641140803952,Yes,"No, ineligible","No, ineligible",600606.383422852,3355.73469597002
518,06,037,Los Angeles County,199120,06037199120,1991.20,Census Tract 1991.20,943133,18746,Disadvantaged Community,Low,Urban,22.1680336954112,Yes,"Yes, eligible","No, ineligible",961877.726623535,5018.32010662396
519,06,037,Los Angeles County,199201,06037199201,1992.01,Census Tract 1992.01,395192,0,Disadvantaged Community,Low,Urban,109.289617486339,Yes,"No, ineligible","No, ineligible",395191.137802124,2723.59532757919
520,06,037,Los Angeles County,199202,06037199202,1992.02,Census Tract 1992.02,954422,0,Disadvantaged Community,Low,Urban,31.6957210776545,Yes,"Yes, eligible","No, ineligible",954419.965545654,5578.41340139237
521,06,037,Los Angeles County,199300,06037199300,1993,Census Tract 1993,2550540,40785,Disadvantaged Community,Low,Urban,0,Yes,"Yes, eligible","No, ineligible",2591325.74830627,9640.45298843663
527,06,037,Los Angeles County,199400,06037199400,1994,Census Tract 1994,669970,27134,Disadvantaged Community,Low,Urban,0,Yes,"Yes, eligible","No, ineligible",697108.172065735,5160.33405086574
528,06,037,Los Angeles County,199700,06037199700,1997,Census Tract 1997,937116,33464,Disadvantaged Community,Low,Urban,293.82957884427,Yes,"No, ineligible","No, ineligible",970582.991523743,4226.18634746323
529,06,037,Los Angeles County,199800,06037199800,1998,Census Tract 1998,651258,0,Disadvantaged Community,Low,Urban,0,Yes,"Yes, eligible","No, ineligible",651259.636917114,3279.81125084166
530,06,037,Los Angeles County,199900,06037199900,1999,Census Tract 1999,443014,0,Disadvantaged Community,Low,Urban,74.2942050520059,Yes,"Yes, eligible","No, ineligible",443014.05696106,3096.09970647007
541,06,111,Ventura County,002300,06111002300,23,Census Tract 23,3758660,16247,Disadvantaged Community,Low,Urban,45.9136822773186,Yes,"Yes, eligible","No, ineligible",3774906.74769592,13988.0017502348
558,06,037,Los Angeles County,127104,06037127104,1271.04,Census Tract 1271.04,707824,0,Disadvantaged Community,Low,Urban,26.1711593823606,Yes,"Yes, eligible","No, ineligible",707824.146903992,3435.56848594438
559,06,037,Los Angeles County,127804,06037127804,1278.04,Census Tract 1278.04,638152,0,Disadvantaged Community,Low,Urban,0,Yes,"Yes, eligible","No, ineligible",638152.159873962,3195.49442293594
560,06,037,Los Angeles County,128102,06037128102,1281.02,Census Tract 1281.02,648808,0,Disadvantaged Community,Low,Urban,43.2432432432432,Yes,"Yes, eligible","No, ineligible",648808.149139404,3222.0528974972
561,06,037,Los Angeles County,132001,06037132001,1320.01,Census Tract 1320.01,968647,0,Disadvantaged Community,Low,Urban,28.8766965059197,Yes,"Yes, eligible","No, ineligible",968649.871829987,4016.54017342648
562,06,037,Los Angeles County,134001,06037134001,1340.01,Census Tract 1340.01,581333,2186,Disadvantaged Community,Low,Urban,0,Yes,"Yes, eligible","No, ineligible",583519.26140213,3700.98802438777
570,06,037,Los Angeles County,208802,06037208802,2088.02,Census Tract 2088.02,211495,0,Disadvantaged Community,Low,Urban,32.5839035516455,Yes,"Yes, eligible","No, ineligible",211494.190834045,2346.84657010081
571,06,037,Los Angeles County,211921,06037211921,2119.21,Census Tract 2119.21,92665,0,Disadvantaged Community,Low,Urban,39.6667988893296,Yes,"Yes, eligible","No, ineligible",92665.1904220581,1265.60332010443
575,06,037,Los Angeles County,221303,06037221303,2213.03,Census Tract 2213.03,233968,0,Disadvantaged Community,Low,Urban,0,Yes,"Yes, eligible","No, ineligible",233966.486141205,1976.9546306529
585,06,037,Los Angeles County,201501,06037201501,2015.01,Census Tract 2015.01,888745,0,Disadvantaged Community,Low,Urban,0,Yes,"Yes, eligible","No, ineligible",888748.815818787,4397.75792574051
588,06,037,Los Angeles County,201700,06037201700,2017,Census Tract 2017,1694749,0,Disadvantaged Community,Low,Urban,797.968806673921,Yes,"No, ineligible","No, ineligible",1694752.90990448,6487.09094351986
589,06,037,Los Angeles County,203100,06037203100,2031,Census Tract 2031,657447,0,Disadvantaged Community,Low,Urban,0,Yes,"Yes, eligible","No, ineligible",657445.09450531,3607.57753712834
590,06,037,Los Angeles County,203300,06037203300,2033,Census Tract 2033,1489010,2852,Disadvantaged Community,Low,Urban,6800,Yes,"No, ineligible","No, ineligible",1491864.5091095,4758.23693032273
591,06,037,Los Angeles County,203500,06037203500,2035,Census Tract 2035,1633659,23932,Disadvantaged Community,Low,Urban,412.796697626419,Yes,"No, ineligible","No, ineligible",1657595.9018631,5728.41770685664
592,06,037,Los Angeles County,203600,06037203600,2036,Census Tract 2036,553402,0,Disadvantaged Community,Low,Urban,0,Yes,"Yes, eligible","No, ineligible",553404.063476562,3255.92871840823
594,06,037,Los Angeles County,203720,06037203720,2037.20,Census Tract 2037.20,321042,0,Disadvantaged Community,Low,Urban,0,Yes,"Yes, eligible","No, ineligible",321041.030052185,2427.94752773916
602,06,059,Orange County,099801,06059099801,998.01,Census Tract 998.01,1492003,0,Disadvantaged Community,Low,Urban,87.0776732845698,Yes,"Yes, eligible","No, ineligible",1492003.86514282,6358.09117072875
603,06,059,Orange County,099802,06059099802,998.02,Census Tract 998.02,993944,0,Disadvantaged Community,Low,Urban,0,Yes,"Yes, eligible","No, ineligible",993943.20880127,4187.74927009956
606,06,037,Los Angeles County,575801,06037575801,5758.01,Census Tract 5758.01,384509,51710,Disadvantaged Community,Low,Urban,0,Yes,"Yes, eligible","No, ineligible",436217.450973511,2625.7576973145
608,06,037,Los Angeles County,554600,06037554600,5546,Census Tract 5546,1056583,0,Disadvantaged Community,Low,Urban,0,Yes,"Yes, eligible","No, ineligible",1056583.50405121,4437.02754097541
615,06,037,Los Angeles County,189201,06037189201,1892.01,Census Tract 1892.01,325702,0,Disadvantaged Community,Low,Urban,93.2835820895522,Yes,"Yes, eligible","No, ineligible",325701.761962891,2423.3778461158
617,06,037,Los Angeles County,211922,06037211922,2119.22,Census Tract 2119.22,92893,0,Disadvantaged Community,Low,Urban,0,Yes,"Yes, eligible","No, ineligible",92893.7998886108,1266.58036754733
619,06,037,Los Angeles County,241201,06037241201,2412.01,Census Tract 2412.01,485903,0,Disadvantaged Community,Low,Urban,0,Yes,"Yes, eligible","No, ineligible",485902.588394165,3102.99079431863
624,06,029,Kern County,006201,06029006201,62.01,Census Tract 62.01,89198144,59978,Disadvantaged Community,Low,Rural,0,Yes,"No, ineligible","Yes, rural, eligible",89258117.0472679,68746.0799164246
625,06,037,Los Angeles County,601501,06037601501,6015.01,Census Tract 6015.01,473127,0,Disadvantaged Community,Low,Urban,0,Yes,"Yes, eligible","No, ineligible",473124.934085846,3214.27006005373
627,06,059,Orange County,075004,06059075004,750.04,Census Tract 750.04,344531,0,Disadvantaged Community,Low,Urban,0,Yes,"Yes, eligible","No, ineligible",344529.148757935,2918.56827994545
634,06,037,Los Angeles County,203900,06037203900,2039,Census Tract 2039,448858,0,Disadvantaged Community,Low,Urban,0,Yes,"Yes, eligible","No, ineligible",448863.38054657,3810.56556960229
636,06,037,Los Angeles County,204120,06037204120,2041.20,Census Tract 2041.20,263402,0,Disadvantaged Community,Low,Urban,0,Yes,"Yes, eligible","No, ineligible",263401.274330139,2126.50637815176
637,06,037,Los Angeles County,204300,06037204300,2043,Census Tract 2043,643479,0,Disadvantaged Community,Low,Urban,0,Yes,"Yes, eligible","No, ineligible",643477.466209412,3318.67002107659
638,06,037,Los Angeles County,204600,06037204600,2046,Census Tract 2046,564176,18298,Disadvantaged Community,Low,Urban,0,Yes,"Yes, eligible","No, ineligible",582473.973899841,3730.98044855013
639,06,037,Los Angeles County,204700,06037204700,2047,Census Tract 2047,1011064,0,Disadvantaged Community,Low,Urban,0,Yes,"Yes, eligible","No, ineligible",1011062.28375244,4065.15883325616
640,06,037,Los Angeles County,204810,06037204810,2048.10,Census Tract 2048.10,769704,0,Disadvantaged Community,Low,Urban,0,Yes,"Yes, eligible","No, ineligible",769705.415847778,3712.73550808048
641,06,037,Los Angeles County,204820,06037204820,2048.20,Census Tract 2048.20,320144,0,Disadvantaged Community,Low,Urban,0,Yes,"Yes, eligible","No, ineligible",320141.442276001,2544.06439533729
642,06,037,Los Angeles County,204910,06037204910,2049.10,Census Tract 2049.10,518337,0,Disadvantaged Community,Low,Urban,0,Yes,"Yes, eligible","No, ineligible",518338.376464844,2932.01597169601
646,06,107,Tulare County,002202,06107002202,22.02,Census Tract 22.02,2725915,0,Disadvantaged Community,Low,Urban,0,Yes,"Yes, eligible","No, ineligible",2725908.92361259,8311.08481643611
652,06,037,Los Angeles County,535001,06037535001,5350.01,Census Tract 5350.01,449783,0,Disadvantaged Community,Low,Urban,0,Yes,"Yes, eligible","No, ineligible",449783.638542175,2700.29870790296
653,06,037,Los Angeles County,603005,06037603005,6030.05,Census Tract 6030.05,650732,0,Disadvantaged Community,Low,Urban,0,Yes,"Yes, eligible","No, ineligible",650732.999977112,3226.49465940387
655,06,037,Los Angeles County,104203,06037104203,1042.03,Census Tract 1042.03,707947,0,Disadvantaged Community,Low,Urban,0,Yes,"Yes, eligible","No, ineligible",707948.150680542,3368.97052235837
664,06,037,Los Angeles County,208000,06037208000,2080,Census Tract 2080,971170,0,Disadvantaged Community,Low,Urban,13.319126265317,Yes,"Yes, eligible","No, ineligible",971169.576644897,4340.71979529062
665,06,037,Los Angeles County,208610,06037208610,2086.10,Census Tract 2086.10,350137,0,Disadvantaged Community,Low,Urban,68.9496667432774,Yes,"Yes, eligible","No, ineligible",350136.592903137,2520.61040109564
666,06,037,Los Angeles County,208620,06037208620,2086.20,Census Tract 2086.20,324327,0,Disadvantaged Community,Low,Urban,44.9842555105713,Yes,"Yes, eligible","No, ineligible",324326.876243591,2498.64823226961
667,06,037,Los Angeles County,208903,06037208903,2089.03,Census Tract 2089.03,159289,0,Disadvantaged Community,Low,Urban,0,Yes,"Yes, eligible","No, ineligible",159287.802024841,2145.37981113843
668,06,037,Los Angeles County,209102,06037209102,2091.02,Census Tract 2091.02,304848,0,Disadvantaged Community,Low,Urban,235.294117647059,Yes,"No, ineligible","No, ineligible",304847.307472229,2549.59530954899
669,06,037,Los Angeles County,209200,06037209200,2092,Census Tract 2092,411199,0,Disadvantaged Community,Low,Urban,286.028602860286,Yes,"No, ineligible","No, ineligible",411200.833969116,2667.21144654503
670,06,037,Los Angeles County,209300,06037209300,2093,Census Tract 2093,306315,0,Disadvantaged Community,Low,Urban,0,Yes,"Yes, eligible","No, ineligible",306315.557701111,2417.4114762095
671,06,037,Los Angeles County,209510,06037209510,2095.10,Census Tract 2095.10,182482,0,Disadvantaged Community,Low,Urban,0,Yes,"Yes, eligible","No, ineligible",182485.054901123,1770.19252342058
672,06,037,Los Angeles County,210010,06037210010,2100.10,Census Tract 2100.10,408975,0,Disadvantaged Community,Low,Urban,0,Yes,"Yes, eligible","No, ineligible",408974.294723511,2714.99027932917
674,06,037,Los Angeles County,190510,06037190510,1905.10,Census Tract 1905.10,318393,0,Disadvantaged Community,Low,Urban,24.6852628980499,Yes,"Yes, eligible","No, ineligible",318390.077346802,2432.59848357234
675,06,037,Los Angeles County,190520,06037190520,1905.20,Census Tract 1905.20,243960,0,Disadvantaged Community,Low,Urban,25.1319426991706,Yes,"Yes, eligible","No, ineligible",243960.129062653,2015.34953888271
676,06,037,Los Angeles County,190700,06037190700,1907,Census Tract 1907,642502,0,Disadvantaged Community,Low,Urban,1340.78212290503,Yes,"No, ineligible","No, ineligible",642503.729763031,3810.85792592786
677,06,037,Los Angeles County,190902,06037190902,1909.02,Census Tract 1909.02,486994,0,Disadvantaged Community,Low,Urban,795.906765207504,Yes,"No, ineligible","No, ineligible",486991.982845306,2821.62843248821
678,06,037,Los Angeles County,191000,06037191000,1910,Census Tract 1910,648714,0,Disadvantaged Community,Low,Urban,1167.48989672205,Yes,"No, ineligible","No, ineligible",648713.098873138,3408.92515150576
679,06,037,Los Angeles County,191110,06037191110,1911.10,Census Tract 1911.10,272751,0,Disadvantaged Community,Low,Urban,57.5043128234618,Yes,"Yes, eligible","No, ineligible",272750.129814148,2288.18306063783
680,06,037,Los Angeles County,191120,06037191120,1911.20,Census Tract 1911.20,379659,0,Disadvantaged Community,Low,Urban,0,Yes,"Yes, eligible","No, ineligible",379657.845466614,2552.07979883494
681,06,037,Los Angeles County,191201,06037191201,1912.01,Census Tract 1912.01,572278,0,Disadvantaged Community,Low,Urban,90.6207521522429,Yes,"Yes, eligible","No, ineligible",572278.796394348,3033.34383077657
682,06,037,Los Angeles County,191420,06037191420,1914.20,Census Tract 1914.20,227178,0,Disadvantaged Community,Low,Urban,32.2997416020672,Yes,"Yes, eligible","No, ineligible",227178.675235748,2016.21762929225
683,06,037,Los Angeles County,191500,06037191500,1915,Census Tract 1915,641385,0,Disadvantaged Community,Low,Urban,16.860563142809,Yes,"Yes, eligible","No, ineligible",641384.462310791,3148.15053792477
684,06,037,Los Angeles County,191610,06037191610,1916.10,Census Tract 1916.10,417925,0,Disadvantaged Community,Low,Urban,0,Yes,"Yes, eligible","No, ineligible",417926.625247955,2868.51504901247
685,06,037,Los Angeles County,191620,06037191620,1916.20,Census Tract 1916.20,228850,0,Disadvantaged Community,Low,Urban,315.955766192733,Yes,"No, ineligible","No, ineligible",228849.280834198,2139.70598353365
686,06,037,Los Angeles County,191710,06037191710,1917.10,Census Tract 1917.10,705302,3325,Disadvantaged Community,Low,Urban,272.386789240722,Yes,"No, ineligible","No, ineligible",708627.152744293,4026.10095765884
687,06,037,Los Angeles County,191820,06037191820,1918.20,Census Tract 1918.20,404735,0,Disadvantaged Community,Low,Urban,220.403022670025,Yes,"No, ineligible","No, ineligible",404735.741260529,2816.32284460437
705,06,059,Orange County,074501,06059074501,745.01,Census Tract 745.01,542707,0,Disadvantaged Community,Low,Urban,0,Yes,"Yes, eligible","No, ineligible",542705.197502136,3153.24621587985
721,06,059,Orange County,087102,06059087102,871.02,Census Tract 871.02,1445590,13757,Disadvantaged Community,Low,Urban,28.2326369282891,Yes,"Yes, eligible","No, ineligible",1459346.98329163,5390.6736515574
723,06,059,Orange County,087105,06059087105,871.05,Census Tract 871.05,1727716,0,Disadvantaged Community,Low,Urban,0,Yes,"Yes, eligible","No, ineligible",1727715.5747757,5549.26886521363
724,06,059,Orange County,087106,06059087106,871.06,Census Tract 871.06,924242,0,Disadvantaged Community,Low,Urban,498.028636646607,Yes,"No, ineligible","No, ineligible",924239.829025269,5186.00436393626
736,06,077,San Joaquin County,005110,06077005110,51.10,Census Tract 51.10,4927185,0,Disadvantaged Community,Middle,Urban,246.913580246914,Yes,"No, ineligible","No, ineligible",4927187.36210465,14188.0485523941
737,06,077,San Joaquin County,005127,06077005127,51.27,Census Tract 51.27,1998269,0,Disadvantaged Community,Middle,Urban,16.4230579733946,Yes,"Yes, eligible","No, ineligible",1998271.51040828,5995.28604982363
738,06,059,Orange County,001402,06059001402,14.02,Census Tract 14.02,1238597,0,Disadvantaged Community,Low,Urban,39.8168425243878,Yes,"Yes, eligible","No, ineligible",1238594.8524704,4648.87476648152
740,06,059,Orange County,001404,06059001404,14.04,Census Tract 14.04,2926347,0,Disadvantaged Community,Low,Urban,101.677681748856,Yes,"Yes, eligible","No, ineligible",2926342.16130829,8761.90199607261
748,06,075,San Francisco County,023102,06075023102,231.02,Census Tract 231.02,500767,0,Disadvantaged Community,Low,Urban,0,Yes,"Yes, eligible","No, ineligible",500768.186849117,4119.97521032913
749,06,075,San Francisco County,023200,06075023200,232,Census Tract 232,856566,0,Disadvantaged Community,Low,Urban,0,Yes,"Yes, eligible","No, ineligible",856566.466666222,4530.52624446103
754,06,075,San Francisco County,023300,06075023300,233,Census Tract 233,635979,0,Disadvantaged Community,Low,Urban,53.4902380315592,Yes,"Yes, eligible","No, ineligible",635978.415783405,3572.64174690656
757,06,001,Alameda County,407200,06001407200,4072,Census Tract 4072,715071,0,Disadvantaged Community,Low,Urban,0,Yes,"Yes, eligible","No, ineligible",715072.284807682,3676.79369819696
759,06,001,Alameda County,407300,06001407300,4073,Census Tract 4073,2370917,209265,Disadvantaged Community,Low,Urban,0,Yes,"Yes, eligible","No, ineligible",2580182.5635252,8431.67761588832
760,06,001,Alameda County,407400,06001407400,4074,Census Tract 4074,511491,0,Disadvantaged Community,Low,Urban,0,Yes,"Yes, eligible","No, ineligible",511490.605986118,3259.53168304944
765,06,071,San Bernardino County,002204,06071002204,22.04,Census Tract 22.04,19225389,71381,Disadvantaged Community,Middle,Urban,0,Yes,"Yes, eligible","No, ineligible",19296772.312645,22698.1955261066
771,06,071,San Bernardino County,004601,06071004601,46.01,Census Tract 46.01,3854168,0,Disadvantaged Community,Middle,Urban,13.7722076848919,Yes,"Yes, eligible","No, ineligible",3854170.93756866,12698.3897532728
774,06,071,San Bernardino County,002301,06071002301,23.01,Census Tract 23.01,5688972,0,Disadvantaged Community,Middle,Urban,52.2966965919986,Yes,"Yes, eligible","No, ineligible",5688969.4732132,11077.3437145174
778,06,071,San Bernardino County,001600,06071001600,16,Census Tract 16,12420395,0,Disadvantaged Community,Low,Urban,298.340481074026,Yes,"No, ineligible","No, ineligible",12420393.6254044,24367.3357506861
782,06,071,San Bernardino County,007407,06071007407,74.07,Census Tract 74.07,1297529,0,Disadvantaged Community,Low,Urban,0,Yes,"Yes, eligible","No, ineligible",1297525.67576599,4832.54498594645
789,06,071,San Bernardino County,004800,06071004800,48,Census Tract 48,866044,0,Disadvantaged Community,Low,Urban,0,Yes,"Yes, eligible","No, ineligible",866042.997215271,3745.3219602649
790,06,071,San Bernardino County,009500,06071009500,95,Census Tract 95,5340540,0,Disadvantaged Community,Low,Rural Center,240.415032266228,Yes,"No, ineligible","Yes, rural center, eligible",5340546.19447327,13989.3656763942
807,06,071,San Bernardino County,004700,06071004700,47,Census Tract 47,1994953,0,Disadvantaged Community,Low,Urban,0,Yes,"Yes, eligible","No, ineligible",1994955.70738983,6093.84543836135
820,06,071,San Bernardino County,005100,06071005100,51,Census Tract 51,5027141,0,Disadvantaged Community,Low,Urban,23.6910684671879,Yes,"Yes, eligible","No, ineligible",5027141.21850586,10893.0631455799
826,06,071,San Bernardino County,009400,06071009400,94,Census Tract 94,11119005,0,Disadvantaged Community,Low,Rural Center,61.3120784794604,Yes,"No, ineligible","Yes, rural center, eligible",11119005.8332214,23679.5914815836
827,06,071,San Bernardino County,010300,06071010300,103,Census Tract 103,18005181823,8390739,Disadvantaged Community,Low,Rural,2170.84860445447,Yes,"No, ineligible","Yes, rural, eligible",18013574201.7223,850140.39582016
833,06,071,San Bernardino County,006302,06071006302,63.02,Census Tract 63.02,2594837,0,Disadvantaged Community,Low,Urban,0,Yes,"Yes, eligible","No, ineligible",2594835.92313385,8571.91459560327
843,06,085,Santa Clara County,503601,06085503601,5036.01,Census Tract 5036.01,1372315,0,Disadvantaged Community,Low,Urban,177.357375110848,Yes,"No, ineligible","No, ineligible",1372316.98795891,5502.40739040724
848,06,059,Orange County,001801,06059001801,18.01,Census Tract 18.01,1750832,0,Disadvantaged Community,Low,Urban,72.5952813067151,Yes,"Yes, eligible","No, ineligible",1750835.38800812,6788.28376293463
849,06,059,Orange County,001802,06059001802,18.02,Census Tract 18.02,1176744,0,Disadvantaged Community,Low,Urban,0,Yes,"Yes, eligible","No, ineligible",1176740.25506592,4719.20039818036
858,06,071,San Bernardino County,007601,06071007601,76.01,Census Tract 76.01,2599077,0,Disadvantaged Community,Low,Urban,0,Yes,"Yes, eligible","No, ineligible",2599077.47337341,6449.60280574385
876,06,075,San Francisco County,017902,06075017902,179.02,Census Tract 179.02,2772873,123789450,Disadvantaged Community,Low,Rural,0,Yes,"No, ineligible","Yes, rural, eligible",126562344.39068,72107.7758039602
897,06,085,Santa Clara County,503602,06085503602,5036.02,Census Tract 5036.02,1220960,0,Disadvantaged Community,Low,Urban,0,Yes,"Yes, eligible","No, ineligible",1220953.72739124,5070.88321324474
900,06,085,Santa Clara County,503712,06085503712,5037.12,Census Tract 5037.12,664171,0,Disadvantaged Community,Low,Urban,44.6030330062444,Yes,"Yes, eligible","No, ineligible",664171.147672653,3335.8381267735
906,06,059,Orange County,011403,06059011403,114.03,Census Tract 114.03,1485009,0,Disadvantaged Community,Low,Urban,45.0856627592426,Yes,"Yes, eligible","No, ineligible",1485011.00424194,5618.3007583528
907,06,059,Orange County,011502,06059011502,115.02,Census Tract 115.02,1344639,0,Disadvantaged Community,Low,Urban,0,Yes,"Yes, eligible","No, ineligible",1344634.42165375,4976.60426923735
926,06,077,San Joaquin County,005302,06077005302,53.02,Census Tract 53.02,2294753,0,Disadvantaged Community,Middle,Urban,54.0906017579446,Yes,"Yes, eligible","No, ineligible",2294752.74855685,7236.6466885628
927,06,077,San Joaquin County,000100,06077000100,1,Census Tract 1,1847904,16915,Disadvantaged Community,Low,Urban,108.459869848156,Yes,"No, ineligible","No, ineligible",1864819.19299996,6332.13356090415
957,06,075,San Francisco County,023103,06075023103,231.03,Census Tract 231.03,1255708,0,Disadvantaged Community,Low,Urban,0,Yes,"Yes, eligible","No, ineligible",1255708.08196211,9784.92273805921
967,06,059,Orange County,011601,06059011601,116.01,Census Tract 116.01,1169185,0,Disadvantaged Community,Low,Urban,23.7247924080664,Yes,"Yes, eligible","No, ineligible",1169186.60617828,4480.1736426616
968,06,059,Orange County,011602,06059011602,116.02,Census Tract 116.02,5641944,28076,Disadvantaged Community,Low,Urban,602.182913059842,Yes,"No, ineligible","No, ineligible",5670020.81295776,10895.0603770109
969,06,077,San Joaquin County,000300,06077000300,3,Census Tract 3,1313201,152316,Disadvantaged Community,Low,Urban,0,Yes,"Yes, eligible","No, ineligible",1465521.16878295,6535.1870475748
970,06,077,San Joaquin County,000401,06077000401,4.01,Census Tract 4.01,1045664,0,Disadvantaged Community,Low,Urban,0,Yes,"Yes, eligible","No, ineligible",1045666.09088558,4214.95436183432
971,06,077,San Joaquin County,000402,06077000402,4.02,Census Tract 4.02,1459857,0,Disadvantaged Community,Low,Urban,481.579581025765,Yes,"No, ineligible","No, ineligible",1459856.18685088,5057.25304963771
972,06,077,San Joaquin County,000500,06077000500,5,Census Tract 5,994139,0,Disadvantaged Community,Low,Urban,0,Yes,"Yes, eligible","No, ineligible",994143.987383962,4568.35391821889
973,06,077,San Joaquin County,000600,06077000600,6,Census Tract 6,962237,0,Disadvantaged Community,Low,Urban,0,Yes,"Yes, eligible","No, ineligible",962234.544326782,4388.65415786375
980,06,071,San Bernardino County,005200,06071005200,52,Census Tract 52,1979742,0,Disadvantaged Community,Low,Urban,0,Yes,"Yes, eligible","No, ineligible",1979739.98182678,7027.3503981665
981,06,077,San Joaquin County,000700,06077000700,7,Census Tract 7,1787702,25674,Disadvantaged Community,Low,Urban,0,Yes,"Yes, eligible","No, ineligible",1813379.62669271,6403.20916206324
982,06,077,San Joaquin County,000900,06077000900,9,Census Tract 9,2976610,407564,Disadvantaged Community,Low,Urban,0,Yes,"Yes, eligible","No, ineligible",3384177.41118795,9643.33434218387
987,06,071,San Bernardino County,980100,06071980100,9801,Census Tract 9801,8028774,0,Disadvantaged Community,NA,Urban,,Yes,"No, ineligible","No, ineligible",8028779.66912079,14586.782540587
988,06,071,San Bernardino County,008001,06071008001,80.01,Census Tract 80.01,4890511,0,Disadvantaged Community,Middle,Urban,0,Yes,"Yes, eligible","No, ineligible",4890510.66343689,9680.43848799559
989,06,037,Los Angeles County,407501,06037407501,4075.01,Census Tract 4075.01,1132083,0,Disadvantaged Community,Low,Urban,0,Yes,"Yes, eligible","No, ineligible",1132085.33609009,5197.52429003712
1005,06,071,San Bernardino County,005300,06071005300,53,Census Tract 53,1734291,0,Disadvantaged Community,Low,Urban,0,Yes,"Yes, eligible","No, ineligible",1734289.88963318,6359.77894460643
1012,06,085,Santa Clara County,503214,06085503214,5032.14,Census Tract 5032.14,1804423,0,Disadvantaged Community,Low,Urban,23.6183278223902,Yes,"Yes, eligible","No, ineligible",1804420.59135246,5397.09194695262
1014,06,071,San Bernardino County,005400,06071005400,54,Census Tract 54,1810774,0,Disadvantaged Community,Low,Urban,0,Yes,"Yes, eligible","No, ineligible",1810776.78897095,6189.40515620579
1015,06,071,San Bernardino County,005500,06071005500,55,Census Tract 55,1762628,0,Disadvantaged Community,Low,Urban,0,Yes,"Yes, eligible","No, ineligible",1762630.17671967,6104.76699355314
1016,06,071,San Bernardino County,005600,06071005600,56,Census Tract 56,1833339,0,Disadvantaged Community,Low,Urban,0,Yes,"Yes, eligible","No, ineligible",1833341.1080246,6422.93378504632
1025,06,077,San Joaquin County,001000,06077001000,10,Census Tract 10,3411412,419168,Disadvantaged Community,Low,Urban,0,Yes,"Yes, eligible","No, ineligible",3830580.25271437,8934.2539787195
1036,06,077,San Joaquin County,001300,06077001300,13,Census Tract 13,2310525,0,Disadvantaged Community,Low,Urban,0,Yes,"Yes, eligible","No, ineligible",2310525.73827338,6152.54411012906
1037,06,077,San Joaquin County,001400,06077001400,14,Census Tract 14,1947692,143701,Disadvantaged Community,Low,Urban,0,Yes,"Yes, eligible","No, ineligible",2091394.27206607,5687.09785612297
1045,06,071,San Bernardino County,006201,06071006201,62.01,Census Tract 62.01,1578726,0,Disadvantaged Community,Low,Urban,0,Yes,"Yes, eligible","No, ineligible",1578723.27065277,5135.68364056172
1046,06,071,San Bernardino County,006301,06071006301,63.01,Census Tract 63.01,2636572,0,Disadvantaged Community,Low,Urban,104.87676979549,Yes,"Yes, eligible","No, ineligible",2636565.40283203,8649.10660133816
1047,06,071,San Bernardino County,006401,06071006401,64.01,Census Tract 64.01,2024261,0,Disadvantaged Community,Low,Urban,0,Yes,"Yes, eligible","No, ineligible",2024260.75401306,5748.97176627856
1048,06,071,San Bernardino County,006402,06071006402,64.02,Census Tract 64.02,1970757,0,Disadvantaged Community,Low,Urban,0,Yes,"Yes, eligible","No, ineligible",1970753.85373688,5662.77447933367
1062,06,071,San Bernardino County,006500,06071006500,65,Census Tract 65,3939276,0,Disadvantaged Community,Low,Urban,0,Yes,"Yes, eligible","No, ineligible",3939279.35955048,10316.0762774143
1063,06,071,San Bernardino County,006700,06071006700,67,Census Tract 67,1902344,0,Disadvantaged Community,Low,Urban,0,Yes,"Yes, eligible","No, ineligible",1902340.69845581,6356.74381201788
1064,06,071,San Bernardino County,007000,06071007000,70,Census Tract 70,2274028,0,Disadvantaged Community,Low,Urban,27.1444082519001,Yes,"Yes, eligible","No, ineligible",2274026.4834137,7308.12315986948
1067,06,071,San Bernardino County,007107,06071007107,71.07,Census Tract 71.07,2447146,28404,Disadvantaged Community,Low,Urban,26.9251480883145,Yes,"Yes, eligible","No, ineligible",2475547.72721863,10470.2318626535
1068,06,071,San Bernardino County,007108,06071007108,71.08,Census Tract 71.08,2292818,649249,Disadvantaged Community,Low,Urban,365.130077590142,Yes,"No, ineligible","No, ineligible",2942068.46998596,8690.95926117982
1069,06,071,San Bernardino County,007200,06071007200,72,Census Tract 72,9412659,0,Disadvantaged Community,Low,Urban,83.8363514419852,Yes,"Yes, eligible","No, ineligible",9412655.69486237,12956.7857163445
1070,06,077,San Joaquin County,001500,06077001500,15,Census Tract 15,4762836,20052,Disadvantaged Community,Low,Urban,0,Yes,"Yes, eligible","No, ineligible",4782894.3748377,8891.01521862742
1071,06,077,San Joaquin County,001600,06077001600,16,Census Tract 16,1489144,0,Disadvantaged Community,Low,Urban,0,Yes,"Yes, eligible","No, ineligible",1489144.51838207,5623.71771440695
1072,06,077,San Joaquin County,001700,06077001700,17,Census Tract 17,1685935,0,Disadvantaged Community,Low,Urban,0,Yes,"Yes, eligible","No, ineligible",1685934.18576601,5090.15866885455
1073,06,077,San Joaquin County,001900,06077001900,19,Census Tract 19,2883203,0,Disadvantaged Community,Low,Urban,0,Yes,"Yes, eligible","No, ineligible",2883203.77042085,6966.41200446071
1075,06,047,Merced County,001301,06047001301,13.01,Census Tract 13.01,2572612,0,Disadvantaged Community,Low,Urban,75.1314800901578,Yes,"Yes, eligible","No, ineligible",2572611.04799104,7552.72866527592
1076,06,047,Merced County,001302,06047001302,13.02,Census Tract 13.02,1624826,0,Disadvantaged Community,Low,Urban,417.681865645667,Yes,"No, ineligible","No, ineligible",1624831.41348553,5417.14899131491
1078,06,047,Merced County,001700,06047001700,17,Census Tract 17,3874855,0,Disadvantaged Community,Low,Urban,0,Yes,"Yes, eligible","No, ineligible",3874855.62912679,9900.19335858457
1080,06,047,Merced County,002201,06047002201,22.01,Census Tract 22.01,5336455,0,Disadvantaged Community,Low,Rural Center,0,Yes,"No, ineligible","Yes, rural center, eligible",5336457.90669537,11186.7105235225
1085,06,071,San Bernardino County,003506,06071003506,35.06,Census Tract 35.06,1633150,0,Disadvantaged Community,Middle,Urban,0,Yes,"Yes, eligible","No, ineligible",1633150.53569031,5658.12069148345
1111,06,037,Los Angeles County,310701,06037310701,3107.01,Census Tract 3107.01,515339,0,Disadvantaged Community,Low,Urban,1834.02109124255,Yes,"No, ineligible","No, ineligible",515337.053455353,3630.89490880957
1117,06,037,Los Angeles County,310702,06037310702,3107.02,Census Tract 3107.02,1052158,0,Disadvantaged Community,Low,Urban,548.195523069895,Yes,"No, ineligible","No, ineligible",1052159.68113708,4122.69519153245
1128,06,039,Madera County,000700,06039000700,7,Census Tract 7,8383447,0,Disadvantaged Community,Middle,Urban,51.7241379310345,Yes,"Yes, eligible","No, ineligible",8383446.37157786,14944.7403806252
1130,06,039,Madera County,000507,06039000507,5.07,Census Tract 5.07,160133618,1604257,Disadvantaged Community,Middle,Rural,0,Yes,"No, ineligible","Yes, rural, eligible",161737896.70287,74870.5948567666
1131,06,039,Madera County,000400,06039000400,4,Census Tract 4,641869065,3059211,Disadvantaged Community,Low,Rural,0,Yes,"No, ineligible","Yes, rural, eligible",644928316.863065,163102.307067248
1132,06,111,Ventura County,003900,06111003900,39,Census Tract 39,1705184,0,Disadvantaged Community,Low,Urban,0,Yes,"Yes, eligible","No, ineligible",1705184.15846062,6338.32033368934
1143,06,029,Kern County,000400,06029000400,4,Census Tract 4,3020182,139236,Disadvantaged Community,Low,Urban,0,Yes,"Yes, eligible","No, ineligible",3159411.63654137,11666.3246466935
1144,06,029,Kern County,000504,06029000504,5.04,Census Tract 5.04,3281613,0,Disadvantaged Community,Low,Urban,0,Yes,"Yes, eligible","No, ineligible",3281612.87586594,9676.33976158641
1146,06,029,Kern County,000507,06029000507,5.07,Census Tract 5.07,17063110,441154,Disadvantaged Community,Middle,Urban,0,Yes,"Yes, eligible","No, ineligible",17504257.2269955,18946.586559646
1151,06,013,Contra Costa County,314200,06013314200,3142,Census Tract 3142,5081652,4893337,Disadvantaged Community,Low,Urban,0,Yes,"Yes, eligible","No, ineligible",9974992.22537294,14236.8258416889
1158,06,013,Contra Costa County,320001,06013320001,3200.01,Census Tract 3200.01,15421645,1482175,Disadvantaged Community,Low,Urban,0,Yes,"Yes, eligible","No, ineligible",16903820.2904446,19444.0386218413
1163,06,029,Kern County,000600,06029000600,6,Census Tract 6,4335413,272345,Disadvantaged Community,Low,Urban,146.842878120411,Yes,"No, ineligible","No, ineligible",4607756.77690697,8850.10988611871
1179,06,071,San Bernardino County,008100,06071008100,81,Census Tract 81,1856743,0,Disadvantaged Community,Low,Urban,229.658792650919,Yes,"No, ineligible","No, ineligible",1856740.79853821,7497.41159253772
1180,06,053,Monterey County,014102,06053014102,141.02,Census Tract 141.02,11791937,79367,Disadvantaged Community,Low,Urban,764.930862018241,Yes,"No, ineligible","No, ineligible",11871305.3042889,24117.6819239251
1183,06,013,Contra Costa County,365002,06013365002,3650.02,Census Tract 3650.02,5851367,1286474,Disadvantaged Community,Low,Urban,0,Yes,"Yes, eligible","No, ineligible",7137844.55411673,12632.3736257099
1189,06,013,Contra Costa County,308001,06013308001,3080.01,Census Tract 3080.01,3675876,0,Disadvantaged Community,Low,Urban,0,Yes,"Yes, eligible","No, ineligible",3675874.53687456,9225.63919590639
1191,06,065,Riverside County,042624,06065042624,426.24,Census Tract 426.24,49930256,69554,Disadvantaged Community,High,Urban,0,Yes,"Yes, eligible","No, ineligible",49999811.6196671,38812.8320959794
1192,06,013,Contra Costa County,307202,06013307202,3072.02,Census Tract 3072.02,703925,0,Disadvantaged Community,Low,Urban,0,Yes,"Yes, eligible","No, ineligible",703925.223160263,3807.57712586899
1209,06,065,Riverside County,043813,06065043813,438.13,Census Tract 438.13,322947647,391903,Disadvantaged Community,Low,Rural,1282.57328990228,Yes,"No, ineligible","Yes, rural, eligible",323339581.812866,118665.393426326
1221,06,029,Kern County,003114,06029003114,31.14,Census Tract 31.14,3502441,0,Disadvantaged Community,Low,Urban,51.0529674537332,Yes,"Yes, eligible","No, ineligible",3502442.27021027,7652.7141223598
1222,06,029,Kern County,003115,06029003115,31.15,Census Tract 31.15,1663268,0,Disadvantaged Community,Low,Urban,0,Yes,"Yes, eligible","No, ineligible",1663264.42011833,5330.29732551663
1223,06,029,Kern County,003121,06029003121,31.21,Census Tract 31.21,2662984,0,Disadvantaged Community,Low,Urban,0,Yes,"Yes, eligible","No, ineligible",2662983.50966072,6527.87384731236
1224,06,029,Kern County,003122,06029003122,31.22,Census Tract 31.22,2663486,0,Disadvantaged Community,Low,Urban,0,Yes,"Yes, eligible","No, ineligible",2663486.26310921,6528.49737939564
1229,06,029,Kern County,001102,06029001102,11.02,Census Tract 11.02,2028696,0,Disadvantaged Community,Low,Urban,0,Yes,"Yes, eligible","No, ineligible",2028696.67928696,5858.48369430923
1230,06,029,Kern County,001103,06029001103,11.03,Census Tract 11.03,1242887,0,Disadvantaged Community,Low,Urban,0,Yes,"Yes, eligible","No, ineligible",1242889.4233532,4900.63496083175
1235,06,029,Kern County,001201,06029001201,12.01,Census Tract 12.01,1089725,0,Disadvantaged Community,Low,Urban,0,Yes,"Yes, eligible","No, ineligible",1089724.07859802,4365.92313046145
1236,06,029,Kern County,001202,06029001202,12.02,Census Tract 12.02,1485485,0,Disadvantaged Community,Low,Urban,0,Yes,"Yes, eligible","No, ineligible",1485485.28913879,6111.4387840836
1237,06,029,Kern County,001300,06029001300,13,Census Tract 13,1963270,0,Disadvantaged Community,Low,Urban,0,Yes,"Yes, eligible","No, ineligible",1963269.4000988,7088.59966685807
1238,06,029,Kern County,001400,06029001400,14,Census Tract 14,2350102,0,Disadvantaged Community,Low,Urban,0,Yes,"Yes, eligible","No, ineligible",2350106.05275536,7379.86476508751
1239,06,029,Kern County,001500,06029001500,15,Census Tract 15,2352332,0,Disadvantaged Community,Low,Urban,0,Yes,"Yes, eligible","No, ineligible",2352332.86483002,8168.27273896264
1240,06,095,Solano County,250801,06095250801,2508.01,Census Tract 2508.01,38613463,58633929,Disadvantaged Community,Low,Rural,967.351874244256,Yes,"No, ineligible","Yes, rural, eligible",97247426.0398761,45516.7427499772
1244,06,029,Kern County,001600,06029001600,16,Census Tract 16,3601895,0,Disadvantaged Community,Low,Urban,2999.49161159126,Yes,"No, ineligible","No, ineligible",3601896.43644333,9373.70224402754
1257,06,025,Imperial County,010102,06025010102,101.02,Census Tract 101.02,233852834,189009530,Disadvantaged Community,Low,Rural,0,Yes,"No, ineligible","Yes, rural, eligible",422862449.4505,98899.5832031507
1259,06,025,Imperial County,012001,06025012001,120.01,Census Tract 120.01,571989,0,Disadvantaged Community,Low,Rural Center,0,Yes,"No, ineligible","Yes, rural center, eligible",571989.912506104,3780.76826170564
1265,06,029,Kern County,002200,06029002200,22,Census Tract 22,1933623,0,Disadvantaged Community,Low,Urban,0,Yes,"Yes, eligible","No, ineligible",1933620.0119381,5947.25779199397
1280,06,029,Kern County,001700,06029001700,17,Census Tract 17,3615028,72364,Disadvantaged Community,Middle,Urban,26.7451190157796,Yes,"Yes, eligible","No, ineligible",3687393.13086891,8699.86267817382
1294,06,013,Contra Costa County,305000,06013305000,3050,Census Tract 3050,8167944,1624778,Disadvantaged Community,Low,Urban,121.932632220698,Yes,"No, ineligible","No, ineligible",9792717.85438932,18078.8463738336
1295,06,029,Kern County,001801,06029001801,18.01,Census Tract 18.01,2487330,0,Disadvantaged Community,Low,Urban,0,Yes,"Yes, eligible","No, ineligible",2487332.11816216,6235.76396750153
1297,06,029,Kern County,001901,06029001901,19.01,Census Tract 19.01,1728800,0,Disadvantaged Community,Low,Urban,243.44062753584,Yes,"No, ineligible","No, ineligible",1728793.61976433,5609.83518042795
1298,06,029,Kern County,001902,06029001902,19.02,Census Tract 19.02,1711057,0,Disadvantaged Community,Low,Urban,0,Yes,"Yes, eligible","No, ineligible",1711055.38154221,5548.93864263924
1299,06,029,Kern County,002100,06029002100,21,Census Tract 21,1437766,0,Disadvantaged Community,Low,Urban,0,Yes,"Yes, eligible","No, ineligible",1437764.78894806,5188.66468865756
1301,06,029,Kern County,002301,06029002301,23.01,Census Tract 23.01,6667736,0,Disadvantaged Community,Low,Urban,0,Yes,"Yes, eligible","No, ineligible",6667732.32089806,12604.8029558438
1302,06,029,Kern County,002302,06029002302,23.02,Census Tract 23.02,2390586,0,Disadvantaged Community,Low,Urban,0,Yes,"Yes, eligible","No, ineligible",2390586.72535706,6302.76724472299
1303,06,037,Los Angeles County,320100,06037320100,3201,Census Tract 3201,1900529,0,Disadvantaged Community,Low,Urban,0,Yes,"Yes, eligible","No, ineligible",1900529.8662529,6568.82940092758
1304,06,037,Los Angeles County,320300,06037320300,3203,Census Tract 3203,1714690,0,Disadvantaged Community,Low,Urban,311.850311850312,Yes,"No, ineligible","No, ineligible",1714690.57087708,5587.96240928582
1312,06,029,Kern County,003700,06029003700,37,Census Tract 37,480526586,3103613,Disadvantaged Community,Low,Rural,1200.58565153734,Yes,"No, ineligible","Yes, rural, eligible",483630193.706945,110466.735662748
1313,06,029,Kern County,006202,06029006202,62.02,Census Tract 62.02,377788343,755424,Disadvantaged Community,Low,Rural,35.5998576005696,Yes,"No, ineligible","Yes, rural, eligible",378543764.952393,127740.942225747
1314,06,029,Kern County,003103,06029003103,31.03,Census Tract 31.03,4842777,0,Disadvantaged Community,Low,Urban,0,Yes,"Yes, eligible","No, ineligible",4842781.43214035,9655.00012648084
1316,06,029,Kern County,002000,06029002000,20,Census Tract 20,2577507,0,Disadvantaged Community,Low,Urban,0,Yes,"Yes, eligible","No, ineligible",2577505.20665741,6455.90624053158
1317,06,029,Kern County,001101,06029001101,11.01,Census Tract 11.01,2814696,0,Disadvantaged Community,Low,Urban,0,Yes,"Yes, eligible","No, ineligible",2814694.09610748,6761.34541778931
1322,06,029,Kern County,002400,06029002400,24,Census Tract 24,39382464,0,Disadvantaged Community,Low,Urban,0,Yes,"Yes, eligible","No, ineligible",39382463.7343388,26909.8191007975
1323,06,029,Kern County,002500,06029002500,25,Census Tract 25,6210983,0,Disadvantaged Community,Low,Urban,0,Yes,"Yes, eligible","No, ineligible",6210981.43065834,13214.6479957874
1324,06,029,Kern County,002600,06029002600,26,Census Tract 26,2264911,0,Disadvantaged Community,Low,Urban,0,Yes,"Yes, eligible","No, ineligible",2264912.63285255,6071.01541667423
1325,06,029,Kern County,002700,06029002700,27,Census Tract 27,2544245,0,Disadvantaged Community,Low,Urban,0,Yes,"Yes, eligible","No, ineligible",2544246.88311768,6561.99866656971
1336,06,111,Ventura County,004704,06111004704,47.04,Census Tract 47.04,19592124,0,Disadvantaged Community,Low,Rural,0,Yes,"No, ineligible","Yes, rural, eligible",19592126.5071945,19713.0347821504
1338,06,029,Kern County,004500,06029004500,45,Census Tract 45,2336044847,8436622,Disadvantaged Community,Low,Rural,189.753320683112,Yes,"No, ineligible","Yes, rural, eligible",2344481576.86987,230679.497011686
1346,06,029,Kern County,003303,06029003303,33.03,Census Tract 33.03,239156600,16419,Disadvantaged Community,Low,Rural,0,Yes,"No, ineligible","Yes, rural, eligible",239173013.735154,103554.848290295
1347,06,029,Kern County,003000,06029003000,30,Census Tract 30,2662426,0,Disadvantaged Community,Low,Urban,0,Yes,"Yes, eligible","No, ineligible",2662421.03964996,6527.09734226076
1348,06,029,Kern County,003900,06029003900,39,Census Tract 39,219938820,0,Disadvantaged Community,Middle,Rural,407.539480387162,Yes,"No, ineligible","Yes, rural, eligible",219938809.585695,76226.7559570112
1361,06,029,Kern County,004000,06029004000,40,Census Tract 40,33286247,0,Disadvantaged Community,Low,Rural Center,0,Yes,"No, ineligible","Yes, rural center, eligible",33286245.9496784,35853.2025398329
1362,06,029,Kern County,004101,06029004101,41.01,Census Tract 41.01,3242864,0,Disadvantaged Community,Low,Rural Center,0,Yes,"No, ineligible","Yes, rural center, eligible",3242869.04068565,8218.32398280294
1365,06,037,Los Angeles County,301502,06037301502,3015.02,Census Tract 3015.02,667447,0,Disadvantaged Community,Low,Urban,0,Yes,"Yes, eligible","No, ineligible",667444.98361969,4600.33339533819
1366,06,037,Los Angeles County,301601,06037301601,3016.01,Census Tract 3016.01,2255954,1299,Disadvantaged Community,Low,Urban,163.612565445026,Yes,"No, ineligible","No, ineligible",2257248.52444839,7955.20073840479
1367,06,037,Los Angeles County,301701,06037301701,3017.01,Census Tract 3017.01,914081,17855,Disadvantaged Community,Low,Urban,0,Yes,"Yes, eligible","No, ineligible",931937.171783447,4724.71570666575
1368,06,037,Los Angeles County,301602,06037301602,3016.02,Census Tract 3016.02,986836,9554,Disadvantaged Community,Low,Urban,0,Yes,"Yes, eligible","No, ineligible",996387.06659317,4722.94593625494
1369,06,037,Los Angeles County,301702,06037301702,3017.02,Census Tract 3017.02,824880,0,Disadvantaged Community,Low,Urban,0,Yes,"Yes, eligible","No, ineligible",824880.715385437,3738.0691106141
1370,06,001,Alameda County,401400,06001401400,4014,Census Tract 4014,758241,0,Disadvantaged Community,Low,Urban,0,Yes,"Yes, eligible","No, ineligible",758243.237147093,4042.1514564778
1371,06,029,Kern County,004102,06029004102,41.02,Census Tract 41.02,1952873,0,Disadvantaged Community,Low,Rural Center,0,Yes,"No, ineligible","Yes, rural center, eligible",1952872.6570797,6480.73468955654
1372,06,029,Kern County,004200,06029004200,42,Census Tract 42,160644473,0,Disadvantaged Community,Low,Rural,0,Yes,"No, ineligible","Yes, rural, eligible",160644490.363,59082.8079595202
1373,06,029,Kern County,004301,06029004301,43.01,Census Tract 43.01,95855076,0,Disadvantaged Community,Low,Rural,0,Yes,"No, ineligible","Yes, rural, eligible",95855070.2782536,57823.7206910146
1374,06,037,Los Angeles County,301900,06037301900,3019,Census Tract 3019,1090391,7067,Disadvantaged Community,Low,Urban,292.96875,Yes,"No, ineligible","No, ineligible",1097457.75657272,5167.23862093006
1375,06,037,Los Angeles County,302002,06037302002,3020.02,Census Tract 3020.02,502792,0,Disadvantaged Community,Low,Urban,531.780197518359,Yes,"No, ineligible","No, ineligible",502787.926116943,2932.60335457926
1403,06,029,Kern County,003202,06029003202,32.02,Census Tract 32.02,20041931,0,Disadvantaged Community,Low,Urban,0,Yes,"Yes, eligible","No, ineligible",20041939.6467056,20224.584541697
1415,06,001,Alameda County,409000,06001409000,4090,Census Tract 4090,16927915,4382424,Disadvantaged Community,Low,Urban,1045.44484745039,Yes,"No, ineligible","No, ineligible",21310334.7833257,26490.7489874309
1416,06,029,Kern County,003400,06029003400,34,Census Tract 34,9297182,0,Disadvantaged Community,Low,Rural Center,0,Yes,"No, ineligible","Yes, rural center, eligible",9297182.42119598,12802.0170507412
1417,06,029,Kern County,003500,06029003500,35,Census Tract 35,6007078,0,Disadvantaged Community,Low,Rural Center,36.1794500723589,Yes,"No, ineligible","Yes, rural center, eligible",6007082.31745052,12939.0678090064
1431,06,001,Alameda County,401500,06001401500,4015,Census Tract 4015,467999,0,Disadvantaged Community,Low,Urban,0,Yes,"Yes, eligible","No, ineligible",468000.900275469,3009.20212466222
1433,06,029,Kern County,003304,06029003304,33.04,Census Tract 33.04,1600863615,6934593,Disadvantaged Community,Low,Rural,1072.06670637284,Yes,"No, ineligible","Yes, rural, eligible",1607798246.93258,259412.253755936
1436,06,029,Kern County,005103,06029005103,51.03,Census Tract 51.03,189484464,734142,Disadvantaged Community,Low,Rural,0,Yes,"No, ineligible","Yes, rural, eligible",190218622.200489,68355.0876997748
1439,06,029,Kern County,002813,06029002813,28.13,Census Tract 28.13,1602079,0,Disadvantaged Community,Low,Urban,0,Yes,"Yes, eligible","No, ineligible",1602082.39886284,5666.79101597045
1442,06,101,Sutter County,050101,06101050101,501.01,Census Tract 501.01,4393969,135681,Disadvantaged Community,Low,Urban,0,Yes,"Yes, eligible","No, ineligible",4529650.45429611,10739.3737203476
1443,06,029,Kern County,002814,06029002814,28.14,Census Tract 28.14,1437340,0,Disadvantaged Community,Low,Urban,0,Yes,"Yes, eligible","No, ineligible",1437339.06851196,5123.90619776707
1444,06,029,Kern County,002815,06029002815,28.15,Census Tract 28.15,1308340,0,Disadvantaged Community,Low,Urban,0,Yes,"Yes, eligible","No, ineligible",1308339.10186195,4968.67374363866
1445,06,029,Kern County,002816,06029002816,28.16,Census Tract 28.16,1658082,0,Disadvantaged Community,Low,Urban,0,Yes,"Yes, eligible","No, ineligible",1658080.88466072,6086.64292152698
1465,06,029,Kern County,000101,06029000101,1.01,Census Tract 1.01,20486945,0,Disadvantaged Community,Low,Urban,46.2534690101758,Yes,"Yes, eligible","No, ineligible",20486941.1114006,19761.171140171
1466,06,029,Kern County,000102,06029000102,1.02,Census Tract 1.02,1734856,0,Disadvantaged Community,Low,Urban,0,Yes,"Yes, eligible","No, ineligible",1734854.1619606,5898.75860472181
1472,06,001,Alameda County,401600,06001401600,4016,Census Tract 4016,636068,0,Disadvantaged Community,Low,Urban,0,Yes,"Yes, eligible","No, ineligible",636069.600774765,3630.41905209617
1473,06,001,Alameda County,402400,06001402400,4024,Census Tract 4024,337079,0,Disadvantaged Community,Low,Urban,0,Yes,"Yes, eligible","No, ineligible",337076.852163553,2393.45532387005
1478,06,037,Los Angeles County,310703,06037310703,3107.03,Census Tract 3107.03,1008777,0,Disadvantaged Community,Low,Urban,250.365115793866,Yes,"No, ineligible","No, ineligible",1008775.8912468,4912.96006514482
1480,06,001,Alameda County,402200,06001402200,4022,Census Tract 4022,712081,0,Disadvantaged Community,Low,Urban,0,Yes,"Yes, eligible","No, ineligible",712077.582727909,5445.23008646953
1490,06,001,Alameda County,402500,06001402500,4025,Census Tract 4025,365454,0,Disadvantaged Community,Low,Urban,0,Yes,"Yes, eligible","No, ineligible",365454.031417131,2532.50495538762
1491,06,001,Alameda County,402600,06001402600,4026,Census Tract 4026,318842,0,Disadvantaged Community,Low,Urban,0,Yes,"Yes, eligible","No, ineligible",318845.130063534,2356.95159547967
1492,06,001,Alameda County,402700,06001402700,4027,Census Tract 4027,398820,0,Disadvantaged Community,Low,Urban,0,Yes,"Yes, eligible","No, ineligible",398819.204763889,2599.26974850222
1493,06,001,Alameda County,402800,06001402800,4028,Census Tract 4028,398312,0,Disadvantaged Community,Low,Urban,312.5,Yes,"No, ineligible","No, ineligible",398311.151762247,2700.0927946941
1494,06,001,Alameda County,403000,06001403000,4030,Census Tract 4030,352394,0,Disadvantaged Community,Low,Urban,275.387263339071,Yes,"No, ineligible","No, ineligible",352395.78551054,2437.11474874983
1495,06,037,Los Angeles County,237900,06037237900,2379,Census Tract 2379,979778,0,Disadvantaged Community,Low,Urban,0,Yes,"Yes, eligible","No, ineligible",979778.720306396,4043.067713219
1497,06,037,Los Angeles County,533106,06037533106,5331.06,Census Tract 5331.06,299590,0,Disadvantaged Community,Low,Urban,0,Yes,"Yes, eligible","No, ineligible",299589.493133545,2444.11426923315
1498,06,037,Los Angeles County,228600,06037228600,2286,Census Tract 2286,526963,0,Disadvantaged Community,Low,Urban,56.5930956423316,Yes,"Yes, eligible","No, ineligible",526963.647628784,2923.30007959152
1499,06,037,Los Angeles County,222600,06037222600,2226,Census Tract 2226,651938,0,Disadvantaged Community,Low,Urban,54.0637952784286,Yes,"Yes, eligible","No, ineligible",651938.098922729,3226.49522173185
1500,06,037,Los Angeles County,407101,06037407101,4071.01,Census Tract 4071.01,1135256,0,Disadvantaged Community,Low,Urban,0,Yes,"Yes, eligible","No, ineligible",1135257.33792114,4645.2293355278
1502,06,037,Los Angeles County,208904,06037208904,2089.04,Census Tract 2089.04,112105,0,Disadvantaged Community,Low,Urban,0,Yes,"Yes, eligible","No, ineligible",112104.420875549,1391.32229518608
1515,06,001,Alameda County,403300,06001403300,4033,Census Tract 4033,917192,96764,Disadvantaged Community,Low,Urban,0,Yes,"Yes, eligible","No, ineligible",1013958.65650368,4396.8734244109
1521,06,037,Los Angeles County,302202,06037302202,3022.02,Census Tract 3022.02,511545,0,Disadvantaged Community,Low,Urban,0,Yes,"Yes, eligible","No, ineligible",511544.640892029,3339.07486358829
1526,06,037,Los Angeles County,122410,06037122410,1224.10,Census Tract 1224.10,706999,0,Disadvantaged Community,Low,Urban,28.9268151576511,Yes,"Yes, eligible","No, ineligible",706999.302806854,3388.76253988414
1528,06,037,Los Angeles County,115302,06037115302,1153.02,Census Tract 1153.02,832983,4830,Disadvantaged Community,Low,Urban,0,Yes,"Yes, eligible","No, ineligible",837815.523979187,3829.27182832873
1531,06,037,Los Angeles County,910501,06037910501,9105.01,Census Tract 9105.01,1497216,0,Disadvantaged Community,Low,Urban,57.4932924492143,Yes,"Yes, eligible","No, ineligible",1497214.84914017,5103.74024846461
1537,06,037,Los Angeles County,576402,06037576402,5764.02,Census Tract 5764.02,324449,0,Disadvantaged Community,Low,Urban,0,Yes,"Yes, eligible","No, ineligible",324447.776878357,2416.89849937223
1538,06,037,Los Angeles County,543903,06037543903,5439.03,Census Tract 5439.03,1341570,14935,Disadvantaged Community,Low,Urban,80.2139037433155,Yes,"Yes, eligible","No, ineligible",1356508.24800873,6566.59761541146
1555,06,099,Stanislaus County,002402,06099002402,24.02,Census Tract 24.02,1984277,0,Disadvantaged Community,Low,Urban,0,Yes,"Yes, eligible","No, ineligible",1984273.80618429,9178.31440440473
1557,06,037,Los Angeles County,241300,06037241300,2413,Census Tract 2413,522126,0,Disadvantaged Community,Low,Urban,0,Yes,"Yes, eligible","No, ineligible",522127.496742249,3035.02456871029
1558,06,037,Los Angeles County,228410,06037228410,2284.10,Census Tract 2284.10,277715,0,Disadvantaged Community,Low,Urban,0,Yes,"Yes, eligible","No, ineligible",277713.766662598,2166.25083869752
1559,06,037,Los Angeles County,531800,06037531800,5318,Census Tract 5318,617879,0,Disadvantaged Community,Low,Urban,0,Yes,"Yes, eligible","No, ineligible",617879.395988464,3984.59160877722
1562,06,037,Los Angeles County,204200,06037204200,2042,Census Tract 2042,301203,0,Disadvantaged Community,Low,Urban,0,Yes,"Yes, eligible","No, ineligible",301202.539115906,2323.71788909062
1563,06,037,Los Angeles County,206200,06037206200,2062,Census Tract 2062,578740,0,Disadvantaged Community,Low,Urban,199.950012496876,Yes,"No, ineligible","No, ineligible",578739.19683075,3559.36619871249
1564,06,037,Los Angeles County,209820,06037209820,2098.20,Census Tract 2098.20,179107,0,Disadvantaged Community,Low,Urban,0,Yes,"Yes, eligible","No, ineligible",179106.608123779,1734.47958757062
1567,06,037,Los Angeles County,211420,06037211420,2114.20,Census Tract 2114.20,381075,0,Disadvantaged Community,Low,Urban,27.9876854184159,Yes,"Yes, eligible","No, ineligible",381074.584114075,2558.43636483301
1568,06,037,Los Angeles County,191810,06037191810,1918.10,Census Tract 1918.10,404246,0,Disadvantaged Community,Low,Urban,59.4000594000594,Yes,"Yes, eligible","No, ineligible",404247.272434235,2814.61344101513
1570,06,037,Los Angeles County,192620,06037192620,1926.20,Census Tract 1926.20,243560,0,Disadvantaged Community,Low,Urban,0,Yes,"Yes, eligible","No, ineligible",243559.177745819,2215.52391955424
1571,06,037,Los Angeles County,404501,06037404501,4045.01,Census Tract 4045.01,805206,0,Disadvantaged Community,Low,Urban,0,Yes,"Yes, eligible","No, ineligible",805206.590461731,4289.43281060305
1615,06,037,Los Angeles County,127910,06037127910,1279.10,Census Tract 1279.10,649792,0,Disadvantaged Community,Low,Urban,0,Yes,"Yes, eligible","No, ineligible",649791.200180054,3225.00841807517
1616,06,037,Los Angeles County,123205,06037123205,1232.05,Census Tract 1232.05,757734,0,Disadvantaged Community,Low,Urban,80.2568218298555,Yes,"Yes, eligible","No, ineligible",757735.55437851,3515.30980332749
1618,06,037,Los Angeles County,910402,06037910402,9104.02,Census Tract 9104.02,1144854,0,Disadvantaged Community,Low,Urban,0,Yes,"Yes, eligible","No, ineligible",1144853.33717346,4406.75164647283
1619,06,037,Los Angeles County,575101,06037575101,5751.01,Census Tract 5751.01,421540,0,Disadvantaged Community,Low,Urban,0,Yes,"Yes, eligible","No, ineligible",421538.130859375,3119.01351218533
1621,06,037,Los Angeles County,293201,06037293201,2932.01,Census Tract 2932.01,1066349,4455,Disadvantaged Community,Low,Urban,31.8015582763555,Yes,"Yes, eligible","No, ineligible",1070803.37773895,4267.47671478071
1625,06,037,Los Angeles County,310800,06037310800,3108,Census Tract 3108,2136454,8521,Disadvantaged Community,Low,Urban,846.819721490403,Yes,"No, ineligible","No, ineligible",2144969.76828384,7174.48016354216
1627,06,037,Los Angeles County,311802,06037311802,3118.02,Census Tract 3118.02,811569,12346,Disadvantaged Community,Low,Urban,98.3284169124877,Yes,"Yes, eligible","No, ineligible",823917.128364563,3804.91688907871
1628,06,037,Los Angeles County,320000,06037320000,3200,Census Tract 3200,1206691,37204,Disadvantaged Community,NA,Urban,,Yes,"No, ineligible","No, ineligible",1243893.28320312,5269.29012958066
1639,06,001,Alameda County,440301,06001440301,4403.01,Census Tract 4403.01,4286107,0,Disadvantaged Community,Middle,Urban,0,Yes,"Yes, eligible","No, ineligible",4286105.57245445,11867.0111247574
1642,06,001,Alameda County,422000,06001422000,4220,Census Tract 4220,4498259,5864363,Disadvantaged Community,Middle,Urban,1020.40816326531,Yes,"No, ineligible","No, ineligible",10362620.4827235,15044.1414847157
1669,06,001,Alameda County,400900,06001400900,4009,Census Tract 4009,420877,0,Disadvantaged Community,Low,Urban,0,Yes,"Yes, eligible","No, ineligible",420875.671087027,2848.55456019406
1714,06,001,Alameda County,406000,06001406000,4060,Census Tract 4060,2112633,467979,Disadvantaged Community,Low,Urban,52.6870389884089,Yes,"Yes, eligible","No, ineligible",2580613.2664156,10121.6244651246
1724,06,001,Alameda County,407500,06001407500,4075,Census Tract 4075,494511,0,Disadvantaged Community,Low,Urban,93.0448941614329,Yes,"Yes, eligible","No, ineligible",494510.314777374,3170.71910437612
1733,06,001,Alameda County,401800,06001401800,4018,Census Tract 4018,298634,0,Disadvantaged Community,Low,Urban,0,Yes,"Yes, eligible","No, ineligible",298631.802461624,2278.41502493535
1761,06,073,San Diego County,014300,06073014300,143,Census Tract 143,1154691,0,Disadvantaged Community,Low,Urban,0,Yes,"Yes, eligible","No, ineligible",1154691.59477234,6032.73169989413
1771,06,037,Los Angeles County,533403,06037533403,5334.03,Census Tract 5334.03,473271,0,Disadvantaged Community,Low,Urban,0,Yes,"Yes, eligible","No, ineligible",473268.655273438,3786.31761724187
1774,06,001,Alameda County,401000,06001401000,4010,Census Tract 4010,1147049,0,Disadvantaged Community,Low,Urban,0,Yes,"Yes, eligible","No, ineligible",1147049.92224836,4653.47383160987
1789,06,073,San Diego County,005000,06073005000,50,Census Tract 50,1459894,0,Disadvantaged Community,Low,Urban,227.790432801822,Yes,"No, ineligible","No, ineligible",1459889.15284729,8701.71158362876
1822,06,073,San Diego County,002402,06073002402,24.02,Census Tract 24.02,502869,0,Disadvantaged Community,Low,Urban,0,Yes,"Yes, eligible","No, ineligible",502869.077850342,3003.47772518896
1823,06,073,San Diego County,002501,06073002501,25.01,Census Tract 25.01,1256394,0,Disadvantaged Community,Low,Urban,0,Yes,"Yes, eligible","No, ineligible",1256390.18069458,5376.61723335581
1837,06,001,Alameda County,401300,06001401300,4013,Census Tract 4013,858458,0,Disadvantaged Community,Low,Urban,816.118337158888,Yes,"No, ineligible","No, ineligible",858461.750885963,4101.3538968759
1838,06,037,Los Angeles County,134305,06037134305,1343.05,Census Tract 1343.05,357583,0,Disadvantaged Community,Low,Urban,0,Yes,"Yes, eligible","No, ineligible",357584.288669586,2468.09229752013
1845,06,037,Los Angeles County,575102,06037575102,5751.02,Census Tract 5751.02,405960,0,Disadvantaged Community,Low,Urban,0,Yes,"Yes, eligible","No, ineligible",405959.395881653,2821.97328875154
1846,06,037,Los Angeles County,572400,06037572400,5724,Census Tract 5724,466515,6814,Disadvantaged Community,Middle,Urban,0,Yes,"Yes, eligible","No, ineligible",473329.958961487,3336.23177948436
1847,06,037,Los Angeles County,543201,06037543201,5432.01,Census Tract 5432.01,1006563,3872,Disadvantaged Community,Low,Urban,0,Yes,"Yes, eligible","No, ineligible",1010433.84031677,4073.23822447767
1848,06,037,Los Angeles County,553602,06037553602,5536.02,Census Tract 5536.02,603490,0,Disadvantaged Community,Low,Urban,0,Yes,"Yes, eligible","No, ineligible",603491.046401978,3367.34261653633
1867,06,037,Los Angeles County,535604,06037535604,5356.04,Census Tract 5356.04,442234,0,Disadvantaged Community,Low,Urban,0,Yes,"Yes, eligible","No, ineligible",442235.335166931,2969.29441189167
1868,06,037,Los Angeles County,532900,06037532900,5329,Census Tract 5329,767183,0,Disadvantaged Community,Low,Urban,0,Yes,"Yes, eligible","No, ineligible",767183.77633667,3635.61588268462
1869,06,037,Los Angeles County,433503,06037433503,4335.03,Census Tract 4335.03,793210,0,Disadvantaged Community,Low,Urban,0,Yes,"Yes, eligible","No, ineligible",793210.323707581,4057.3257713916
1873,06,037,Los Angeles County,576302,06037576302,5763.02,Census Tract 5763.02,323710,0,Disadvantaged Community,Low,Urban,49.055678194751,Yes,"Yes, eligible","No, ineligible",323704.947113037,2413.57334978005
1875,06,037,Los Angeles County,910002,06037910002,9100.02,Census Tract 9100.02,72477617,233719,Disadvantaged Community,Low,Rural,0,Yes,"No, ineligible","Yes, rural, eligible",72711333.1544571,41435.8356582582
1884,06,073,San Diego County,014400,06073014400,144,Census Tract 144,1699738,0,Disadvantaged Community,Low,Urban,113.327289211242,Yes,"No, ineligible","No, ineligible",1699742.50219727,10697.504394147
1976,06,037,Los Angeles County,123420,06037123420,1234.20,Census Tract 1234.20,778597,8126,Disadvantaged Community,Low,Urban,22.6860254083485,Yes,"Yes, eligible","No, ineligible",786721.964374542,4489.28179171155
1977,06,037,Los Angeles County,134101,06037134101,1341.01,Census Tract 1341.01,1065777,0,Disadvantaged Community,Low,Urban,0,Yes,"Yes, eligible","No, ineligible",1065778.76176834,4257.23249082709
2007,06,115,Yuba County,040100,06115040100,401,Census Tract 401,8016511,362225,Disadvantaged Community,Low,Urban,524.109014675052,Yes,"No, ineligible","No, ineligible",8378740.45307064,15292.8392916789
2014,06,115,Yuba County,040400,06115040400,404,Census Tract 404,18222382,361813,Disadvantaged Community,Low,Urban,0,Yes,"Yes, eligible","No, ineligible",18584194.6535044,21385.1151451415
2020,06,073,San Diego County,002202,06073002202,22.02,Census Tract 22.02,486881,0,Disadvantaged Community,Low,Urban,91.2908526565638,Yes,"Yes, eligible","No, ineligible",486884.791183472,2817.29020551167
2047,06,071,San Bernardino County,000821,06071000821,8.21,Census Tract 8.21,2504147,0,Disadvantaged Community,Middle,Urban,0,Yes,"Yes, eligible","No, ineligible",2504146.59011078,7075.82639093156
2049,06,037,Los Angeles County,540502,06037540502,5405.02,Census Tract 5405.02,599141,0,Disadvantaged Community,Low,Urban,0,Yes,"Yes, eligible","No, ineligible",599141.018188477,3387.92388948909
2050,06,037,Los Angeles County,242600,06037242600,2426,Census Tract 2426,475994,0,Disadvantaged Community,Low,Urban,0,Yes,"Yes, eligible","No, ineligible",475993.788734436,2789.80811682265
2077,06,073,San Diego County,003001,06073003001,30.01,Census Tract 30.01,2377835,0,Disadvantaged Community,Low,Urban,0,Yes,"Yes, eligible","No, ineligible",2377835.2199707,6736.1353094723
2080,06,037,Los Angeles County,270100,06037270100,2701,Census Tract 2701,571964,0,Disadvantaged Community,Low,Urban,1213.70775821038,Yes,"No, ineligible","No, ineligible",571963.360954285,4074.05082225953
2098,06,037,Los Angeles County,408800,06037408800,4088,Census Tract 4088,1791719,0,Disadvantaged Community,Low,Urban,22.7946204695692,Yes,"Yes, eligible","No, ineligible",1791722.55155182,6137.6265227527
2111,06,037,Los Angeles County,433601,06037433601,4336.01,Census Tract 4336.01,1122988,0,Disadvantaged Community,Low,Urban,0,Yes,"Yes, eligible","No, ineligible",1122986.8786087,4465.40513020381
2112,06,037,Los Angeles County,433700,06037433700,4337,Census Tract 4337,3130373,69479,Disadvantaged Community,Low,Urban,54.2888165038002,Yes,"Yes, eligible","No, ineligible",3199845.39359283,7951.70998808178
2113,06,037,Los Angeles County,433801,06037433801,4338.01,Census Tract 4338.01,1571269,0,Disadvantaged Community,Low,Urban,117.765814266487,Yes,"No, ineligible","No, ineligible",1571268.11817169,5082.10218618799
2114,06,037,Los Angeles County,433802,06037433802,4338.02,Census Tract 4338.02,5875897,678815,Disadvantaged Community,Low,Urban,297.441998810232,Yes,"No, ineligible","No, ineligible",6554711.70381165,13449.6177899405
2121,06,019,Fresno County,007500,06019007500,75,Census Tract 75,90886080,0,Disadvantaged Community,Low,Rural,0,Yes,"No, ineligible","Yes, rural, eligible",90886077.8853146,38664.5057113936
2138,06,037,Los Angeles County,430101,06037430101,4301.01,Census Tract 4301.01,1987789,0,Disadvantaged Community,Low,Urban,185.804533630621,Yes,"No, ineligible","No, ineligible",1987788.2780304,6122.45413967279
2140,06,037,Los Angeles County,433902,06037433902,4339.02,Census Tract 4339.02,731189,0,Disadvantaged Community,Low,Urban,0,Yes,"Yes, eligible","No, ineligible",731188.797859192,3689.56528602272
2141,06,037,Los Angeles County,434001,06037434001,4340.01,Census Tract 4340.01,1105056,0,Disadvantaged Community,Low,Urban,45.3514739229025,Yes,"Yes, eligible","No, ineligible",1105056.41973877,5010.07185823678
2161,06,101,Sutter County,050102,06101050102,501.02,Census Tract 501.02,2066767,0,Disadvantaged Community,Low,Urban,158.071527366133,Yes,"No, ineligible","No, ineligible",2066763.89710236,6413.53338026013
2163,06,101,Sutter County,050201,06101050201,502.01,Census Tract 502.01,1631577,0,Disadvantaged Community,Low,Urban,0,Yes,"Yes, eligible","No, ineligible",1631581.32120705,5395.88778147018
2171,06,071,San Bernardino County,001702,06071001702,17.02,Census Tract 17.02,2499443,0,Disadvantaged Community,Middle,Urban,0,Yes,"Yes, eligible","No, ineligible",2499445.4134903,7058.67431622809
2173,06,037,Los Angeles County,277200,06037277200,2772,Census Tract 2772,1041832,0,Disadvantaged Community,Low,Urban,2914.3897996357,Yes,"No, ineligible","No, ineligible",1041830.42281342,4614.22345900572
2175,06,071,San Bernardino County,003000,06071003000,30,Census Tract 30,1293034,0,Disadvantaged Community,Low,Urban,553.165334972342,Yes,"No, ineligible","No, ineligible",1293036.27494049,4828.36208237007
2181,06,071,San Bernardino County,004604,06071004604,46.04,Census Tract 46.04,2447196,0,Disadvantaged Community,Low,Urban,0,Yes,"Yes, eligible","No, ineligible",2447189.79347229,8061.08310655524
2188,06,101,Sutter County,050202,06101050202,502.02,Census Tract 502.02,2186216,136549,Disadvantaged Community,Low,Urban,0,Yes,"Yes, eligible","No, ineligible",2322762.96805191,7650.65066175908
2191,06,101,Sutter County,050302,06101050302,503.02,Census Tract 503.02,2887379,62808,Disadvantaged Community,Low,Urban,0,Yes,"Yes, eligible","No, ineligible",2950190.21171474,9349.80632901327
2195,06,099,Stanislaus County,000510,06099000510,5.10,Census Tract 5.10,7263614,7060,Disadvantaged Community,Middle,Urban,0,Yes,"Yes, eligible","No, ineligible",7270674.08849812,11921.8288337118
2196,06,099,Stanislaus County,002504,06099002504,25.04,Census Tract 25.04,2407589,0,Disadvantaged Community,Middle,Urban,0,Yes,"Yes, eligible","No, ineligible",2407589.30165553,8291.13498031396
2197,06,099,Stanislaus County,002503,06099002503,25.03,Census Tract 25.03,1609890,0,Disadvantaged Community,Low,Urban,0,Yes,"Yes, eligible","No, ineligible",1609891.4902401,5568.84781355686
2198,06,099,Stanislaus County,002006,06099002006,20.06,Census Tract 20.06,1172369,0,Disadvantaged Community,Middle,Urban,0,Yes,"Yes, eligible","No, ineligible",1172370.16102767,4637.53816787947
2199,06,099,Stanislaus County,002005,06099002005,20.05,Census Tract 20.05,952376,0,Disadvantaged Community,Low,Urban,0,Yes,"Yes, eligible","No, ineligible",952378.575195789,3990.31769047217
2200,06,099,Stanislaus County,003805,06099003805,38.05,Census Tract 38.05,2164569,0,Disadvantaged Community,Middle,Urban,742.414460942544,Yes,"No, ineligible","No, ineligible",2164570.47735977,8349.42601569754
2201,06,099,Stanislaus County,004000,06099004000,40,Census Tract 40,155917738,1765115,Disadvantaged Community,Middle,Rural,0,Yes,"No, ineligible","Yes, rural, eligible",157682860.592466,82735.6148796347
2205,06,113,Yolo County,010102,06113010102,101.02,Census Tract 101.02,64205686,2985430,Disadvantaged Community,Low,Urban,64.6914219174538,Yes,"Yes, eligible","No, ineligible",67191132.4199467,72135.9767805911
2212,06,025,Imperial County,011202,06025011202,112.02,Census Tract 112.02,1654419,0,Disadvantaged Community,Low,Rural Center,0,Yes,"No, ineligible","Yes, rural center, eligible",1654418.16949463,5678.42429163658
2213,06,037,Los Angeles County,291110,06037291110,2911.10,Census Tract 2911.10,711350,0,Disadvantaged Community,Low,Urban,0,Yes,"Yes, eligible","No, ineligible",711350.514160156,3535.25571274651
2214,06,037,Los Angeles County,291130,06037291130,2911.30,Census Tract 2911.30,1291463,0,Disadvantaged Community,Low,Urban,0,Yes,"Yes, eligible","No, ineligible",1291464.12156677,4828.14795745872
2215,06,037,Los Angeles County,291210,06037291210,2912.10,Census Tract 2912.10,1242661,0,Disadvantaged Community,Low,Urban,86.6851595006935,Yes,"Yes, eligible","No, ineligible",1242658.44326782,4783.52499933824
2216,06,037,Los Angeles County,291220,06037291220,2912.20,Census Tract 2912.20,818694,0,Disadvantaged Community,Low,Urban,0,Yes,"Yes, eligible","No, ineligible",818693.839653015,3756.43110277669
2217,06,037,Los Angeles County,291300,06037291300,2913,Census Tract 2913,2353750,45836,Disadvantaged Community,Low,Urban,131.708923279552,Yes,"No, ineligible","No, ineligible",2399587.38302612,9585.38435896082
2218,06,037,Los Angeles County,292000,06037292000,2920,Census Tract 2920,4000997,1856,Disadvantaged Community,Low,Urban,258.870108116339,Yes,"No, ineligible","No, ineligible",4002853.92665863,9762.56439649671
2219,06,037,Los Angeles County,293202,06037293202,2932.02,Census Tract 2932.02,1052402,0,Disadvantaged Community,Low,Urban,29.673590504451,Yes,"Yes, eligible","No, ineligible",1052402.33088684,4362.72440764069
2223,06,037,Los Angeles County,402101,06037402101,4021.01,Census Tract 4021.01,1189547,0,Disadvantaged Community,Low,Urban,0,Yes,"Yes, eligible","No, ineligible",1189548.74699402,5384.22977142474
2232,06,025,Imperial County,010400,06025010400,104,Census Tract 104,6172308,0,Disadvantaged Community,Low,Rural Center,0,Yes,"No, ineligible","Yes, rural center, eligible",6172304.40284729,10266.6282872308
2233,06,025,Imperial County,010500,06025010500,105,Census Tract 105,3629627,0,Disadvantaged Community,Low,Rural Center,26.9505457485514,Yes,"No, ineligible","Yes, rural center, eligible",3629627.49554443,8622.19945431974
2234,06,025,Imperial County,010700,06025010700,107,Census Tract 107,5649153,0,Disadvantaged Community,Low,Rural Center,0,Yes,"No, ineligible","Yes, rural center, eligible",5649155.70753479,9866.65740014627
2235,06,025,Imperial County,011400,06025011400,114,Census Tract 114,3966379,21575,Disadvantaged Community,Low,Rural Center,0,Yes,"No, ineligible","Yes, rural center, eligible",3987948.97174072,8602.35958700565
2242,06,071,San Bernardino County,001803,06071001803,18.03,Census Tract 18.03,9198150,0,Disadvantaged Community,Low,Urban,827.459393196445,Yes,"No, ineligible","No, ineligible",9198149.61242676,12534.1359446858
2243,06,037,Los Angeles County,293302,06037293302,2933.02,Census Tract 2933.02,1119337,0,Disadvantaged Community,Low,Urban,59.0318772136954,Yes,"Yes, eligible","No, ineligible",1119335.61717224,4677.75865108821
2244,06,037,Los Angeles County,293304,06037293304,2933.04,Census Tract 2933.04,569496,0,Disadvantaged Community,Low,Urban,0,Yes,"Yes, eligible","No, ineligible",569495.33000946,3027.13937693064
2245,06,037,Los Angeles County,294110,06037294110,2941.10,Census Tract 2941.10,989187,0,Disadvantaged Community,Low,Urban,72.6568176313877,Yes,"Yes, eligible","No, ineligible",989190.156967163,5080.79934610681
2246,06,037,Los Angeles County,294120,06037294120,2941.20,Census Tract 2941.20,1560996,0,Disadvantaged Community,Low,Urban,0,Yes,"Yes, eligible","No, ineligible",1560993.16659546,5216.00626322119
2247,06,037,Los Angeles County,294200,06037294200,2942,Census Tract 2942,953769,0,Disadvantaged Community,Low,Urban,0,Yes,"Yes, eligible","No, ineligible",953770.448547363,3930.94248982745
2248,06,037,Los Angeles County,294410,06037294410,2944.10,Census Tract 2944.10,833787,0,Disadvantaged Community,Low,Urban,0,Yes,"Yes, eligible","No, ineligible",833787.938514709,3839.579112691
2256,06,047,Merced County,000201,06047000201,2.01,Census Tract 2.01,119601606,140810,Disadvantaged Community,Middle,Rural,0,Yes,"No, ineligible","Yes, rural, eligible",119742425.522336,52230.9888167871
2257,06,047,Merced County,000401,06047000401,4.01,Census Tract 4.01,78310800,1252046,Disadvantaged Community,Low,Rural,0,Yes,"No, ineligible","Yes, rural, eligible",79562843.403358,59565.0461946226
2259,06,047,Merced County,002401,06047002401,24.01,Census Tract 24.01,231166553,694675,Disadvantaged Community,Low,Rural,0,Yes,"No, ineligible","Yes, rural, eligible",231861230.548235,85519.2095984667
2260,06,047,Merced County,002100,06047002100,21,Census Tract 21,1422390806,74674719,Disadvantaged Community,Low,Rural,1012.71785209609,Yes,"No, ineligible","Yes, rural, eligible",1497065649.4598,227856.223049544
2262,06,019,Fresno County,006700,06019006700,67,Census Tract 67,5705912,326522,Disadvantaged Community,Low,Rural Center,0,Yes,"No, ineligible","Yes, rural center, eligible",6032436.0369668,13890.7379265019
2269,06,037,Los Angeles County,402102,06037402102,4021.02,Census Tract 4021.02,2285870,12302,Disadvantaged Community,Low,Urban,0,Yes,"Yes, eligible","No, ineligible",2298173.71001434,6347.23335144632
2270,06,037,Los Angeles County,402301,06037402301,4023.01,Census Tract 4023.01,1331436,0,Disadvantaged Community,Low,Urban,0,Yes,"Yes, eligible","No, ineligible",1331435.93081665,5125.35761516325
2275,06,037,Los Angeles County,294620,06037294620,2946.20,Census Tract 2946.20,841598,0,Disadvantaged Community,Low,Urban,0,Yes,"Yes, eligible","No, ineligible",841597.120941162,3866.36398182136
2276,06,037,Los Angeles County,294510,06037294510,2945.10,Census Tract 2945.10,518230,0,Disadvantaged Community,Low,Urban,19.6772924045651,Yes,"Yes, eligible","No, ineligible",518229.346595764,2999.42200024873
2277,06,037,Los Angeles County,294820,06037294820,2948.20,Census Tract 2948.20,383486,0,Disadvantaged Community,Low,Urban,259.141952202707,Yes,"No, ineligible","No, ineligible",383488.216125488,2500.51745741609
2278,06,037,Los Angeles County,294900,06037294900,2949,Census Tract 2949,644544,0,Disadvantaged Community,Low,Urban,0,Yes,"Yes, eligible","No, ineligible",644545.329223633,4152.09253847101
2279,06,037,Los Angeles County,296210,06037296210,2962.10,Census Tract 2962.10,559515,0,Disadvantaged Community,Low,Urban,0,Yes,"Yes, eligible","No, ineligible",559515.95463562,2926.65068116031
2281,06,037,Los Angeles County,294610,06037294610,2946.10,Census Tract 2946.10,823807,0,Disadvantaged Community,Low,Urban,23.0733733271804,Yes,"Yes, eligible","No, ineligible",823807.397392273,3643.29416163993
2290,06,071,San Bernardino County,001400,06071001400,14,Census Tract 14,1145810,0,Disadvantaged Community,Low,Urban,908.138316451275,Yes,"No, ineligible","No, ineligible",1145813.52407074,4347.28706251082
2292,06,065,Riverside County,042405,06065042405,424.05,Census Tract 424.05,1011050,0,Disadvantaged Community,Low,Urban,0,Yes,"Yes, eligible","No, ineligible",1011049.09447479,4513.10618452547
2315,06,037,Los Angeles County,231800,06037231800,2318,Census Tract 2318,520258,0,Disadvantaged Community,Low,Urban,0,Yes,"Yes, eligible","No, ineligible",520257.33013916,2905.69101834513
2316,06,037,Los Angeles County,231900,06037231900,2319,Census Tract 2319,568841,0,Disadvantaged Community,Low,Urban,16.2284972411555,Yes,"Yes, eligible","No, ineligible",568843.932655334,3074.64648766432
2317,06,037,Los Angeles County,232110,06037232110,2321.10,Census Tract 2321.10,380033,0,Disadvantaged Community,Low,Urban,32.916392363397,Yes,"Yes, eligible","No, ineligible",380031.938720703,2678.51653973524
2320,06,065,Riverside County,045502,06065045502,455.02,Census Tract 455.02,1601608,0,Disadvantaged Community,Low,Urban,0,Yes,"Yes, eligible","No, ineligible",1601605.88356018,5222.84121444803
2321,06,067,Sacramento County,007301,06067007301,73.01,Census Tract 73.01,12764303,0,Disadvantaged Community,Low,Urban,296.03315571344,Yes,"No, ineligible","No, ineligible",12764312.0833588,23565.4629051266
2331,06,067,Sacramento County,001101,06067001101,11.01,Census Tract 11.01,1569667,0,Disadvantaged Community,Low,Urban,6658.92373209446,Yes,"No, ineligible","No, ineligible",1569666.59823608,6058.556352004
2334,06,037,Los Angeles County,232200,06037232200,2322,Census Tract 2322,522957,0,Disadvantaged Community,Low,Urban,0,Yes,"Yes, eligible","No, ineligible",522956.665382385,3312.74291128523
2340,06,071,San Bernardino County,010011,06071010011,100.11,Census Tract 100.11,5962740,0,Disadvantaged Community,Low,Urban,0,Yes,"Yes, eligible","No, ineligible",5962740.68692017,10012.8346439216
2342,06,037,Los Angeles County,242700,06037242700,2427,Census Tract 2427,1015217,0,Disadvantaged Community,Low,Urban,33.1400165700083,Yes,"Yes, eligible","No, ineligible",1015217.16970825,4378.45674330849
2343,06,037,Los Angeles County,243000,06037243000,2430,Census Tract 2430,717350,0,Disadvantaged Community,Low,Urban,14.6434324205594,Yes,"Yes, eligible","No, ineligible",717353.758346558,3383.64716741616
2344,06,037,Los Angeles County,242100,06037242100,2421,Census Tract 2421,459615,0,Disadvantaged Community,Low,Urban,105.189340813464,Yes,"Yes, eligible","No, ineligible",459616.446044922,2758.9916509554
2345,06,037,Los Angeles County,242200,06037242200,2422,Census Tract 2422,813234,0,Disadvantaged Community,Low,Urban,15.6201187129022,Yes,"Yes, eligible","No, ineligible",813232.981575012,3939.91036165776
2346,06,037,Los Angeles County,243100,06037243100,2431,Census Tract 2431,607015,0,Disadvantaged Community,Low,Urban,0,Yes,"Yes, eligible","No, ineligible",607015.682655334,3254.97104220683
2351,06,065,Riverside County,041813,06065041813,418.13,Census Tract 418.13,1788135,0,Disadvantaged Community,Low,Urban,0,Yes,"Yes, eligible","No, ineligible",1788135.52829742,5223.20939757161
2354,06,065,Riverside County,042409,06065042409,424.09,Census Tract 424.09,1558036,0,Disadvantaged Community,Middle,Urban,0,Yes,"Yes, eligible","No, ineligible",1558034.94058228,5457.94527066851
2360,06,065,Riverside County,043401,06065043401,434.01,Census Tract 434.01,3243410,0,Disadvantaged Community,Low,Urban,29.0570971959901,Yes,"Yes, eligible","No, ineligible",3243409.8536377,7253.24715657878
2365,06,053,Monterey County,010101,06053010101,101.01,Census Tract 101.01,26115911,1307182,Disadvantaged Community,Low,Rural,0,Yes,"No, ineligible","Yes, rural, eligible",27423090.5143547,34762.4409292446
2367,06,065,Riverside County,045703,06065045703,457.03,Census Tract 457.03,3083854,0,Disadvantaged Community,Low,Urban,0,Yes,"Yes, eligible","No, ineligible",3083855.64904785,7632.14091505865
2370,06,037,Los Angeles County,311801,06037311801,3118.01,Census Tract 3118.01,598159,6692,Disadvantaged Community,Low,Urban,0,Yes,"Yes, eligible","No, ineligible",604850.455627441,3680.97016056244
2382,06,019,Fresno County,000200,06019000200,2,Census Tract 2,1988145,0,Disadvantaged Community,Low,Urban,446.262551134251,Yes,"No, ineligible","No, ineligible",1988136.66911197,5505.791196534
2391,06,081,San Mateo County,611900,06081611900,6119,Census Tract 6119,3309249,273939,Disadvantaged Community,Low,Urban,192.901234567901,Yes,"No, ineligible","No, ineligible",3583188.17218494,9037.96221711076
2392,06,037,Los Angeles County,534403,06037534403,5344.03,Census Tract 5344.03,318230,0,Disadvantaged Community,Low,Urban,0,Yes,"Yes, eligible","No, ineligible",318230.281455994,2575.98576669508
2394,06,065,Riverside County,042010,06065042010,420.10,Census Tract 420.10,10910013,0,Disadvantaged Community,Low,Urban,0,Yes,"Yes, eligible","No, ineligible",10910010.0399704,13478.9840917864
2395,06,065,Riverside County,042505,06065042505,425.05,Census Tract 425.05,3605259,0,Disadvantaged Community,Low,Urban,734.048560135517,Yes,"No, ineligible","No, ineligible",3605255.63800812,10020.1897689061
2396,06,065,Riverside County,042506,06065042506,425.06,Census Tract 425.06,3061797,0,Disadvantaged Community,Low,Urban,142.263077259794,Yes,"No, ineligible","No, ineligible",3061795.27510071,7139.70001627948
2401,06,081,San Mateo County,602300,06081602300,6023,Census Tract 6023,10010608,3414184,Disadvantaged Community,Low,Urban,9032.4118207817,Yes,"No, ineligible","No, ineligible",13424783.7418861,19094.3451162151
2417,06,065,Riverside County,042507,06065042507,425.07,Census Tract 425.07,5178099,41515,Disadvantaged Community,Middle,Urban,0,Yes,"Yes, eligible","No, ineligible",5219617.57002258,11300.4341326754
2418,06,065,Riverside County,042508,06065042508,425.08,Census Tract 425.08,1276700,0,Disadvantaged Community,Low,Urban,0,Yes,"Yes, eligible","No, ineligible",1276701.97608948,4808.10119708752
2419,06,065,Riverside County,042510,06065042510,425.10,Census Tract 425.10,1277147,0,Disadvantaged Community,Low,Urban,0,Yes,"Yes, eligible","No, ineligible",1277147.17490387,4816.20375698522
2420,06,065,Riverside County,043405,06065043405,434.05,Census Tract 434.05,1723620,0,Disadvantaged Community,Low,Urban,0,Yes,"Yes, eligible","No, ineligible",1723620.43826294,6778.8751951636
2424,06,037,Los Angeles County,531602,06037531602,5316.02,Census Tract 5316.02,448318,0,Disadvantaged Community,Low,Urban,0,Yes,"Yes, eligible","No, ineligible",448315.480705261,3110.01678930729
2425,06,037,Los Angeles County,219700,06037219700,2197,Census Tract 2197,1092488,0,Disadvantaged Community,Low,Urban,155.313956068338,Yes,"No, ineligible","No, ineligible",1092488.91332626,5059.10829707229
2426,06,037,Los Angeles County,221820,06037221820,2218.20,Census Tract 2218.20,204263,0,Disadvantaged Community,Low,Urban,126.957257723233,Yes,"No, ineligible","No, ineligible",204262.977760315,1780.14300060193
2427,06,037,Los Angeles County,242000,06037242000,2420,Census Tract 2420,646734,0,Disadvantaged Community,Low,Urban,23.872045834328,Yes,"Yes, eligible","No, ineligible",646732.374107361,3208.90836294856
2431,06,065,Riverside County,043507,06065043507,435.07,Census Tract 435.07,4871914,0,Disadvantaged Community,Low,Urban,29.9580587177951,Yes,"Yes, eligible","No, ineligible",4871917.16346741,9677.71991085391
2438,06,077,San Joaquin County,004308,06077004308,43.08,Census Tract 43.08,760132,0,Disadvantaged Community,Low,Urban,0,Yes,"Yes, eligible","No, ineligible",760131.341688514,4169.80062015103
2439,06,077,San Joaquin County,004403,06077004403,44.03,Census Tract 44.03,1017539,0,Disadvantaged Community,Low,Urban,0,Yes,"Yes, eligible","No, ineligible",1017541.42583382,4537.25674509487
2444,06,077,San Joaquin County,005130,06077005130,51.30,Census Tract 51.30,1345574,0,Disadvantaged Community,Middle,Urban,0,Yes,"Yes, eligible","No, ineligible",1345572.48762059,4935.79272435182
2445,06,077,San Joaquin County,005206,06077005206,52.06,Census Tract 52.06,66727091,1558487,Disadvantaged Community,High,Urban,89.7464662328921,Yes,"Yes, eligible","No, ineligible",68285579.0131564,49976.2340789049
2448,06,065,Riverside County,045706,06065045706,457.06,Census Tract 457.06,2775966,0,Disadvantaged Community,Low,Urban,0,Yes,"Yes, eligible","No, ineligible",2775963.9732666,8161.84540172364
2456,06,077,San Joaquin County,002401,06077002401,24.01,Census Tract 24.01,1921329,0,Disadvantaged Community,Low,Urban,0,Yes,"Yes, eligible","No, ineligible",1921328.50342679,6327.0097620531
2472,06,077,San Joaquin County,002503,06077002503,25.03,Census Tract 25.03,1763218,95664,Disadvantaged Community,Low,Urban,354.295837023915,Yes,"No, ineligible","No, ineligible",1858884.05728263,9340.48683995489
2486,06,065,Riverside County,041201,06065041201,412.01,Census Tract 412.01,2584650,0,Disadvantaged Community,Low,Urban,297.482837528604,Yes,"No, ineligible","No, ineligible",2584648.2427063,7215.88200663376
2488,06,053,Monterey County,000900,06053000900,9,Census Tract 9,1651926,0,Disadvantaged Community,Low,Urban,0,Yes,"Yes, eligible","No, ineligible",1651924.69518852,6225.31633930662
2491,06,081,San Mateo County,604200,06081604200,6042,Census Tract 6042,1737561,0,Disadvantaged Community,Low,Urban,0,Yes,"Yes, eligible","No, ineligible",1737557.54685402,8671.2650057281
2492,06,065,Riverside County,041203,06065041203,412.03,Census Tract 412.03,859630,0,Disadvantaged Community,Middle,Urban,0,Yes,"Yes, eligible","No, ineligible",859629.573661804,3852.17864638568
2500,06,077,San Joaquin County,005131,06077005131,51.31,Census Tract 51.31,77221544,73677,Disadvantaged Community,Middle,Urban,0,Yes,"Yes, eligible","No, ineligible",77295217.1127526,42193.3547271275
2501,06,077,San Joaquin County,005132,06077005132,51.32,Census Tract 51.32,920247,0,Disadvantaged Community,Low,Urban,0,Yes,"Yes, eligible","No, ineligible",920247.457834005,3839.76142818547
2502,06,077,San Joaquin County,005133,06077005133,51.33,Census Tract 51.33,1519859,0,Disadvantaged Community,Middle,Urban,0,Yes,"Yes, eligible","No, ineligible",1519860.95304489,6198.02798933564
2507,06,077,San Joaquin County,004404,06077004404,44.04,Census Tract 44.04,3898015,0,Disadvantaged Community,Low,Urban,96.8288549987896,Yes,"Yes, eligible","No, ineligible",3898013.26472807,10799.7450162826
2523,06,013,Contra Costa County,302005,06013302005,3020.05,Census Tract 3020.05,3569410,0,Disadvantaged Community,Low,Urban,41.1522633744856,Yes,"Yes, eligible","No, ineligible",3569410.69311737,10354.6940570187
2530,06,077,San Joaquin County,004502,06077004502,45.02,Census Tract 45.02,1646952,0,Disadvantaged Community,Low,Urban,0,Yes,"Yes, eligible","No, ineligible",1646956.51566386,5779.97209222007
2537,06,077,San Joaquin County,002402,06077002402,24.02,Census Tract 24.02,1497304,40804,Disadvantaged Community,Low,Urban,0,Yes,"Yes, eligible","No, ineligible",1538106.42944556,5938.17746813501
2539,06,077,San Joaquin County,002504,06077002504,25.04,Census Tract 25.04,899262,0,Disadvantaged Community,Middle,Urban,0,Yes,"Yes, eligible","No, ineligible",899263.006288111,5005.11697244912
2540,06,019,Fresno County,005608,06019005608,56.08,Census Tract 56.08,1489402,0,Disadvantaged Community,Low,Urban,446.286260758687,Yes,"No, ineligible","No, ineligible",1489397.67888141,5598.37449245083
2548,06,083,Santa Barbara County,003001,06083003001,30.01,Census Tract 30.01,4042575,34901,Disadvantaged Community,Low,Urban,69.3721817551162,Yes,"Yes, eligible","No, ineligible",4077475.97666979,8406.76180813132
2551,06,065,Riverside County,031300,06065031300,313,Census Tract 313,2310049,0,Disadvantaged Community,Low,Urban,244.125724748245,Yes,"No, ineligible","No, ineligible",2310051.1991272,6831.49777316128
2556,06,065,Riverside County,031401,06065031401,314.01,Census Tract 314.01,2264167,0,Disadvantaged Community,Low,Urban,78.5854616895874,Yes,"Yes, eligible","No, ineligible",2264165.43016052,8006.21997900251
2562,06,019,Fresno County,003004,06019003004,30.04,Census Tract 30.04,1306272,0,Disadvantaged Community,Low,Urban,0,Yes,"Yes, eligible","No, ineligible",1306269.52011204,4848.55772576515
2568,06,065,Riverside County,041407,06065041407,414.07,Census Tract 414.07,1614717,0,Disadvantaged Community,Low,Urban,0,Yes,"Yes, eligible","No, ineligible",1614718.96813202,5175.33760521731
2569,06,065,Riverside County,041408,06065041408,414.08,Census Tract 414.08,1422468,0,Disadvantaged Community,Low,Urban,261.951538965291,Yes,"No, ineligible","No, ineligible",1422466.89987946,6092.0174892321
2570,06,065,Riverside County,041410,06065041410,414.10,Census Tract 414.10,1953194,0,Disadvantaged Community,Low,Urban,0,Yes,"Yes, eligible","No, ineligible",1953194.84552765,8699.03292569974
2576,06,083,Santa Barbara County,002502,06083002502,25.02,Census Tract 25.02,164108625,2925946,Disadvantaged Community,Low,Rural,26.4096130991681,Yes,"No, ineligible","Yes, rural, eligible",167034574.833895,68710.9983806555
2583,06,077,San Joaquin County,000801,06077000801,8.01,Census Tract 8.01,8894120,518688,Disadvantaged Community,Low,Urban,0,Yes,"Yes, eligible","No, ineligible",9412810.54397672,13377.5293356724
2584,06,077,San Joaquin County,003313,06077003313,33.13,Census Tract 33.13,493415,0,Disadvantaged Community,Low,Urban,0,Yes,"Yes, eligible","No, ineligible",493418.112388313,3093.83269216886
2591,06,067,Sacramento County,008908,06067008908,89.08,Census Tract 89.08,2218451,0,Disadvantaged Community,Low,Urban,102.923013585838,Yes,"Yes, eligible","No, ineligible",2218452.83019829,7438.73739297124
2594,06,065,Riverside County,042512,06065042512,425.12,Census Tract 425.12,1603323,0,Disadvantaged Community,Low,Urban,88.809946714032,Yes,"Yes, eligible","No, ineligible",1603322.68782806,5588.14054193003
2599,06,019,Fresno County,006202,06019006202,62.02,Census Tract 62.02,16717014,0,Disadvantaged Community,Low,Rural Center,0,Yes,"No, ineligible","Yes, rural center, eligible",16717013.1054306,17219.7756008511
2604,06,065,Riverside County,044000,06065044000,440,Census Tract 440,2371701,0,Disadvantaged Community,Low,Urban,173.010380622837,Yes,"No, ineligible","No, ineligible",2371704.729599,6382.66378678486
2605,06,065,Riverside County,044101,06065044101,441.01,Census Tract 441.01,1628524,0,Disadvantaged Community,Low,Urban,29.3341155764154,Yes,"Yes, eligible","No, ineligible",1628523.87168884,7462.97678376594
2615,06,019,Fresno County,006502,06019006502,65.02,Census Tract 65.02,14521582,0,Disadvantaged Community,Low,Rural Center,62.3700623700624,Yes,"No, ineligible","Yes, rural center, eligible",14521579.6802306,18630.4914596738
2618,06,013,Contra Costa County,380000,06013380000,3800,Census Tract 3800,6023472,7470886,Disadvantaged Community,Low,Urban,708.143651997977,Yes,"No, ineligible","No, ineligible",13494365.1299641,17772.9251107115
2619,06,013,Contra Costa County,368002,06013368002,3680.02,Census Tract 3680.02,658846,0,Disadvantaged Community,Low,Urban,0,Yes,"Yes, eligible","No, ineligible",658846.943367481,4009.28167461264
2621,06,047,Merced County,000203,06047000203,2.03,Census Tract 2.03,4759408,0,Disadvantaged Community,Middle,Rural Center,47.4698566410329,Yes,"No, ineligible","Yes, rural center, eligible",4759407.92453527,10261.6521999976
2622,06,047,Merced County,002600,06047002600,26,Census Tract 26,46254251,0,Disadvantaged Community,Middle,Urban,0,Yes,"Yes, eligible","No, ineligible",46254254.6099353,36606.789586296
2623,06,047,Merced County,002500,06047002500,25,Census Tract 25,516711313,2516832,Disadvantaged Community,Middle,Rural,0,Yes,"No, ineligible","Yes, rural, eligible",519228178.735401,130383.274360337
2624,06,077,San Joaquin County,003312,06077003312,33.12,Census Tract 33.12,576525,0,Disadvantaged Community,Low,Urban,0,Yes,"Yes, eligible","No, ineligible",576525.374471389,3161.77505338926
2625,06,077,San Joaquin County,003409,06077003409,34.09,Census Tract 34.09,1393211,0,Disadvantaged Community,Low,Urban,0,Yes,"Yes, eligible","No, ineligible",1393210.61950639,5420.47295922329
2626,06,077,San Joaquin County,004501,06077004501,45.01,Census Tract 45.01,2377138,79879,Disadvantaged Community,Low,Urban,0,Yes,"Yes, eligible","No, ineligible",2457022.39944804,8935.7371676602
2632,06,077,San Joaquin County,005135,06077005135,51.35,Census Tract 51.35,15571371,0,Disadvantaged Community,Middle,Urban,120.177863237592,Yes,"No, ineligible","No, ineligible",15571377.6024936,18912.2994641861
2633,06,019,Fresno County,006501,06019006501,65.01,Census Tract 65.01,47352133,0,Disadvantaged Community,Low,Rural,0,Yes,"No, ineligible","Yes, rural, eligible",47352131.8591952,29110.6978447917
2634,06,019,Fresno County,006604,06019006604,66.04,Census Tract 66.04,2400004,0,Disadvantaged Community,Low,Rural Center,0,Yes,"No, ineligible","Yes, rural center, eligible",2400006.56132793,6452.97104348932
2647,06,065,Riverside County,031502,06065031502,315.02,Census Tract 315.02,2573381,0,Disadvantaged Community,Low,Urban,0,Yes,"Yes, eligible","No, ineligible",2573377.56463623,6943.57713223297
2659,06,065,Riverside County,041411,06065041411,414.11,Census Tract 414.11,883012,0,Disadvantaged Community,Low,Urban,0,Yes,"Yes, eligible","No, ineligible",883012.760772705,3845.99482649659
2661,06,065,Riverside County,041412,06065041412,414.12,Census Tract 414.12,2153671,0,Disadvantaged Community,Middle,Urban,0,Yes,"Yes, eligible","No, ineligible",2153671.51380157,5991.31155214139
2663,06,065,Riverside County,041704,06065041704,417.04,Census Tract 417.04,915653,0,Disadvantaged Community,Low,Urban,104.849279161206,Yes,"Yes, eligible","No, ineligible",915652.768615723,4206.61842800181
2666,06,067,Sacramento County,009316,06067009316,93.16,Census Tract 93.16,1280254,0,Disadvantaged Community,Low,Urban,0,Yes,"Yes, eligible","No, ineligible",1280255.13789415,4802.68680043492
2668,06,067,Sacramento County,009318,06067009318,93.18,Census Tract 93.18,1330305,0,Disadvantaged Community,Low,Urban,0,Yes,"Yes, eligible","No, ineligible",1330306.06464624,4908.58295371736
2681,06,019,Fresno County,006603,06019006603,66.03,Census Tract 66.03,1851157,97487,Disadvantaged Community,Low,Rural Center,0,Yes,"No, ineligible","Yes, rural center, eligible",1948645.54899645,6450.15041250673
2682,06,019,Fresno County,008501,06019008501,85.01,Census Tract 85.01,21328312,0,Disadvantaged Community,Low,Rural,0,Yes,"No, ineligible","Yes, rural, eligible",21328310.6164908,19295.2496939995
2683,06,019,Fresno County,008502,06019008502,85.02,Census Tract 85.02,11032698,0,Disadvantaged Community,Low,Rural Center,32.4605063838996,Yes,"No, ineligible","Yes, rural center, eligible",11032699.5688181,14518.5529014187
2684,06,019,Fresno County,002903,06019002903,29.03,Census Tract 29.03,1298390,0,Disadvantaged Community,Low,Urban,263.782643102084,Yes,"No, ineligible","No, ineligible",1298389.04772091,4919.43978676159
2686,06,065,Riverside County,044200,06065044200,442,Census Tract 442,4080730,0,Disadvantaged Community,Low,Urban,45.8645467053967,Yes,"Yes, eligible","No, ineligible",4080727.49806213,8290.84066644017
2702,06,019,Fresno County,003003,06019003003,30.03,Census Tract 30.03,1319412,0,Disadvantaged Community,Low,Urban,0,Yes,"Yes, eligible","No, ineligible",1319412.26274276,4883.51712541864
2706,06,019,Fresno County,006100,06019006100,61,Census Tract 61,10887619,0,Disadvantaged Community,Low,Rural Center,24.612355402412,Yes,"No, ineligible","Yes, rural center, eligible",10887613.3547392,13823.3980641272
2707,06,019,Fresno County,000100,06019000100,1,Census Tract 1,843440,0,Disadvantaged Community,Low,Urban,1033.73231773667,Yes,"No, ineligible","No, ineligible",843442.658231497,4156.0207007753
2708,06,037,Los Angeles County,502700,06037502700,5027,Census Tract 5027,6982971,0,Disadvantaged Community,Low,Urban,86.7177337765573,Yes,"Yes, eligible","No, ineligible",6982968.65140533,13535.5615154416
2709,06,065,Riverside County,046200,06065046200,462,Census Tract 462,11752776,0,Disadvantaged Community,Low,Rural Center,139.324277255312,Yes,"No, ineligible","Yes, rural center, eligible",11752770.6023102,14553.9283281175
2712,06,037,Los Angeles County,502902,06037502902,5029.02,Census Tract 5029.02,3853048,0,Disadvantaged Community,Low,Urban,0,Yes,"Yes, eligible","No, ineligible",3853049.50493622,8695.06705379592
2713,06,037,Los Angeles County,503000,06037503000,5030,Census Tract 5030,1328698,0,Disadvantaged Community,Low,Urban,0,Yes,"Yes, eligible","No, ineligible",1328697.48135376,4907.75742552166
2715,06,019,Fresno County,004001,06019004001,40.01,Census Tract 40.01,20954594,0,Disadvantaged Community,Middle,Rural Center,82.7618822416647,Yes,"No, ineligible","Yes, rural center, eligible",20954594.9605108,19430.7342488636
2717,06,019,Fresno County,001413,06019001413,14.13,Census Tract 14.13,10515272,0,Disadvantaged Community,High,Urban,146.563095412575,Yes,"No, ineligible","No, ineligible",10515268.4199042,14598.9972773212
2718,06,019,Fresno County,005607,06019005607,56.07,Census Tract 56.07,1342784,0,Disadvantaged Community,Low,Urban,0,Yes,"Yes, eligible","No, ineligible",1342782.97578335,5082.36282583526
2719,06,019,Fresno County,005409,06019005409,54.09,Census Tract 54.09,1302006,0,Disadvantaged Community,Low,Urban,120.192307692308,Yes,"No, ineligible","No, ineligible",1302004.76830268,4842.44920868669
2720,06,019,Fresno County,005203,06019005203,52.03,Census Tract 52.03,1304789,0,Disadvantaged Community,Low,Urban,0,Yes,"Yes, eligible","No, ineligible",1304786.79952741,4843.70174322269
2735,06,019,Fresno County,001202,06019001202,12.02,Census Tract 12.02,3401956,0,Disadvantaged Community,Low,Urban,0,Yes,"Yes, eligible","No, ineligible",3401958.00823307,10676.8090970528
2754,06,019,Fresno County,003701,06019003701,37.01,Census Tract 37.01,1121537,0,Disadvantaged Community,Low,Urban,577.700751010976,Yes,"No, ineligible","No, ineligible",1121536.20504689,4639.42609191961
2755,06,019,Fresno County,001301,06019001301,13.01,Census Tract 13.01,1959391,0,Disadvantaged Community,Low,Urban,0,Yes,"Yes, eligible","No, ineligible",1959391.01166439,6473.04544700864
2759,06,019,Fresno County,002702,06019002702,27.02,Census Tract 27.02,1308451,0,Disadvantaged Community,Low,Urban,0,Yes,"Yes, eligible","No, ineligible",1308450.05019045,4933.93161133882
2760,06,019,Fresno County,004701,06019004701,47.01,Census Tract 47.01,1869162,0,Disadvantaged Community,Low,Urban,0,Yes,"Yes, eligible","No, ineligible",1869164.10036922,5740.68961980522
2763,06,037,Los Angeles County,501400,06037501400,5014,Census Tract 5014,1068199,0,Disadvantaged Community,Low,Urban,0,Yes,"Yes, eligible","No, ineligible",1068202.5369873,4584.47100299264
2765,06,037,Los Angeles County,501504,06037501504,5015.04,Census Tract 5015.04,745546,0,Disadvantaged Community,Low,Urban,178.094390026714,Yes,"No, ineligible","No, ineligible",745542.560577393,3801.23493356801
2767,06,073,San Diego County,002502,06073002502,25.02,Census Tract 25.02,1893336,0,Disadvantaged Community,Low,Urban,0,Yes,"Yes, eligible","No, ineligible",1893333.84567261,6901.65130429339
2786,06,073,San Diego County,002712,06073002712,27.12,Census Tract 27.12,2194501,0,Disadvantaged Community,Low,Urban,0,Yes,"Yes, eligible","No, ineligible",2194502.22576904,8478.63703360971
2789,06,073,San Diego County,003305,06073003305,33.05,Census Tract 33.05,1289457,0,Disadvantaged Community,Low,Urban,0,Yes,"Yes, eligible","No, ineligible",1289456.06317139,5015.23822691352
2795,06,037,Los Angeles County,481103,06037481103,4811.03,Census Tract 4811.03,1420414,0,Disadvantaged Community,Low,Urban,0,Yes,"Yes, eligible","No, ineligible",1420416.79405212,6058.63407737263
2798,06,037,Los Angeles County,481300,06037481300,4813,Census Tract 4813,896760,0,Disadvantaged Community,Low,Urban,0,Yes,"Yes, eligible","No, ineligible",896760.825698853,4301.48781347147
2811,06,037,Los Angeles County,601900,06037601900,6019,Census Tract 6019,696655,0,Disadvantaged Community,Low,Urban,0,Yes,"Yes, eligible","No, ineligible",696655.600334167,3363.30959471592
2812,06,037,Los Angeles County,534501,06037534501,5345.01,Census Tract 5345.01,673837,0,Disadvantaged Community,Low,Urban,0,Yes,"Yes, eligible","No, ineligible",673838.219848633,3376.62862219768
2813,06,037,Los Angeles County,408211,06037408211,4082.11,Census Tract 4082.11,7762269,110782,Disadvantaged Community,Low,Urban,532.831844538474,Yes,"No, ineligible","No, ineligible",7873051.62301636,13167.0814619402
2814,06,037,Los Angeles County,232120,06037232120,2321.20,Census Tract 2321.20,521876,0,Disadvantaged Community,Low,Urban,0,Yes,"Yes, eligible","No, ineligible",521875.080253601,2965.79136904312
2815,06,019,Fresno County,001900,06019001900,19,Census Tract 19,66565792,0,Disadvantaged Community,Low,Rural,0,Yes,"No, ineligible","Yes, rural, eligible",66565789.0532745,34578.7021466906
2816,06,019,Fresno County,002000,06019002000,20,Census Tract 20,5502595,0,Disadvantaged Community,Low,Urban,190.961171228517,Yes,"No, ineligible","No, ineligible",5502593.98768628,11199.7638414575
2817,06,019,Fresno County,002100,06019002100,21,Census Tract 21,1826004,0,Disadvantaged Community,Low,Urban,0,Yes,"Yes, eligible","No, ineligible",1826007.12676728,6031.20196742228
2818,06,037,Los Angeles County,502100,06037502100,5021,Census Tract 5021,1932187,0,Disadvantaged Community,Low,Urban,0,Yes,"Yes, eligible","No, ineligible",1932184.81600952,6195.7919667239
2819,06,037,Los Angeles County,502200,06037502200,5022,Census Tract 5022,1750402,11542,Disadvantaged Community,Low,Urban,0,Yes,"Yes, eligible","No, ineligible",1761938.68219757,5823.54393719131
2820,06,037,Los Angeles County,502301,06037502301,5023.01,Census Tract 5023.01,1598866,0,Disadvantaged Community,Low,Urban,0,Yes,"Yes, eligible","No, ineligible",1598865.49110413,5333.9105583043
2821,06,037,Los Angeles County,502401,06037502401,5024.01,Census Tract 5024.01,942499,0,Disadvantaged Community,Low,Urban,0,Yes,"Yes, eligible","No, ineligible",942499.487686157,4057.39294574203
2822,06,037,Los Angeles County,502402,06037502402,5024.02,Census Tract 5024.02,786706,99582,Disadvantaged Community,Low,Urban,0,Yes,"Yes, eligible","No, ineligible",886288.768188477,3920.14882853585
2823,06,037,Los Angeles County,481604,06037481604,4816.04,Census Tract 4816.04,623010,0,Disadvantaged Community,Low,Urban,0,Yes,"Yes, eligible","No, ineligible",623012.855964661,3381.9866217722
2832,06,019,Fresno County,004704,06019004704,47.04,Census Tract 47.04,1258541,0,Disadvantaged Community,Low,Urban,0,Yes,"Yes, eligible","No, ineligible",1258540.91423738,4656.50237666511
2833,06,075,San Francisco County,017601,06075017601,176.01,Census Tract 176.01,633558,0,Disadvantaged Community,Low,Urban,493.087112056463,Yes,"No, ineligible","No, ineligible",633558.868616581,3990.2670294643
2836,06,075,San Francisco County,023400,06075023400,234,Census Tract 234,854096,0,Disadvantaged Community,Low,Urban,109.259765091505,Yes,"No, ineligible","No, ineligible",854096.867840767,3811.67494041498
2841,06,019,Fresno County,003001,06019003001,30.01,Census Tract 30.01,2632595,0,Disadvantaged Community,Low,Urban,0,Yes,"Yes, eligible","No, ineligible",2632591.42070532,6569.86492411758
2842,06,019,Fresno County,003102,06019003102,31.02,Census Tract 31.02,2280558,0,Disadvantaged Community,Low,Urban,105.84810796507,Yes,"No, ineligible","No, ineligible",2280560.92175293,7591.7639708659
2851,06,019,Fresno County,007902,06019007902,79.02,Census Tract 79.02,1821347202,976972,Disadvantaged Community,Low,Rural,3726.28726287263,Yes,"No, ineligible","Yes, rural, eligible",1822324288.40817,250963.162285742
2853,06,019,Fresno County,005410,06019005410,54.10,Census Tract 54.10,1298755,0,Disadvantaged Community,Low,Urban,28.2805429864253,Yes,"Yes, eligible","No, ineligible",1298753.9015758,4832.50113751517
2862,06,019,Fresno County,006201,06019006201,62.01,Census Tract 62.01,7727989,98868,Disadvantaged Community,Low,Rural Center,0,Yes,"No, ineligible","Yes, rural center, eligible",7826860.68791628,12383.5963904208
2864,06,037,Los Angeles County,481500,06037481500,4815,Census Tract 4815,2188073,0,Disadvantaged Community,Low,Urban,89.1067052795723,Yes,"Yes, eligible","No, ineligible",2188072.95007324,7497.37341030097
2865,06,019,Fresno County,005000,06019005000,50,Census Tract 50,2590521,0,Disadvantaged Community,Middle,Urban,307.827616534741,Yes,"No, ineligible","No, ineligible",2590526.30170774,6449.05175882138
2866,06,019,Fresno County,005100,06019005100,51,Census Tract 51,2587729,0,Disadvantaged Community,Low,Urban,0,Yes,"Yes, eligible","No, ineligible",2587724.43281341,6457.10743697756
2878,06,085,Santa Clara County,512310,06085512310,5123.10,Census Tract 5123.10,4054631,0,Disadvantaged Community,Low,Urban,0,Yes,"Yes, eligible","No, ineligible",4054633.20082664,11987.0569286713
2891,06,029,Kern County,006301,06029006301,63.01,Census Tract 63.01,15829037,0,Disadvantaged Community,Low,Rural Center,245.459008345606,Yes,"No, ineligible","Yes, rural center, eligible",15829037.441164,16268.8395595389
2892,06,029,Kern County,006401,06029006401,64.01,Census Tract 64.01,7640788,92463,Disadvantaged Community,Low,Rural Center,0,Yes,"No, ineligible","Yes, rural center, eligible",7733250.51970291,13694.9957440034
2898,06,037,Los Angeles County,294830,06037294830,2948.30,Census Tract 2948.30,885881,0,Disadvantaged Community,Low,Urban,0,Yes,"Yes, eligible","No, ineligible",885880.486785889,4172.94004134307
2902,06,019,Fresno County,001800,06019001800,18,Census Tract 18,57128421,0,Disadvantaged Community,Low,Rural,0,Yes,"No, ineligible","Yes, rural, eligible",57128424.8191855,34592.1683533895
2903,06,037,Los Angeles County,502500,06037502500,5025,Census Tract 5025,3707188,108070,Disadvantaged Community,Low,Urban,233.972859148339,Yes,"No, ineligible","No, ineligible",3815266.42604828,8640.24463694417
2904,06,037,Los Angeles County,502601,06037502601,5026.01,Census Tract 5026.01,1767977,165427,Disadvantaged Community,Low,Urban,0,Yes,"Yes, eligible","No, ineligible",1933401.05516052,5481.97018540414
2905,06,037,Los Angeles County,502602,06037502602,5026.02,Census Tract 5026.02,1263480,0,Disadvantaged Community,Low,Urban,0,Yes,"Yes, eligible","No, ineligible",1263476.24093628,5020.52790754019
2915,06,037,Los Angeles County,500500,06037500500,5005,Census Tract 5005,724774,30373,Disadvantaged Community,Low,Urban,0,Yes,"Yes, eligible","No, ineligible",755147.99143219,4352.55041968666
2916,06,037,Los Angeles County,500700,06037500700,5007,Census Tract 5007,2596024,652906,Disadvantaged Community,Low,Urban,83.9160839160839,Yes,"Yes, eligible","No, ineligible",3248932.72534943,7880.82002226982
2917,06,037,Los Angeles County,500402,06037500402,5004.02,Census Tract 5004.02,1343474,0,Disadvantaged Community,Low,Urban,0,Yes,"Yes, eligible","No, ineligible",1343476.48609161,4699.71581717612
2922,06,019,Fresno County,005202,06019005202,52.02,Census Tract 52.02,2972423,0,Disadvantaged Community,Low,Urban,0,Yes,"Yes, eligible","No, ineligible",2972417.19739103,7260.71546664434
2923,06,019,Fresno County,002200,06019002200,22,Census Tract 22,1322711,0,Disadvantaged Community,Low,Urban,0,Yes,"Yes, eligible","No, ineligible",1322712.23579836,5181.88047379576
2933,06,019,Fresno County,002300,06019002300,23,Census Tract 23,1496251,0,Disadvantaged Community,Low,Urban,0,Yes,"Yes, eligible","No, ineligible",1496252.69202828,6083.22684782729
2934,06,019,Fresno County,002400,06019002400,24,Census Tract 24,2446456,0,Disadvantaged Community,Low,Urban,0,Yes,"Yes, eligible","No, ineligible",2446467.00604892,6954.60591605516
2937,06,071,San Bernardino County,007303,06071007303,73.03,Census Tract 73.03,2690526,0,Disadvantaged Community,Low,Urban,297.678110736257,Yes,"No, ineligible","No, ineligible",2690527.03013611,7529.2377434704
2938,06,019,Fresno County,003201,06019003201,32.01,Census Tract 32.01,1635762,0,Disadvantaged Community,Low,Urban,0,Yes,"Yes, eligible","No, ineligible",1635760.12440896,5651.41714721256
2939,06,019,Fresno County,003202,06019003202,32.02,Census Tract 32.02,1606186,0,Disadvantaged Community,Low,Urban,0,Yes,"Yes, eligible","No, ineligible",1606188.09930706,5641.12284393341
2940,06,019,Fresno County,007802,06019007802,78.02,Census Tract 78.02,523797950,0,Disadvantaged Community,Low,Rural,224.131490474412,Yes,"No, ineligible","Yes, rural, eligible",523797965.083526,94048.3633882613
2941,06,019,Fresno County,000501,06019000501,5.01,Census Tract 5.01,674648,0,Disadvantaged Community,Low,Urban,0,Yes,"Yes, eligible","No, ineligible",674649.28958106,4061.51398198231
2942,06,019,Fresno County,007801,06019007801,78.01,Census Tract 78.01,293191132,0,Disadvantaged Community,Low,Rural,0,Yes,"No, ineligible","Yes, rural, eligible",293191133.09653,79441.7960565195
2946,06,019,Fresno County,002502,06019002502,25.02,Census Tract 25.02,1294127,0,Disadvantaged Community,Low,Urban,0,Yes,"Yes, eligible","No, ineligible",1294125.89858437,4829.65495624197
2947,06,019,Fresno County,002601,06019002601,26.01,Census Tract 26.01,1307496,0,Disadvantaged Community,Low,Urban,0,Yes,"Yes, eligible","No, ineligible",1307496.99466014,4840.63463038227
2948,06,019,Fresno County,002602,06019002602,26.02,Census Tract 26.02,1303901,0,Disadvantaged Community,Low,Urban,0,Yes,"Yes, eligible","No, ineligible",1303903.05324578,4837.69967055548
2949,06,019,Fresno County,002800,06019002800,28,Census Tract 28,2640823,0,Disadvantaged Community,Low,Urban,0,Yes,"Yes, eligible","No, ineligible",2640822.60346007,6496.58177126967
2950,06,019,Fresno County,002701,06019002701,27.01,Census Tract 27.01,1300766,0,Disadvantaged Community,Low,Urban,0,Yes,"Yes, eligible","No, ineligible",1300768.28047061,4840.34193264401
2954,06,019,Fresno County,003500,06019003500,35,Census Tract 35,2594948,0,Disadvantaged Community,Low,Urban,0,Yes,"Yes, eligible","No, ineligible",2594945.59199524,6473.853145026
2955,06,019,Fresno County,003803,06019003803,38.03,Census Tract 38.03,26665738,0,Disadvantaged Community,Middle,Urban,18.9717321191425,Yes,"Yes, eligible","No, ineligible",26665735.5464524,21848.0488298337
2956,06,019,Fresno County,003804,06019003804,38.04,Census Tract 38.04,2592650,0,Disadvantaged Community,Middle,Urban,0,Yes,"Yes, eligible","No, ineligible",2592647.79906249,6465.92416736756
2957,06,019,Fresno County,004205,06019004205,42.05,Census Tract 42.05,5093624,0,Disadvantaged Community,Low,Urban,0,Yes,"Yes, eligible","No, ineligible",5093628.59137297,12952.1495121439
2959,06,019,Fresno County,004212,06019004212,42.12,Census Tract 42.12,4757690,0,Disadvantaged Community,Low,Urban,32.3127877857662,Yes,"Yes, eligible","No, ineligible",4757682.5399642,10914.4868847122
2973,06,037,Los Angeles County,553100,06037553100,5531,Census Tract 5531,1985911,75628,Disadvantaged Community,Low,Urban,0,Yes,"Yes, eligible","No, ineligible",2061538.12328339,6947.60432188309
2974,06,037,Los Angeles County,553200,06037553200,5532,Census Tract 5532,1861182,62560,Disadvantaged Community,Low,Urban,0,Yes,"Yes, eligible","No, ineligible",1923744.65727234,6247.94003811308
2977,06,037,Los Angeles County,553502,06037553502,5535.02,Census Tract 5535.02,1265579,0,Disadvantaged Community,Low,Urban,0,Yes,"Yes, eligible","No, ineligible",1265574.40795898,4709.73773623269
2978,06,037,Los Angeles County,553601,06037553601,5536.01,Census Tract 5536.01,2120297,62619,Disadvantaged Community,Low,Urban,127.68674185997,Yes,"No, ineligible","No, ineligible",2182917.30171967,8594.25512360781
2979,06,037,Los Angeles County,553701,06037553701,5537.01,Census Tract 5537.01,996121,90570,Disadvantaged Community,Low,Urban,0,Yes,"Yes, eligible","No, ineligible",1086686.9888916,5658.36745937027
2980,06,037,Los Angeles County,554403,06037554403,5544.03,Census Tract 5544.03,843979,0,Disadvantaged Community,Low,Urban,0,Yes,"Yes, eligible","No, ineligible",843980.311660767,3725.9382000167
2981,06,037,Los Angeles County,554404,06037554404,5544.04,Census Tract 5544.04,842582,0,Disadvantaged Community,Low,Urban,0,Yes,"Yes, eligible","No, ineligible",842581.540237427,3706.03589745391
2984,06,037,Los Angeles County,602105,06037602105,6021.05,Census Tract 6021.05,638607,0,Disadvantaged Community,Low,Urban,0,Yes,"Yes, eligible","No, ineligible",638607.443084717,3189.20322394276
2985,06,037,Los Angeles County,602106,06037602106,6021.06,Census Tract 6021.06,819871,0,Disadvantaged Community,Low,Urban,333.148250971682,Yes,"No, ineligible","No, ineligible",819870.435611725,4046.64450704989
2986,06,037,Los Angeles County,602200,06037602200,6022,Census Tract 6022,2109292,960,Disadvantaged Community,Low,Urban,83.3333333333333,Yes,"Yes, eligible","No, ineligible",2110258.34619522,7225.23266873126
2987,06,037,Los Angeles County,602301,06037602301,6023.01,Census Tract 6023.01,1796522,0,Disadvantaged Community,High,Urban,0,Yes,"Yes, eligible","No, ineligible",1796521.38198853,6641.6233071194
2988,06,037,Los Angeles County,602402,06037602402,6024.02,Census Tract 6024.02,1320920,0,Disadvantaged Community,Low,Urban,0,Yes,"Yes, eligible","No, ineligible",1320920.07929993,5333.63269804532
2989,06,037,Los Angeles County,602403,06037602403,6024.03,Census Tract 6024.03,585730,0,Disadvantaged Community,Low,Urban,0,Yes,"Yes, eligible","No, ineligible",585732.357200623,3066.75768559499
2992,06,037,Los Angeles County,531502,06037531502,5315.02,Census Tract 5315.02,435562,0,Disadvantaged Community,Low,Urban,0,Yes,"Yes, eligible","No, ineligible",435562.69418335,2735.5769662914
2993,06,037,Los Angeles County,531603,06037531603,5316.03,Census Tract 5316.03,434055,0,Disadvantaged Community,Low,Urban,0,Yes,"Yes, eligible","No, ineligible",434056.378036499,2668.61056190829
2994,06,037,Los Angeles County,531604,06037531604,5316.04,Census Tract 5316.04,366760,0,Disadvantaged Community,Low,Urban,0,Yes,"Yes, eligible","No, ineligible",366758.509269714,2466.65706553993
2995,06,037,Los Angeles County,531701,06037531701,5317.01,Census Tract 5317.01,637121,0,Disadvantaged Community,Low,Urban,0,Yes,"Yes, eligible","No, ineligible",637118.054199219,3507.12844551703
2996,06,037,Los Angeles County,531702,06037531702,5317.02,Census Tract 5317.02,672162,0,Disadvantaged Community,Low,Urban,0,Yes,"Yes, eligible","No, ineligible",672164.217414856,3704.15129398841
2997,06,037,Los Angeles County,531901,06037531901,5319.01,Census Tract 5319.01,770898,0,Disadvantaged Community,Low,Urban,0,Yes,"Yes, eligible","No, ineligible",770899.578430176,3632.57192474851
2998,06,037,Los Angeles County,531902,06037531902,5319.02,Census Tract 5319.02,707887,0,Disadvantaged Community,Low,Urban,20.9951711106446,Yes,"Yes, eligible","No, ineligible",707889.91633606,3456.10654437268
2999,06,037,Los Angeles County,532001,06037532001,5320.01,Census Tract 5320.01,1353390,0,Disadvantaged Community,Low,Urban,0,Yes,"Yes, eligible","No, ineligible",1353389.9790802,5270.6540907262
3002,06,059,Orange County,011720,06059011720,117.20,Census Tract 117.20,1440102,0,Disadvantaged Community,Low,Urban,0,Yes,"Yes, eligible","No, ineligible",1440099.72451019,6501.26413780537
3003,06,059,Orange County,011721,06059011721,117.21,Census Tract 117.21,710269,0,Disadvantaged Community,Low,Urban,0,Yes,"Yes, eligible","No, ineligible",710270.828834534,4233.771790036
3004,06,037,Los Angeles County,532101,06037532101,5321.01,Census Tract 5321.01,1383490,52595,Disadvantaged Community,Low,Urban,0,Yes,"Yes, eligible","No, ineligible",1436085.93167114,4789.97600545154
3005,06,037,Los Angeles County,532002,06037532002,5320.02,Census Tract 5320.02,833395,0,Disadvantaged Community,Low,Urban,0,Yes,"Yes, eligible","No, ineligible",833397.402153015,4567.07061795596
3006,06,037,Los Angeles County,532200,06037532200,5322,Census Tract 5322,2805196,0,Disadvantaged Community,Low,Urban,40.7442618497895,Yes,"Yes, eligible","No, ineligible",2805195.56106567,8292.3942537842
3014,06,059,Orange County,063604,06059063604,636.04,Census Tract 636.04,1201706,0,Disadvantaged Community,Low,Urban,49.1400491400491,Yes,"Yes, eligible","No, ineligible",1201706.96418762,4347.61167673312
3021,06,075,San Francisco County,023001,06075023001,230.01,Census Tract 230.01,666063,0,Disadvantaged Community,Low,Urban,0,Yes,"Yes, eligible","No, ineligible",666058.643687248,3681.5948337123
3022,06,075,San Francisco County,023003,06075023003,230.03,Census Tract 230.03,409146,0,Disadvantaged Community,Low,Urban,0,Yes,"Yes, eligible","No, ineligible",409144.087396622,2774.82417873726
3023,06,037,Los Angeles County,553702,06037553702,5537.02,Census Tract 5537.02,832794,96798,Disadvantaged Community,Low,Urban,0,Yes,"Yes, eligible","No, ineligible",929591.50504303,5812.15830456081
3024,06,037,Los Angeles County,553801,06037553801,5538.01,Census Tract 5538.01,1294831,0,Disadvantaged Community,Low,Urban,0,Yes,"Yes, eligible","No, ineligible",1294830.86789703,4832.69034483404
3025,06,037,Los Angeles County,553802,06037553802,5538.02,Census Tract 5538.02,1740073,36396,Disadvantaged Community,Low,Urban,29.0655427990118,Yes,"Yes, eligible","No, ineligible",1776464.57919312,7466.98048804927
3026,06,037,Los Angeles County,553901,06037553901,5539.01,Census Tract 5539.01,1277454,0,Disadvantaged Community,Low,Urban,0,Yes,"Yes, eligible","No, ineligible",1277452.67556,4805.30243466835
3027,06,037,Los Angeles County,554002,06037554002,5540.02,Census Tract 5540.02,1269668,0,Disadvantaged Community,Low,Urban,0,Yes,"Yes, eligible","No, ineligible",1269667.2932663,6261.6525846744
3028,06,037,Los Angeles County,554101,06037554101,5541.01,Census Tract 5541.01,473915,0,Disadvantaged Community,Low,Urban,0,Yes,"Yes, eligible","No, ineligible",473911.944091797,3834.69940833657
3037,06,037,Los Angeles County,554801,06037554801,5548.01,Census Tract 5548.01,904447,0,Disadvantaged Community,Low,Urban,0,Yes,"Yes, eligible","No, ineligible",904445.509117126,4608.58812515137
3047,06,037,Los Angeles County,532302,06037532302,5323.02,Census Tract 5323.02,3299173,441,Disadvantaged Community,Low,Urban,0,Yes,"Yes, eligible","No, ineligible",3299608.06006622,9620.56595820765
3048,06,037,Los Angeles County,532303,06037532303,5323.03,Census Tract 5323.03,7567380,758,Disadvantaged Community,Low,Urban,1782.99630354425,Yes,"No, ineligible","No, ineligible",7568141.61985779,14025.2000928347
3049,06,037,Los Angeles County,532304,06037532304,5323.04,Census Tract 5323.04,8277617,143036,Disadvantaged Community,Low,Urban,49.838026414154,Yes,"Yes, eligible","No, ineligible",8420648.70935822,14864.8218922104
3050,06,037,Los Angeles County,532500,06037532500,5325,Census Tract 5325,1014111,4649,Disadvantaged Community,Low,Urban,0,Yes,"Yes, eligible","No, ineligible",1018760.43317413,5865.7730342974
3051,06,037,Los Angeles County,532603,06037532603,5326.03,Census Tract 5326.03,657490,902,Disadvantaged Community,Low,Urban,0,Yes,"Yes, eligible","No, ineligible",658391.946960449,3446.32331532539
3060,06,037,Los Angeles County,541002,06037541002,5410.02,Census Tract 5410.02,3430371,469,Disadvantaged Community,Low,Urban,0,Yes,"Yes, eligible","No, ineligible",3430834.22332001,7878.35411473243
3061,06,037,Los Angeles County,541100,06037541100,5411,Census Tract 5411,1244462,0,Disadvantaged Community,Low,Urban,0,Yes,"Yes, eligible","No, ineligible",1244465.81920624,4687.86890396269
3062,06,037,Los Angeles County,541200,06037541200,5412,Census Tract 5412,2123399,11593,Disadvantaged Community,Low,Urban,0,Yes,"Yes, eligible","No, ineligible",2134989.2482605,7009.55981676514
3063,06,037,Los Angeles County,541300,06037541300,5413,Census Tract 5413,1339957,15006,Disadvantaged Community,Low,Urban,0,Yes,"Yes, eligible","No, ineligible",1354963.80144501,4960.78631257387
3064,06,037,Los Angeles County,541400,06037541400,5414,Census Tract 5414,954535,0,Disadvantaged Community,Low,Urban,0,Yes,"Yes, eligible","No, ineligible",954537.808563232,4726.20104268367
3065,06,037,Los Angeles County,541603,06037541603,5416.03,Census Tract 5416.03,1254760,0,Disadvantaged Community,Low,Urban,0,Yes,"Yes, eligible","No, ineligible",1254761.84640503,6271.34789708373
3066,06,037,Los Angeles County,541604,06037541604,5416.04,Census Tract 5416.04,834332,0,Disadvantaged Community,Low,Urban,0,Yes,"Yes, eligible","No, ineligible",834335.619300842,3713.56017957141
3074,06,037,Los Angeles County,555001,06037555001,5550.01,Census Tract 5550.01,1262437,25934,Disadvantaged Community,Low,Urban,0,Yes,"Yes, eligible","No, ineligible",1288369.01078796,5314.16120164531
3076,06,037,Los Angeles County,555102,06037555102,5551.02,Census Tract 5551.02,1482384,0,Disadvantaged Community,Low,Urban,50.1085685652247,Yes,"Yes, eligible","No, ineligible",1482386.97301483,5069.83945575207
3080,06,037,Los Angeles County,555211,06037555211,5552.11,Census Tract 5552.11,793308,0,Disadvantaged Community,Low,Urban,35.3857041755131,Yes,"Yes, eligible","No, ineligible",793302.734237671,3597.1211874212
3081,06,037,Los Angeles County,555212,06037555212,5552.12,Census Tract 5552.12,680664,26509,Disadvantaged Community,Low,Urban,0,Yes,"Yes, eligible","No, ineligible",707175.145545959,3606.40185788029
3086,06,013,Contra Costa County,373000,06013373000,3730,Census Tract 3730,827433,0,Disadvantaged Community,Low,Urban,0,Yes,"Yes, eligible","No, ineligible",827432.587943554,4481.29184318857
3089,06,107,Tulare County,000402,06107000402,4.02,Census Tract 4.02,2611247,0,Disadvantaged Community,Low,Rural Center,0,Yes,"No, ineligible","Yes, rural center, eligible",2611248.51475906,6454.97212459176
3090,06,013,Contra Costa County,310000,06013310000,3100,Census Tract 3100,1982991,0,Disadvantaged Community,Low,Urban,0,Yes,"Yes, eligible","No, ineligible",1982989.74270481,9261.81615044219
3091,06,037,Los Angeles County,532604,06037532604,5326.04,Census Tract 5326.04,256091,0,Disadvantaged Community,Low,Urban,0,Yes,"Yes, eligible","No, ineligible",256091.969993591,2673.97090378249
3092,06,037,Los Angeles County,532605,06037532605,5326.05,Census Tract 5326.05,524517,0,Disadvantaged Community,Low,Urban,0,Yes,"Yes, eligible","No, ineligible",524517.085151672,3159.49328157406
3093,06,037,Los Angeles County,532700,06037532700,5327,Census Tract 5327,771359,0,Disadvantaged Community,Low,Urban,0,Yes,"Yes, eligible","No, ineligible",771362.160469055,4153.78162029249
3094,06,037,Los Angeles County,533104,06037533104,5331.04,Census Tract 5331.04,341999,0,Disadvantaged Community,Low,Urban,0,Yes,"Yes, eligible","No, ineligible",341998.099578857,2345.20889767981
3095,06,037,Los Angeles County,533107,06037533107,5331.07,Census Tract 5331.07,345829,0,Disadvantaged Community,Low,Urban,0,Yes,"Yes, eligible","No, ineligible",345829.073921204,3098.53357347581
3096,06,037,Los Angeles County,533201,06037533201,5332.01,Census Tract 5332.01,373788,0,Disadvantaged Community,Low,Urban,0,Yes,"Yes, eligible","No, ineligible",373788.518310547,2862.05491341231
3097,06,037,Los Angeles County,533202,06037533202,5332.02,Census Tract 5332.02,329916,0,Disadvantaged Community,Low,Urban,0,Yes,"Yes, eligible","No, ineligible",329915.306182861,2704.35613114971
3098,06,037,Los Angeles County,533203,06037533203,5332.03,Census Tract 5332.03,384938,0,Disadvantaged Community,Low,Urban,0,Yes,"Yes, eligible","No, ineligible",384938.918663025,2783.53471580384
3099,06,037,Los Angeles County,533300,06037533300,5333,Census Tract 5333,346625,0,Disadvantaged Community,Low,Urban,0,Yes,"Yes, eligible","No, ineligible",346624.53679657,2606.88887815529
3101,06,013,Contra Costa County,375000,06013375000,3750,Census Tract 3750,655840,0,Disadvantaged Community,Low,Urban,0,Yes,"Yes, eligible","No, ineligible",655836.6943959,3363.25862796284
3102,06,013,Contra Costa County,376000,06013376000,3760,Census Tract 3760,1218459,0,Disadvantaged Community,Low,Urban,160.128102481986,Yes,"No, ineligible","No, ineligible",1218450.71915394,5466.31611043462
3104,06,013,Contra Costa County,377000,06013377000,3770,Census Tract 3770,1246066,0,Disadvantaged Community,Low,Urban,0,Yes,"Yes, eligible","No, ineligible",1246061.88612044,6302.3666821596
3107,06,037,Los Angeles County,543202,06037543202,5432.02,Census Tract 5432.02,3036585,53916,Disadvantaged Community,Low,Urban,0,Yes,"Yes, eligible","No, ineligible",3090502.57751465,9110.82635726123
3109,06,037,Los Angeles County,543305,06037543305,5433.05,Census Tract 5433.05,8326973,158093,Disadvantaged Community,Low,Urban,0,Yes,"Yes, eligible","No, ineligible",8485064.87404633,12153.9968304369
3111,06,107,Tulare County,000501,06107000501,5.01,Census Tract 5.01,2623777,0,Disadvantaged Community,Low,Rural Center,0,Yes,"No, ineligible","Yes, rural center, eligible",2623778.15475845,6703.68390476229
3113,06,107,Tulare County,001004,06107001004,10.04,Census Tract 10.04,3401207,0,Disadvantaged Community,Low,Urban,0,Yes,"Yes, eligible","No, ineligible",3401203.39295387,8614.29469152955
3117,06,013,Contra Costa County,315000,06013315000,3150,Census Tract 3150,40370091,7092420,Disadvantaged Community,Low,Urban,103.573278094252,Yes,"Yes, eligible","No, ineligible",47462505.542519,32026.651440695
3118,06,013,Contra Costa County,327000,06013327000,3270,Census Tract 3270,8328747,0,Disadvantaged Community,Low,Urban,646.029609690444,Yes,"No, ineligible","No, ineligible",8328753.01677522,13792.4092188464
3128,06,037,Los Angeles County,570100,06037570100,5701,Census Tract 5701,1157596,0,Disadvantaged Community,Low,Urban,0,Yes,"Yes, eligible","No, ineligible",1157597.70735168,4495.44723671299
3129,06,037,Los Angeles County,570202,06037570202,5702.02,Census Tract 5702.02,1664712,0,Disadvantaged Community,Low,Urban,81.6459830176355,Yes,"Yes, eligible","No, ineligible",1664709.24981689,5804.43825381207
3130,06,037,Los Angeles County,570203,06037570203,5702.03,Census Tract 5702.03,1301660,0,Disadvantaged Community,Low,Urban,0,Yes,"Yes, eligible","No, ineligible",1301659.62698364,4845.85644581597
3131,06,037,Los Angeles County,570204,06037570204,5702.04,Census Tract 5702.04,548092,0,Disadvantaged Community,Low,Urban,0,Yes,"Yes, eligible","No, ineligible",548092.1014328,3004.56196538532
3132,06,037,Los Angeles County,570301,06037570301,5703.01,Census Tract 5703.01,1159463,44355,Disadvantaged Community,Low,Urban,0,Yes,"Yes, eligible","No, ineligible",1203819.72039795,5761.91522378764
3133,06,037,Los Angeles County,570303,06037570303,5703.03,Census Tract 5703.03,600473,15536,Disadvantaged Community,Low,Urban,0,Yes,"Yes, eligible","No, ineligible",616008.085083008,3524.99786910781
3138,06,013,Contra Costa County,379000,06013379000,3790,Census Tract 3790,1692104,0,Disadvantaged Community,Low,Urban,0,Yes,"Yes, eligible","No, ineligible",1692099.20940673,6941.92053519225
3139,06,013,Contra Costa County,382000,06013382000,3820,Census Tract 3820,1917613,0,Disadvantaged Community,Low,Urban,36.7692119132247,Yes,"Yes, eligible","No, ineligible",1917611.50231087,9627.57283801337
3140,06,013,Contra Costa County,313101,06013313101,3131.01,Census Tract 3131.01,3584292,0,Disadvantaged Community,Low,Urban,13.9314572304263,Yes,"Yes, eligible","No, ineligible",3584286.21381845,8061.84411685191
3141,06,037,Los Angeles County,533401,06037533401,5334.01,Census Tract 5334.01,475297,0,Disadvantaged Community,Low,Urban,0,Yes,"Yes, eligible","No, ineligible",475297.564277649,3426.49786109581
3142,06,037,Los Angeles County,533601,06037533601,5336.01,Census Tract 5336.01,547556,0,Disadvantaged Community,Low,Urban,0,Yes,"Yes, eligible","No, ineligible",547555.45438385,3742.34847581486
3143,06,037,Los Angeles County,533602,06037533602,5336.02,Census Tract 5336.02,701194,0,Disadvantaged Community,Low,Urban,144.248106743599,Yes,"No, ineligible","No, ineligible",701196.287483215,4375.19164582825
3144,06,037,Los Angeles County,533702,06037533702,5337.02,Census Tract 5337.02,324089,0,Disadvantaged Community,Low,Urban,0,Yes,"Yes, eligible","No, ineligible",324089.634590149,2314.3549404297
3158,06,059,Orange County,074108,06059074108,741.08,Census Tract 741.08,2031758,110506,Disadvantaged Community,Low,Urban,0,Yes,"Yes, eligible","No, ineligible",2142262.32189941,6073.17700515142
3159,06,059,Orange County,074109,06059074109,741.09,Census Tract 741.09,864495,0,Disadvantaged Community,Low,Urban,0,Yes,"Yes, eligible","No, ineligible",864497.341690063,4040.22852135311
3162,06,107,Tulare County,001100,06107001100,11,Census Tract 11,2046731,0,Disadvantaged Community,Low,Urban,0,Yes,"Yes, eligible","No, ineligible",2046727.41431904,6428.15043243678
3163,06,107,Tulare County,001200,06107001200,12,Census Tract 12,1654395,0,Disadvantaged Community,Low,Urban,803.212851405623,Yes,"No, ineligible","No, ineligible",1654391.06724262,6406.60888625306
3164,06,107,Tulare County,001601,06107001601,16.01,Census Tract 16.01,2381850,0,Disadvantaged Community,Low,Rural Center,147.547030616009,Yes,"No, ineligible","Yes, rural center, eligible",2381855.36404228,8116.03342115227
3165,06,059,Orange County,074200,06059074200,742,Census Tract 742,1501162,0,Disadvantaged Community,Low,Urban,0,Yes,"Yes, eligible","No, ineligible",1501162.41200256,4914.77327244131
3170,06,111,Ventura County,003201,06111003201,32.01,Census Tract 32.01,531482,0,Disadvantaged Community,Low,Urban,0,Yes,"Yes, eligible","No, ineligible",531486.756874084,2947.64984738226
3187,06,013,Contra Costa County,311000,06013311000,3110,Census Tract 3110,1623110,0,Disadvantaged Community,Low,Urban,75.0609870519797,Yes,"Yes, eligible","No, ineligible",1623110.95673202,5943.76568196725
3188,06,013,Contra Costa County,312000,06013312000,3120,Census Tract 3120,1408549,0,Disadvantaged Community,Low,Urban,178.332590280874,Yes,"No, ineligible","No, ineligible",1408551.1983328,6184.5620411794
3189,06,107,Tulare County,001701,06107001701,17.01,Census Tract 17.01,2368723,0,Disadvantaged Community,Low,Urban,0,Yes,"Yes, eligible","No, ineligible",2368721.26911926,6289.96645976748
3199,06,059,Orange County,001202,06059001202,12.02,Census Tract 12.02,875893,0,Disadvantaged Community,Low,Urban,81.9224467504096,Yes,"Yes, eligible","No, ineligible",875891.808120728,4816.06605132687
3217,06,013,Contra Costa County,358000,06013358000,3580,Census Tract 3580,6875372,4058596,Disadvantaged Community,Low,Urban,0,Yes,"Yes, eligible","No, ineligible",10933971.7688019,14683.8442369351
3221,06,013,Contra Costa County,364002,06013364002,3640.02,Census Tract 3640.02,1994832,0,Disadvantaged Community,Low,Urban,0,Yes,"Yes, eligible","No, ineligible",1994830.67006294,7896.80684826402
3222,06,013,Contra Costa County,366001,06013366001,3660.01,Census Tract 3660.01,1017166,0,Disadvantaged Community,Low,Urban,0,Yes,"Yes, eligible","No, ineligible",1017165.06815854,5228.33874731588
3232,06,059,Orange County,074004,06059074004,740.04,Census Tract 740.04,1345987,0,Disadvantaged Community,Low,Urban,51.513200257566,Yes,"Yes, eligible","No, ineligible",1345989.74627686,4991.2434095797
3233,06,059,Orange County,074005,06059074005,740.05,Census Tract 740.05,1282141,0,Disadvantaged Community,Low,Urban,0,Yes,"Yes, eligible","No, ineligible",1282141.99556732,5275.81724170974
3237,06,037,Los Angeles County,480902,06037480902,4809.02,Census Tract 4809.02,521034,0,Disadvantaged Community,Low,Urban,0,Yes,"Yes, eligible","No, ineligible",521032.99659729,3511.18160130577
3253,06,013,Contra Costa County,313102,06013313102,3131.02,Census Tract 3131.02,1993613,0,Disadvantaged Community,Low,Urban,391.730141458107,Yes,"No, ineligible","No, ineligible",1993612.55555376,5703.02042939645
3254,06,013,Contra Costa County,314102,06013314102,3141.02,Census Tract 3141.02,4883012,643498,Disadvantaged Community,Low,Urban,0,Yes,"Yes, eligible","No, ineligible",5526508.86494312,12777.8287660947
3256,06,013,Contra Costa County,366002,06013366002,3660.02,Census Tract 3660.02,1033959,0,Disadvantaged Community,Low,Urban,0,Yes,"Yes, eligible","No, ineligible",1033960.3030706,5140.18640270878
3258,06,059,Orange County,001304,06059001304,13.04,Census Tract 13.04,1252716,0,Disadvantaged Community,Low,Urban,125.565042692115,Yes,"No, ineligible","No, ineligible",1252715.78762817,6696.46631403619
3259,06,059,Orange County,001401,06059001401,14.01,Census Tract 14.01,1592981,15869,Disadvantaged Community,Low,Urban,0,Yes,"Yes, eligible","No, ineligible",1608851.81703186,6146.70347145216
3261,06,047,Merced County,002402,06047002402,24.02,Census Tract 24.02,28084169,0,Disadvantaged Community,Low,Rural Center,0,Yes,"No, ineligible","Yes, rural center, eligible",28084160.1756344,22815.5964470813
3262,06,111,Ventura County,002905,06111002905,29.05,Census Tract 29.05,19515069,1353358,Disadvantaged Community,Middle,Urban,0,Yes,"Yes, eligible","No, ineligible",20868419.1656456,21863.0476264884
3265,06,037,Los Angeles County,134903,06037134903,1349.03,Census Tract 1349.03,564484,1794,Disadvantaged Community,Low,Urban,72.2647781471311,Yes,"Yes, eligible","No, ineligible",566279.539813995,3195.35365189933
3267,06,037,Los Angeles County,139504,06037139504,1395.04,Census Tract 1395.04,289067,0,Disadvantaged Community,Low,Urban,50.0250125062531,Yes,"Yes, eligible","No, ineligible",289067.390407562,2469.80572258539
3271,06,037,Los Angeles County,195803,06037195803,1958.03,Census Tract 1958.03,377391,0,Disadvantaged Community,Middle,Urban,37.9650721336371,Yes,"Yes, eligible","No, ineligible",377392.975395203,2745.37649477814
3272,06,037,Los Angeles County,102105,06037102105,1021.05,Census Tract 1021.05,492761,0,Disadvantaged Community,Low,Urban,0,Yes,"Yes, eligible","No, ineligible",492760.714057922,3036.62109838532
3274,06,037,Los Angeles County,104821,06037104821,1048.21,Census Tract 1048.21,531802,0,Disadvantaged Community,Low,Urban,28.1610813855252,Yes,"Yes, eligible","No, ineligible",531801.999153137,3445.11888326042
3278,06,019,Fresno County,004504,06019004504,45.04,Census Tract 45.04,2583354,0,Disadvantaged Community,Low,Urban,0,Yes,"Yes, eligible","No, ineligible",2583353.26647758,6440.26034099105
3279,06,019,Fresno County,004505,06019004505,45.05,Census Tract 45.05,2578543,0,Disadvantaged Community,Low,Urban,276.497695852535,Yes,"No, ineligible","No, ineligible",2578543.39883351,6424.54698759669
3281,06,099,Stanislaus County,001002,06099001002,10.02,Census Tract 10.02,1951654,0,Disadvantaged Community,Low,Urban,0,Yes,"Yes, eligible","No, ineligible",1951654.97304726,6868.05061522603
3282,06,037,Los Angeles County,115104,06037115104,1151.04,Census Tract 1151.04,1020176,0,Disadvantaged Community,Low,Urban,0,Yes,"Yes, eligible","No, ineligible",1020174.72358322,6189.59873922048
3283,06,037,Los Angeles County,119201,06037119201,1192.01,Census Tract 1192.01,947373,4796,Disadvantaged Community,Low,Urban,21.9925225423356,Yes,"Yes, eligible","No, ineligible",952168.82277298,3946.81999969407
3284,06,037,Los Angeles County,125501,06037125501,1255.01,Census Tract 1255.01,464095,0,Disadvantaged Community,Low,Urban,98.2961992136304,Yes,"Yes, eligible","No, ineligible",464094.894683838,2812.59068477471
3288,06,037,Los Angeles County,571703,06037571703,5717.03,Census Tract 5717.03,397479,0,Disadvantaged Community,Low,Urban,0,Yes,"Yes, eligible","No, ineligible",397479.34941864,2957.72946789731
3295,06,099,Stanislaus County,002501,06099002501,25.01,Census Tract 25.01,5181157,0,Disadvantaged Community,Middle,Urban,43.2027649769585,Yes,"Yes, eligible","No, ineligible",5181157.81996107,9548.14269904842
3296,06,099,Stanislaus County,002602,06099002602,26.02,Census Tract 26.02,2675771,0,Disadvantaged Community,Low,Urban,35.0692617920393,Yes,"Yes, eligible","No, ineligible",2675772.17936683,7684.580471653
3297,06,099,Stanislaus County,002301,06099002301,23.01,Census Tract 23.01,3884984,140550,Disadvantaged Community,Low,Urban,0,Yes,"Yes, eligible","No, ineligible",4025531.34233308,14179.8194470638
3298,06,099,Stanislaus County,002604,06099002604,26.04,Census Tract 26.04,1776055,0,Disadvantaged Community,Low,Urban,0,Yes,"Yes, eligible","No, ineligible",1776058.07935953,6013.7713035792
3299,06,099,Stanislaus County,002605,06099002605,26.05,Census Tract 26.05,1646280,0,Disadvantaged Community,Low,Urban,0,Yes,"Yes, eligible","No, ineligible",1646280.46736121,5265.58014790913
3300,06,099,Stanislaus County,002701,06099002701,27.01,Census Tract 27.01,1956625,66887,Disadvantaged Community,Middle,Urban,0,Yes,"Yes, eligible","No, ineligible",2023515.18331337,7654.2229424814
3301,06,099,Stanislaus County,003803,06099003803,38.03,Census Tract 38.03,1764362,0,Disadvantaged Community,Low,Urban,0,Yes,"Yes, eligible","No, ineligible",1764363.66732216,5887.64060149475
3302,06,099,Stanislaus County,003904,06099003904,39.04,Census Tract 39.04,3654403,0,Disadvantaged Community,Low,Urban,0,Yes,"Yes, eligible","No, ineligible",3654404.22502255,10194.3442212487
3303,06,059,Orange County,089001,06059089001,890.01,Census Tract 890.01,1305083,0,Disadvantaged Community,Low,Urban,0,Yes,"Yes, eligible","No, ineligible",1305085.47673798,4851.04533268318
3305,06,037,Los Angeles County,134520,06037134520,1345.20,Census Tract 1345.20,950602,16628,Disadvantaged Community,Low,Urban,197.856553998351,Yes,"No, ineligible","No, ineligible",967230.092430115,4011.89050463563
3317,06,059,Orange County,075100,06059075100,751,Census Tract 751,1495756,0,Disadvantaged Community,Low,Urban,0,Yes,"Yes, eligible","No, ineligible",1495749.79328918,5860.20257464226
3318,06,059,Orange County,075201,06059075201,752.01,Census Tract 752.01,1078104,79371,Disadvantaged Community,Low,Urban,0,Yes,"Yes, eligible","No, ineligible",1157473.22635651,4891.98559774729
3319,06,059,Orange County,075202,06059075202,752.02,Census Tract 752.02,1168280,0,Disadvantaged Community,Low,Urban,125.178826895565,Yes,"No, ineligible","No, ineligible",1168281.83893585,4631.0538690996
3330,06,059,Orange County,087200,06059087200,872,Census Tract 872,2155060,0,Disadvantaged Community,Low,Urban,375.404530744337,Yes,"No, ineligible","No, ineligible",2155059.14099121,6388.80158248908
3331,06,059,Orange County,087300,06059087300,873,Census Tract 873,1628676,0,Disadvantaged Community,Low,Urban,149.337315661751,Yes,"No, ineligible","No, ineligible",1628674.18008423,5253.8457055882
3332,06,059,Orange County,087401,06059087401,874.01,Census Tract 874.01,1017546,0,Disadvantaged Community,Middle,Urban,0,Yes,"Yes, eligible","No, ineligible",1017546.57653809,5087.82460382188
3333,06,059,Orange County,087405,06059087405,874.05,Census Tract 874.05,1162548,0,Disadvantaged Community,Low,Urban,106.628754220722,Yes,"No, ineligible","No, ineligible",1162547.72141266,5590.49366925057
3339,06,067,Sacramento County,004401,06067004401,44.01,Census Tract 44.01,1386523,0,Disadvantaged Community,Low,Urban,0,Yes,"Yes, eligible","No, ineligible",1386521.71155453,5107.44424285957
3342,06,111,Ventura County,002400,06111002400,24,Census Tract 24,1937548,603811,Disadvantaged Community,Low,Urban,695.786625434867,Yes,"No, ineligible","No, ineligible",2541362.35654831,7482.02894329735
3345,06,067,Sacramento County,005502,06067005502,55.02,Census Tract 55.02,2868041,0,Disadvantaged Community,Low,Urban,813.289496452673,Yes,"No, ineligible","No, ineligible",2868045.16809034,8074.03340387736
3346,06,099,Stanislaus County,001200,06099001200,12,Census Tract 12,1534495,0,Disadvantaged Community,Middle,Urban,0,Yes,"Yes, eligible","No, ineligible",1534496.4830668,6373.94768340062
3347,06,099,Stanislaus County,001500,06099001500,15,Census Tract 15,10950049,53096,Disadvantaged Community,Low,Urban,0,Yes,"Yes, eligible","No, ineligible",11003143.7033567,18803.2775263288
3348,06,099,Stanislaus County,001601,06099001601,16.01,Census Tract 16.01,1588942,0,Disadvantaged Community,Low,Urban,0,Yes,"Yes, eligible","No, ineligible",1588939.00386691,6354.52077391842
3349,06,099,Stanislaus County,001603,06099001603,16.03,Census Tract 16.03,2581318,77463,Disadvantaged Community,Low,Urban,0,Yes,"Yes, eligible","No, ineligible",2658785.27228665,8438.5001219057
3350,06,099,Stanislaus County,001700,06099001700,17,Census Tract 17,1222657,0,Disadvantaged Community,Low,Urban,0,Yes,"Yes, eligible","No, ineligible",1222654.26482081,5423.20257314022
3351,06,099,Stanislaus County,001300,06099001300,13,Census Tract 13,3617684,0,Disadvantaged Community,Middle,Urban,0,Yes,"Yes, eligible","No, ineligible",3617681.31939125,8045.05393161836
3354,06,067,Sacramento County,004601,06067004601,46.01,Census Tract 46.01,2267752,0,Disadvantaged Community,Low,Urban,0,Yes,"Yes, eligible","No, ineligible",2267753.78394032,6140.39705070992
3355,06,067,Sacramento County,004602,06067004602,46.02,Census Tract 46.02,1316728,0,Disadvantaged Community,Low,Urban,0,Yes,"Yes, eligible","No, ineligible",1316730.11694145,4868.81254730239
3356,06,067,Sacramento County,004801,06067004801,48.01,Census Tract 48.01,1872217,0,Disadvantaged Community,Low,Urban,0,Yes,"Yes, eligible","No, ineligible",1872219.71993208,6516.27108737447
3357,06,099,Stanislaus County,001400,06099001400,14,Census Tract 14,2857948,0,Disadvantaged Community,Low,Urban,62.1021580499922,Yes,"Yes, eligible","No, ineligible",2857947.0535419,7434.50919788598
3358,06,099,Stanislaus County,001800,06099001800,18,Census Tract 18,2664920,16003,Disadvantaged Community,Low,Urban,340.570455512984,Yes,"No, ineligible","No, ineligible",2680930.84716201,8204.83408156873
3359,06,099,Stanislaus County,001900,06099001900,19,Census Tract 19,2847993,0,Disadvantaged Community,Middle,Urban,0,Yes,"Yes, eligible","No, ineligible",2847990.60725689,7406.0493716731
3360,06,099,Stanislaus County,002002,06099002002,20.02,Census Tract 20.02,19041400,83115,Disadvantaged Community,Low,Urban,0,Yes,"Yes, eligible","No, ineligible",19124516.1468344,24359.5471122044
3361,06,099,Stanislaus County,002702,06099002702,27.02,Census Tract 27.02,2199425,28366,Disadvantaged Community,Low,Urban,0,Yes,"Yes, eligible","No, ineligible",2227788.51356769,6498.95944082747
3362,06,099,Stanislaus County,002802,06099002802,28.02,Census Tract 28.02,92743127,532596,Disadvantaged Community,Low,Rural,0,Yes,"No, ineligible","Yes, rural, eligible",93275731.3868248,50599.0532716555
3366,06,067,Sacramento County,004802,06067004802,48.02,Census Tract 48.02,1423403,0,Disadvantaged Community,Low,Urban,0,Yes,"Yes, eligible","No, ineligible",1423406.14398098,5392.53544735244
3368,06,067,Sacramento County,004904,06067004904,49.04,Census Tract 49.04,2477077,0,Disadvantaged Community,Low,Urban,0,Yes,"Yes, eligible","No, ineligible",2477080.14586449,7042.04867179254
3369,06,067,Sacramento County,005201,06067005201,52.01,Census Tract 52.01,1881676,168226,Disadvantaged Community,Low,Urban,755.327758295117,Yes,"No, ineligible","No, ineligible",2049902.31684351,6529.90166359623
3405,06,071,San Bernardino County,004900,06071004900,49,Census Tract 49,4834572,35274,Disadvantaged Community,Low,Urban,182.763953324898,Yes,"No, ineligible","No, ineligible",4869844.06878662,9421.7369420283
3406,06,071,San Bernardino County,006100,06071006100,61,Census Tract 61,4377818,37681,Disadvantaged Community,Low,Urban,0,Yes,"Yes, eligible","No, ineligible",4415496.05989838,10904.6213879308
3412,06,059,Orange County,074602,06059074602,746.02,Census Tract 746.02,1010694,0,Disadvantaged Community,Low,Urban,0,Yes,"Yes, eligible","No, ineligible",1010694.74517822,5089.45538874401
3413,06,059,Orange County,074802,06059074802,748.02,Census Tract 748.02,1130945,0,Disadvantaged Community,Low,Urban,59.0667454223272,Yes,"Yes, eligible","No, ineligible",1130951.19945526,4285.96771024075
3420,06,065,Riverside County,042901,06065042901,429.01,Census Tract 429.01,28079172,173856,Disadvantaged Community,Low,Urban,0,Yes,"Yes, eligible","No, ineligible",28253029.8149033,42787.1933217547
3421,06,065,Riverside County,041409,06065041409,414.09,Census Tract 414.09,42200741,53718,Disadvantaged Community,High,Urban,24.2248062015504,Yes,"Yes, eligible","No, ineligible",42254462.0511932,35038.728582134
3428,06,065,Riverside County,041600,06065041600,416,Census Tract 416,3279701,816,Disadvantaged Community,Low,Urban,92.1517432038089,Yes,"Yes, eligible","No, ineligible",3280511.38139343,9637.67609627298
3434,06,065,Riverside County,043005,06065043005,430.05,Census Tract 430.05,14760461,0,Disadvantaged Community,Low,Urban,385.906040268456,Yes,"No, ineligible","No, ineligible",14760456.1980515,25694.5943566336
3437,06,067,Sacramento County,005002,06067005002,50.02,Census Tract 50.02,3064830,0,Disadvantaged Community,Low,Urban,0,Yes,"Yes, eligible","No, ineligible",3064831.38518143,9576.34045020014
3439,06,067,Sacramento County,005101,06067005101,51.01,Census Tract 51.01,2044251,0,Disadvantaged Community,Low,Urban,0,Yes,"Yes, eligible","No, ineligible",2044249.89729786,5831.54323467789
3444,06,059,Orange County,087504,06059087504,875.04,Census Tract 875.04,946684,0,Disadvantaged Community,Low,Urban,0,Yes,"Yes, eligible","No, ineligible",946677.191703796,4235.80481803124
3449,06,059,Orange County,089003,06059089003,890.03,Census Tract 890.03,1303056,0,Disadvantaged Community,Low,Urban,0,Yes,"Yes, eligible","No, ineligible",1303056.62989807,4841.34029156923
3450,06,059,Orange County,089004,06059089004,890.04,Census Tract 890.04,1292714,0,Disadvantaged Community,Low,Urban,0,Yes,"Yes, eligible","No, ineligible",1292714.27513123,4848.84244411969
3451,06,099,Stanislaus County,002004,06099002004,20.04,Census Tract 20.04,3133726,12883,Disadvantaged Community,Low,Urban,0,Yes,"Yes, eligible","No, ineligible",3146604.05103612,11079.1532435558
3454,06,059,Orange County,089105,06059089105,891.05,Census Tract 891.05,1224993,23027,Disadvantaged Community,Low,Urban,0,Yes,"Yes, eligible","No, ineligible",1248018.91973877,4364.1392487236
3455,06,065,Riverside County,041703,06065041703,417.03,Census Tract 417.03,977553,0,Disadvantaged Community,Low,Urban,62.7155848228285,Yes,"Yes, eligible","No, ineligible",977552.586090088,4247.1594061213
3456,06,065,Riverside County,041500,06065041500,415,Census Tract 415,13957351,80165,Disadvantaged Community,Middle,Urban,367.759730309531,Yes,"No, ineligible","No, ineligible",14037520.6021957,21452.8962866547
3464,06,065,Riverside County,040301,06065040301,403.01,Census Tract 403.01,3359957,0,Disadvantaged Community,Low,Urban,0,Yes,"Yes, eligible","No, ineligible",3359955.40544128,13466.7065404791
3469,06,065,Riverside County,042521,06065042521,425.21,Census Tract 425.21,1619378,0,Disadvantaged Community,Low,Urban,0,Yes,"Yes, eligible","No, ineligible",1619379.6109848,5634.25615545591
3470,06,067,Sacramento County,002200,06067002200,22,Census Tract 22,2442983,287416,Disadvantaged Community,Low,Urban,0,Yes,"Yes, eligible","No, ineligible",2730402.13247871,8130.34561265693
3471,06,099,Stanislaus County,002100,06099002100,21,Census Tract 21,4790372,194176,Disadvantaged Community,Low,Urban,0,Yes,"Yes, eligible","No, ineligible",4984538.09051871,11429.0694272024
3492,06,075,San Francisco County,061000,06075061000,610,Census Tract 610,2169752,865060,Disadvantaged Community,Low,Urban,0,Yes,"Yes, eligible","No, ineligible",3034814.75562334,10130.6416396652
3493,06,037,Los Angeles County,533402,06037533402,5334.02,Census Tract 5334.02,485626,0,Disadvantaged Community,Low,Urban,0,Yes,"Yes, eligible","No, ineligible",485625.457809448,2989.30798902787
3494,06,037,Los Angeles County,533501,06037533501,5335.01,Census Tract 5335.01,422242,0,Disadvantaged Community,Low,Urban,0,Yes,"Yes, eligible","No, ineligible",422243.278198242,2714.89181631127
3504,06,065,Riverside County,030200,06065030200,302,Census Tract 302,5100982,541422,Disadvantaged Community,Middle,Urban,0,Yes,"Yes, eligible","No, ineligible",5642408.89130402,16020.9755128122
3505,06,065,Riverside County,040201,06065040201,402.01,Census Tract 402.01,7845587,684526,Disadvantaged Community,Middle,Urban,31.5457413249211,Yes,"Yes, eligible","No, ineligible",8530114.60460663,21475.8793280256
3507,06,065,Riverside County,042209,06065042209,422.09,Census Tract 422.09,5564753,9589,Disadvantaged Community,Low,Urban,0,Yes,"Yes, eligible","No, ineligible",5574343.51173401,14438.7974667135
3510,06,065,Riverside County,031701,06065031701,317.01,Census Tract 317.01,16059427,77627,Disadvantaged Community,Low,Urban,0,Yes,"Yes, eligible","No, ineligible",16137053.8154449,18744.5222992582
3514,06,059,Orange County,110402,06059110402,1104.02,Census Tract 1104.02,1961254,0,Disadvantaged Community,Low,Urban,0,Yes,"Yes, eligible","No, ineligible",1961256.39434814,6498.58186532527
3520,06,065,Riverside County,041004,06065041004,410.04,Census Tract 410.04,9787612,447739,Disadvantaged Community,Middle,Urban,0,Yes,"Yes, eligible","No, ineligible",10235354.7990265,20828.6659568639
3522,06,065,Riverside County,040502,06065040502,405.02,Census Tract 405.02,8988896,0,Disadvantaged Community,Low,Urban,0,Yes,"Yes, eligible","No, ineligible",8988895.46805573,14462.7387366014
3528,06,059,Orange County,075514,06059075514,755.14,Census Tract 755.14,511565,0,Disadvantaged Community,Low,Urban,0,Yes,"Yes, eligible","No, ineligible",511566.606651306,3124.67544554201
3530,06,067,Sacramento County,003700,06067003700,37,Census Tract 37,1427631,0,Disadvantaged Community,Low,Urban,0,Yes,"Yes, eligible","No, ineligible",1427634.49812937,5221.32544102962
3532,06,029,Kern County,002812,06029002812,28.12,Census Tract 28.12,1593248,0,Disadvantaged Community,Low,Urban,39.8327026488747,Yes,"Yes, eligible","No, ineligible",1593248.19723892,5534.00161025533
3542,06,067,Sacramento County,002100,06067002100,21,Census Tract 21,1451239,89475,Disadvantaged Community,Middle,Urban,286.259541984733,Yes,"No, ineligible","No, ineligible",1540713.18475676,5575.71661708896
3545,06,037,Los Angeles County,134710,06037134710,1347.10,Census Tract 1347.10,566354,4275,Disadvantaged Community,Low,Urban,0,Yes,"Yes, eligible","No, ineligible",570629.47700119,3031.33001793263
3546,06,037,Los Angeles County,134800,06037134800,1348,Census Tract 1348,1859220,15191,Disadvantaged Community,Low,Urban,0,Yes,"Yes, eligible","No, ineligible",1874410.4397583,5664.72200740397
3548,06,099,Stanislaus County,002902,06099002902,29.02,Census Tract 29.02,21463055,312934,Disadvantaged Community,Middle,Urban,0,Yes,"Yes, eligible","No, ineligible",21775990.3183959,24897.9012342814
3551,06,059,Orange County,074003,06059074003,740.03,Census Tract 740.03,3600726,17402,Disadvantaged Community,Low,Urban,472.813238770686,Yes,"No, ineligible","No, ineligible",3618123.36991882,9819.56764722175
3557,06,059,Orange County,110302,06059110302,1103.02,Census Tract 1103.02,2189905,0,Disadvantaged Community,Low,Urban,0,Yes,"Yes, eligible","No, ineligible",2189909.61282349,5969.37718886991
3558,06,059,Orange County,110500,06059110500,1105,Census Tract 1105,4588612,23818,Disadvantaged Community,Low,Urban,311.167454189236,Yes,"No, ineligible","No, ineligible",4612430.04754639,10280.4479315771
3559,06,059,Orange County,110603,06059110603,1106.03,Census Tract 1106.03,1885891,0,Disadvantaged Community,Low,Urban,46.1414234629138,Yes,"Yes, eligible","No, ineligible",1885890.74492645,6626.47876107555
3563,06,059,Orange County,001201,06059001201,12.01,Census Tract 12.01,872396,0,Disadvantaged Community,Low,Urban,0,Yes,"Yes, eligible","No, ineligible",872395.591400146,4328.16494005617
3575,06,059,Orange County,076204,06059076204,762.04,Census Tract 762.04,6158839,385033,Disadvantaged Community,Low,Urban,64.6691097219228,Yes,"Yes, eligible","No, ineligible",6543870.47012329,12317.199046992
3582,06,059,Orange County,087803,06059087803,878.03,Census Tract 878.03,1290820,0,Disadvantaged Community,Low,Urban,0,Yes,"Yes, eligible","No, ineligible",1290823.66571808,4834.60879275169
3583,06,059,Orange County,087805,06059087805,878.05,Census Tract 878.05,1308427,0,Disadvantaged Community,Low,Urban,0,Yes,"Yes, eligible","No, ineligible",1308427.40906525,4848.60003420865
3584,06,059,Orange County,087806,06059087806,878.06,Census Tract 878.06,1219703,0,Disadvantaged Community,Low,Urban,15.0285542530809,Yes,"Yes, eligible","No, ineligible",1219702.14080048,4738.88275492851
3588,06,037,Los Angeles County,900602,06037900602,9006.02,Census Tract 9006.02,5139263,0,Disadvantaged Community,Low,Urban,36.0880548538434,Yes,"Yes, eligible","No, ineligible",5139266.60192871,9629.11526554507
3592,06,099,Stanislaus County,003002,06099003002,30.02,Census Tract 30.02,23952979,0,Disadvantaged Community,Low,Urban,0,Yes,"Yes, eligible","No, ineligible",23952978.4351227,23385.2890971656
3596,06,037,Los Angeles County,134303,06037134303,1343.03,Census Tract 1343.03,1570731,14224,Disadvantaged Community,Low,Urban,134.6348030966,Yes,"No, ineligible","No, ineligible",1584958.92988205,5253.72939676359
3597,06,037,Los Angeles County,134304,06037134304,1343.04,Census Tract 1343.04,1020439,0,Disadvantaged Community,Low,Urban,0,Yes,"Yes, eligible","No, ineligible",1020438.72166824,4137.09763099895
3599,06,099,Stanislaus County,003100,06099003100,31,Census Tract 31,153736738,5527915,Disadvantaged Community,Low,Rural,0,Yes,"No, ineligible","Yes, rural, eligible",159264663.625406,83697.1751764176
3606,06,059,Orange County,074801,06059074801,748.01,Census Tract 748.01,861320,0,Disadvantaged Community,Low,Urban,0,Yes,"Yes, eligible","No, ineligible",861321.937156677,3884.53649785116
3608,06,059,Orange County,110606,06059110606,1106.06,Census Tract 1106.06,1039985,1032,Disadvantaged Community,Low,Urban,0,Yes,"Yes, eligible","No, ineligible",1041021.2273407,4301.9619799015
3612,06,059,Orange County,063605,06059063605,636.05,Census Tract 636.05,1035439,0,Disadvantaged Community,Low,Urban,0,Yes,"Yes, eligible","No, ineligible",1035438.77799225,4535.97424111391
3617,06,111,Ventura County,004400,06111004400,44,Census Tract 44,2005413,393411,Disadvantaged Community,Low,Urban,148.404650012367,Yes,"No, ineligible","No, ineligible",2398824.4488163,7493.00493503138
3639,06,077,San Joaquin County,005202,06077005202,52.02,Census Tract 52.02,83939146,3548260,Disadvantaged Community,High,Urban,23.2396002788752,Yes,"Yes, eligible","No, ineligible",87487418.4676154,45312.2430340681
3648,06,067,Sacramento County,007413,06067007413,74.13,Census Tract 74.13,5486059,192933,Disadvantaged Community,Low,Urban,0,Yes,"Yes, eligible","No, ineligible",5678995.37875462,15097.6743652619
3670,06,059,Orange County,099601,06059099601,996.01,Census Tract 996.01,3245226,0,Disadvantaged Community,Low,Urban,484.094052558783,Yes,"No, ineligible","No, ineligible",3245227.4865036,8126.42138325409
3678,06,037,Los Angeles County,702803,06037702803,7028.03,Census Tract 7028.03,847106,224,Disadvantaged Community,Low,Urban,326.477309826967,Yes,"No, ineligible","No, ineligible",847328.817886353,8364.44136839465
3686,06,037,Los Angeles County,900606,06037900606,9006.06,Census Tract 9006.06,1742997,0,Disadvantaged Community,Low,Urban,0,Yes,"Yes, eligible","No, ineligible",1742997.89832687,6335.18041825313
3687,06,087,Santa Cruz County,110300,06087110300,1103,Census Tract 1103,1186153,0,Disadvantaged Community,Low,Urban,219.931271477663,Yes,"No, ineligible","No, ineligible",1186152.0181427,5786.41943896743
3689,06,059,Orange County,074300,06059074300,743,Census Tract 743,520237,0,Disadvantaged Community,Low,Urban,0,Yes,"Yes, eligible","No, ineligible",520234.084579468,3050.62746219425
3690,06,059,Orange County,074403,06059074403,744.03,Census Tract 744.03,4447818,0,Disadvantaged Community,Low,Urban,32.0512820512821,Yes,"Yes, eligible","No, ineligible",4447819.42800903,9557.8777574077
3695,06,059,Orange County,086301,06059086301,863.01,Census Tract 863.01,1861266,0,Disadvantaged Community,Low,Urban,28.2685512367491,Yes,"Yes, eligible","No, ineligible",1861264.07849121,5657.3601263048
3698,06,059,Orange County,086306,06059086306,863.06,Census Tract 863.06,1665338,213180,Disadvantaged Community,Low,Urban,0,Yes,"Yes, eligible","No, ineligible",1878515.47705841,8228.41553528547
3701,06,059,Orange County,088101,06059088101,881.01,Census Tract 881.01,3484654,0,Disadvantaged Community,Low,Urban,0,Yes,"Yes, eligible","No, ineligible",3484656.56762695,8466.542657778
3710,06,085,Santa Clara County,504602,06085504602,5046.02,Census Tract 5046.02,58282936,5655718,Disadvantaged Community,Low,Urban,4246.28450106157,Yes,"No, ineligible","No, ineligible",63938659.6908379,39616.7117884954
3733,06,095,Solano County,253500,06095253500,2535,Census Tract 2535,577017727,28766458,Disadvantaged Community,Middle,Rural,37.4672161858374,Yes,"No, ineligible","Yes, rural, eligible",605784228.344789,121476.20529387
3735,06,095,Solano County,251802,06095251802,2518.02,Census Tract 2518.02,2312579,149921,Disadvantaged Community,Low,Urban,288.808664259928,Yes,"No, ineligible","No, ineligible",2462497.75535941,7087.55171036815
3743,06,039,Madera County,000506,06039000506,5.06,Census Tract 5.06,42254245,0,Disadvantaged Community,Middle,Rural Center,139.082058414465,Yes,"No, ineligible","Yes, rural center, eligible",42254253.2065413,32743.9591892771
3745,06,039,Madera County,000502,06039000502,5.02,Census Tract 5.02,10761866,0,Disadvantaged Community,Low,Urban,185.5574454925,Yes,"No, ineligible","No, ineligible",10761867.9158053,14340.1071187783
3746,06,039,Madera County,000508,06039000508,5.08,Census Tract 5.08,108972169,0,Disadvantaged Community,Middle,Rural,52.6939797128178,Yes,"No, ineligible","Yes, rural, eligible",108972174.531158,42159.5764557197
3747,06,039,Madera County,000602,06039000602,6.02,Census Tract 6.02,1416845,0,Disadvantaged Community,Low,Urban,0,Yes,"Yes, eligible","No, ineligible",1416847.59332487,6413.10937891277
3749,06,039,Madera County,001000,06039001000,10,Census Tract 10,373652565,363850,Disadvantaged Community,Middle,Rural,649.847094801223,Yes,"No, ineligible","Yes, rural, eligible",374016440.457752,130393.178918892
3750,06,039,Madera County,000503,06039000503,5.03,Census Tract 5.03,153258680,0,Disadvantaged Community,Low,Rural,64.5716745587602,Yes,"No, ineligible","Yes, rural, eligible",153258675.089564,58246.8160695209
3753,06,095,Solano County,251200,06095251200,2512,Census Tract 2512,1198604,0,Disadvantaged Community,Low,Urban,709.80070980071,Yes,"No, ineligible","No, ineligible",1198603.39033246,4388.66864811279
3754,06,085,Santa Clara County,500100,06085500100,5001,Census Tract 5001,1922127,0,Disadvantaged Community,Low,Urban,168.552853359018,Yes,"No, ineligible","No, ineligible",1922120.99560547,6049.59497614955
3757,06,095,Solano County,252502,06095252502,2525.02,Census Tract 2525.02,899544,0,Disadvantaged Community,Low,Urban,1994.30199430199,Yes,"No, ineligible","No, ineligible",899550.47714901,3880.75460044806
3778,06,085,Santa Clara County,504318,06085504318,5043.18,Census Tract 5043.18,4365570,0,Disadvantaged Community,Low,Urban,360.951599671862,Yes,"No, ineligible","No, ineligible",4365570.34683323,13185.7390191178
3783,06,085,Santa Clara County,512602,06085512602,5126.02,Census Tract 5126.02,97144786,26244,Disadvantaged Community,Low,Rural,2662.22961730449,Yes,"No, ineligible","Yes, rural, eligible",97171029.4471588,62260.1353739202
3794,06,085,Santa Clara County,501401,06085501401,5014.01,Census Tract 5014.01,998599,0,Disadvantaged Community,Low,Urban,123.992560446373,Yes,"No, ineligible","No, ineligible",998597.192019463,4578.05826910767
3796,06,085,Santa Clara County,503105,06085503105,5031.05,Census Tract 5031.05,1759365,0,Disadvantaged Community,Low,Urban,0,Yes,"Yes, eligible","No, ineligible",1759366.22974682,6145.85757564589
3811,06,059,Orange County,001103,06059001103,11.03,Census Tract 11.03,1343581,0,Disadvantaged Community,Low,Urban,108.837614279495,Yes,"No, ineligible","No, ineligible",1343582.33345032,5743.42165985362
3814,06,085,Santa Clara County,501501,06085501501,5015.01,Census Tract 5015.01,619824,0,Disadvantaged Community,Low,Urban,0,Yes,"Yes, eligible","No, ineligible",619824.543363571,3316.83880820456
3816,06,085,Santa Clara County,501600,06085501600,5016,Census Tract 5016,1218086,0,Disadvantaged Community,Low,Urban,0,Yes,"Yes, eligible","No, ineligible",1218088.06504631,4854.91392593283
3823,06,007,Butte County,001300,06007001300,13,Census Tract 13,4039929,55557,Disadvantaged Community,Low,Urban,162.645703442667,Yes,"No, ineligible","No, ineligible",4095495.69357109,10259.8693133546
3834,06,085,Santa Clara County,503110,06085503110,5031.10,Census Tract 5031.10,769477,0,Disadvantaged Community,Low,Urban,0,Yes,"Yes, eligible","No, ineligible",769477.477588654,4347.04516635631
3867,06,037,Los Angeles County,407302,06037407302,4073.02,Census Tract 4073.02,804803,0,Disadvantaged Community,Low,Urban,0,Yes,"Yes, eligible","No, ineligible",804802.539581299,3745.64632691638
3868,06,037,Los Angeles County,530902,06037530902,5309.02,Census Tract 5309.02,523080,0,Disadvantaged Community,Low,Urban,0,Yes,"Yes, eligible","No, ineligible",523080.854743958,3592.70649232022
3869,06,037,Los Angeles County,221110,06037221110,2211.10,Census Tract 2211.10,234230,0,Disadvantaged Community,Low,Urban,0,Yes,"Yes, eligible","No, ineligible",234230.16481781,2111.13488781568
3872,06,037,Los Angeles County,191203,06037191203,1912.03,Census Tract 1912.03,205208,0,Disadvantaged Community,Low,Urban,0,Yes,"Yes, eligible","No, ineligible",205208.05569458,1824.31829463062
3881,06,037,Los Angeles County,119400,06037119400,1194,Census Tract 1194,1117289,4268,Disadvantaged Community,Low,Urban,0,Yes,"Yes, eligible","No, ineligible",1121558.7587471,4317.17466205623
3883,06,037,Los Angeles County,296600,06037296600,2966,Census Tract 2966,841947,0,Disadvantaged Community,Low,Urban,149.309443822322,Yes,"No, ineligible","No, ineligible",841946.249015808,3739.45962312955
3884,06,037,Los Angeles County,575300,06037575300,5753,Census Tract 5753,648066,0,Disadvantaged Community,Low,Urban,0,Yes,"Yes, eligible","No, ineligible",648065.335220337,3221.12620752484
3887,06,037,Los Angeles County,554001,06037554001,5540.01,Census Tract 5540.01,1082739,0,Disadvantaged Community,Low,Urban,0,Yes,"Yes, eligible","No, ineligible",1082740.58792877,4912.21194259501
3891,06,037,Los Angeles County,535501,06037535501,5355.01,Census Tract 5355.01,491743,0,Disadvantaged Community,Low,Urban,0,Yes,"Yes, eligible","No, ineligible",491740.620140076,3680.17990346663
3893,06,037,Los Angeles County,237300,06037237300,2373,Census Tract 2373,997691,0,Disadvantaged Community,Low,Urban,56.4865373752589,Yes,"Yes, eligible","No, ineligible",997691.413192749,4102.42307660072
3895,06,037,Los Angeles County,227010,06037227010,2270.10,Census Tract 2270.10,579198,0,Disadvantaged Community,Low,Urban,17.5284837861525,Yes,"Yes, eligible","No, ineligible",579196.753608704,3614.44058697535
3896,06,037,Los Angeles County,219300,06037219300,2193,Census Tract 2193,651811,0,Disadvantaged Community,Low,Urban,0,Yes,"Yes, eligible","No, ineligible",651810.961463928,3424.03915564938
3897,06,037,Los Angeles County,530301,06037530301,5303.01,Census Tract 5303.01,584252,0,Disadvantaged Community,Low,Urban,0,Yes,"Yes, eligible","No, ineligible",584251.791603088,3390.17091404811
3898,06,037,Los Angeles County,204420,06037204420,2044.20,Census Tract 2044.20,302058,0,Disadvantaged Community,Low,Urban,63.4115409004439,Yes,"Yes, eligible","No, ineligible",302055.76726532,2333.40026514414
3899,06,037,Los Angeles County,404701,06037404701,4047.01,Census Tract 4047.01,1535869,163065,Disadvantaged Community,Low,Urban,0,Yes,"Yes, eligible","No, ineligible",1698935.93157959,5569.0817847839
3900,06,037,Los Angeles County,211320,06037211320,2113.20,Census Tract 2113.20,186272,0,Disadvantaged Community,Low,Urban,0,Yes,"Yes, eligible","No, ineligible",186272.199687958,1729.60121611675
3902,06,037,Los Angeles County,206300,06037206300,2063,Census Tract 2063,616657,0,Disadvantaged Community,Low,Urban,32.7707684745207,Yes,"Yes, eligible","No, ineligible",616656.551521301,4013.38642484413
3904,06,037,Los Angeles County,218120,06037218120,2181.20,Census Tract 2181.20,445211,0,Disadvantaged Community,Low,Urban,0,Yes,"Yes, eligible","No, ineligible",445210.224685669,2708.14459725383
3905,06,037,Los Angeles County,209403,06037209403,2094.03,Census Tract 2094.03,138199,0,Disadvantaged Community,Low,Urban,24.1080038572806,Yes,"Yes, eligible","No, ineligible",138200.1457901,1488.17935652864
3906,06,037,Los Angeles County,208902,06037208902,2089.02,Census Tract 2089.02,184047,0,Disadvantaged Community,Low,Urban,0,Yes,"Yes, eligible","No, ineligible",184048.176307678,1724.77684477899
3907,06,037,Los Angeles County,212203,06037212203,2122.03,Census Tract 2122.03,106316,0,Disadvantaged Community,Low,Urban,1235.41523678792,Yes,"No, ineligible","No, ineligible",106315.583007812,1371.88253390731
3908,06,037,Los Angeles County,433901,06037433901,4339.01,Census Tract 4339.01,720929,0,Disadvantaged Community,Low,Urban,99.4694960212202,Yes,"Yes, eligible","No, ineligible",720929.090415955,3428.81692938001
3912,06,071,San Bernardino County,001906,06071001906,19.06,Census Tract 19.06,7802781,0,Disadvantaged Community,Middle,Urban,0,Yes,"Yes, eligible","No, ineligible",7802776.95968628,11281.6155892817
3916,06,071,San Bernardino County,001501,06071001501,15.01,Census Tract 15.01,751632,0,Disadvantaged Community,Low,Urban,0,Yes,"Yes, eligible","No, ineligible",751630.816925049,3702.94642181607
3918,06,071,San Bernardino County,003505,06071003505,35.05,Census Tract 35.05,1306694,0,Disadvantaged Community,Low,Urban,0,Yes,"Yes, eligible","No, ineligible",1306696.45146179,5657.9904784646
3919,06,071,San Bernardino County,003801,06071003801,38.01,Census Tract 38.01,1882942,0,Disadvantaged Community,Middle,Urban,0,Yes,"Yes, eligible","No, ineligible",1882939.73456573,5764.90447446691
3920,06,071,San Bernardino County,004510,06071004510,45.10,Census Tract 45.10,5191127,0,Disadvantaged Community,Low,Urban,55.3301364810033,Yes,"Yes, eligible","No, ineligible",5191126.14432526,13771.2664039286
3924,06,037,Los Angeles County,404901,06037404901,4049.01,Census Tract 4049.01,1141674,169,Disadvantaged Community,Low,Urban,0,Yes,"Yes, eligible","No, ineligible",1141843.48033142,4442.93728086321
3928,06,037,Los Angeles County,139303,06037139303,1393.03,Census Tract 1393.03,415553,0,Disadvantaged Community,Low,Urban,46.9483568075117,Yes,"Yes, eligible","No, ineligible",415554.696704865,2755.46986681237
3929,06,037,Los Angeles County,123410,06037123410,1234.10,Census Tract 1234.10,488725,8391,Disadvantaged Community,Low,Urban,23.9177230327673,Yes,"Yes, eligible","No, ineligible",497115.455429077,2896.18416926138
3930,06,037,Los Angeles County,120010,06037120010,1200.10,Census Tract 1200.10,553982,11621,Disadvantaged Community,Low,Urban,0,Yes,"Yes, eligible","No, ineligible",565600.682132721,3120.10484272928
3931,06,037,Los Angeles County,117510,06037117510,1175.10,Census Tract 1175.10,330594,4518,Disadvantaged Community,Low,Urban,271.22321670735,Yes,"No, ineligible","No, ineligible",335112.173194885,2493.55960449968
3933,06,037,Los Angeles County,294810,06037294810,2948.10,Census Tract 2948.10,320464,0,Disadvantaged Community,Low,Urban,0,Yes,"Yes, eligible","No, ineligible",320465.729110718,2306.4514587316
3941,06,071,San Bernardino County,009117,06071009117,91.17,Census Tract 91.17,629579820,1407886,Disadvantaged Community,Low,Rural,0,Yes,"No, ineligible","Yes, rural, eligible",630987738.530945,131676.716491868
3944,06,071,San Bernardino County,012002,06071012002,120.02,Census Tract 120.02,13271703,133861,Disadvantaged Community,Low,Rural Center,141.517778170883,Yes,"No, ineligible","Yes, rural center, eligible",13405558.3726654,21128.0219165797
3947,06,071,San Bernardino County,009913,06071009913,99.13,Census Tract 99.13,12111739,502974,Disadvantaged Community,Low,Urban,303.74620317246,Yes,"No, ineligible","No, ineligible",12614708.1478958,18455.9459687101
3956,06,071,San Bernardino County,004603,06071004603,46.03,Census Tract 46.03,4265986,0,Disadvantaged Community,Low,Urban,0,Yes,"Yes, eligible","No, ineligible",4265986.34313965,8795.81348676541
3957,06,071,San Bernardino County,009116,06071009116,91.16,Census Tract 91.16,20277169,0,Disadvantaged Community,Low,Urban,14.9253731343284,Yes,"Yes, eligible","No, ineligible",20277164.6956253,21822.4019719528
3962,06,071,San Bernardino County,012700,06071012700,127,Census Tract 127,26807887,0,Disadvantaged Community,Middle,Urban,663.265306122449,Yes,"No, ineligible","No, ineligible",26807887.9544144,28707.4624326382
3963,06,071,San Bernardino County,012400,06071012400,124,Census Tract 124,8505674,473973,Disadvantaged Community,Low,Urban,797.401063201418,Yes,"No, ineligible","No, ineligible",8979644.48587036,14291.6413943569
3964,06,071,San Bernardino County,012500,06071012500,125,Census Tract 125,4057520,133928,Disadvantaged Community,Low,Urban,60.3378921962993,Yes,"Yes, eligible","No, ineligible",4191445.40114594,10758.0751752744
3966,06,001,Alameda County,406100,06001406100,4061,Census Tract 4061,1843703,74875,Disadvantaged Community,Low,Urban,0,Yes,"Yes, eligible","No, ineligible",1918572.0836997,6574.59766957318
3981,06,037,Los Angeles County,573002,06037573002,5730.02,Census Tract 5730.02,324505,0,Disadvantaged Community,Low,Urban,0,Yes,"Yes, eligible","No, ineligible",324503.879951477,2415.21839646521
3984,06,037,Los Angeles County,552900,06037552900,5529,Census Tract 5529,1309994,0,Disadvantaged Community,Low,Urban,0,Yes,"Yes, eligible","No, ineligible",1309993.32344818,4879.35243704061
3985,06,037,Los Angeles County,603704,06037603704,6037.04,Census Tract 6037.04,624349,20545,Disadvantaged Community,Low,Urban,0,Yes,"Yes, eligible","No, ineligible",644891.900245667,3214.25813813809
3986,06,037,Los Angeles County,242300,06037242300,2423,Census Tract 2423,630038,0,Disadvantaged Community,Low,Urban,40.3877221324717,Yes,"Yes, eligible","No, ineligible",630039.604881287,3507.13306805096
3987,06,037,Los Angeles County,535503,06037535503,5355.03,Census Tract 5355.03,317379,0,Disadvantaged Community,Low,Urban,0,Yes,"Yes, eligible","No, ineligible",317379.262413025,2336.04090640926
3988,06,037,Los Angeles County,534201,06037534201,5342.01,Census Tract 5342.01,510041,0,Disadvantaged Community,Low,Urban,0,Yes,"Yes, eligible","No, ineligible",510040.709762573,3145.49943996021
3995,06,037,Los Angeles County,502302,06037502302,5023.02,Census Tract 5023.02,750551,0,Disadvantaged Community,Low,Urban,0,Yes,"Yes, eligible","No, ineligible",750549.659538269,4285.2973240432
4000,06,019,Fresno County,007002,06019007002,70.02,Census Tract 70.02,1922208,0,Disadvantaged Community,Low,Rural Center,60.6918875177018,Yes,"No, ineligible","Yes, rural center, eligible",1922211.47221136,6700.27938675412
4001,06,019,Fresno County,007003,06019007003,70.03,Census Tract 70.03,8007694,0,Disadvantaged Community,Low,Rural Center,0,Yes,"No, ineligible","Yes, rural center, eligible",8007692.3864398,12501.8853376232
4002,06,019,Fresno County,007100,06019007100,71,Census Tract 71,14229143,74452,Disadvantaged Community,Low,Rural Center,353.541966740867,Yes,"No, ineligible","Yes, rural center, eligible",14303592.584301,18390.1915415835
4003,06,019,Fresno County,005602,06019005602,56.02,Census Tract 56.02,3235464,0,Disadvantaged Community,Low,Urban,200.360649168503,Yes,"No, ineligible","No, ineligible",3235465.58763909,8919.50914713976
4004,06,019,Fresno County,007202,06019007202,72.02,Census Tract 72.02,5344717,0,Disadvantaged Community,Middle,Rural Center,38.8802488335925,Yes,"No, ineligible","Yes, rural center, eligible",5344715.51124239,11098.2954180478
4005,06,047,Merced County,000504,06047000504,5.04,Census Tract 5.04,6878274,0,Disadvantaged Community,Low,Urban,0,Yes,"Yes, eligible","No, ineligible",6878270.85764885,12931.5922038539
4006,06,047,Merced County,000602,06047000602,6.02,Census Tract 6.02,1316980,0,Disadvantaged Community,Low,Urban,0,Yes,"Yes, eligible","No, ineligible",1316977.74807978,5043.88171723676
4007,06,047,Merced County,000603,06047000603,6.03,Census Tract 6.03,4153322,11735,Disadvantaged Community,Middle,Urban,0,Yes,"Yes, eligible","No, ineligible",4165065.55527544,9560.86998716725
4008,06,047,Merced County,000701,06047000701,7.01,Census Tract 7.01,1926345,0,Disadvantaged Community,Low,Urban,0,Yes,"Yes, eligible","No, ineligible",1926342.25179839,6067.46180294156
4010,06,047,Merced County,000801,06047000801,8.01,Census Tract 8.01,3423869,0,Disadvantaged Community,Low,Urban,0,Yes,"Yes, eligible","No, ineligible",3423865.30882978,8913.52011993198
4011,06,019,Fresno County,005408,06019005408,54.08,Census Tract 54.08,4957619,0,Disadvantaged Community,Low,Urban,264.550264550265,Yes,"No, ineligible","No, ineligible",4957619.18940639,9151.82871724449
4012,06,037,Los Angeles County,541700,06037541700,5417,Census Tract 5417,1400357,0,Disadvantaged Community,Low,Urban,0,Yes,"Yes, eligible","No, ineligible",1400354.9729538,5346.26688859589
4013,06,037,Los Angeles County,533603,06037533603,5336.03,Census Tract 5336.03,808997,6,Disadvantaged Community,Low,Urban,0,Yes,"Yes, eligible","No, ineligible",809002.287025452,4972.61255153907
4014,06,037,Los Angeles County,980015,06037980015,9800.15,Census Tract 9800.15,5188936,220674,Disadvantaged Community,Low,Urban,1043.21907600596,Yes,"No, ineligible","No, ineligible",5409608.57626343,10917.416817205
4015,06,029,Kern County,004402,06029004402,44.02,Census Tract 44.02,1865730,0,Disadvantaged Community,Low,Rural Center,90.1713255184851,Yes,"No, ineligible","Yes, rural center, eligible",1865730.8728466,6484.49909598468
4016,06,047,Merced County,000802,06047000802,8.02,Census Tract 8.02,2294943,0,Disadvantaged Community,Middle,Urban,0,Yes,"Yes, eligible","No, ineligible",2294943.90547299,6237.01617576321
4018,06,047,Merced County,000902,06047000902,9.02,Census Tract 9.02,21787939,68353,Disadvantaged Community,Middle,Urban,0,Yes,"Yes, eligible","No, ineligible",21856293.3656602,18855.3603490494
4019,06,047,Merced County,001003,06047001003,10.03,Census Tract 10.03,1599193,0,Disadvantaged Community,Low,Urban,0,Yes,"Yes, eligible","No, ineligible",1599193.37252522,5134.19312240804
4025,06,047,Merced County,001401,06047001401,14.01,Census Tract 14.01,1766897,0,Disadvantaged Community,Low,Urban,0,Yes,"Yes, eligible","No, ineligible",1766898.06458044,7283.69597446891
4026,06,047,Merced County,001402,06047001402,14.02,Census Tract 14.02,4931861,0,Disadvantaged Community,Low,Urban,0,Yes,"Yes, eligible","No, ineligible",4931863.26349998,10933.8325285149
4027,06,047,Merced County,001501,06047001501,15.01,Census Tract 15.01,6572982,0,Disadvantaged Community,Middle,Urban,0,Yes,"Yes, eligible","No, ineligible",6572979.60461569,12242.6539712225
4028,06,047,Merced County,001601,06047001601,16.01,Census Tract 16.01,2115095,0,Disadvantaged Community,Low,Urban,0,Yes,"Yes, eligible","No, ineligible",2115094.5338428,7427.6153196069
4029,06,047,Merced County,001602,06047001602,16.02,Census Tract 16.02,8507435,0,Disadvantaged Community,Low,Urban,0,Yes,"Yes, eligible","No, ineligible",8507432.8734889,14480.5366939608
4030,06,029,Kern County,004800,06029004800,48,Census Tract 48,4682489,0,Disadvantaged Community,Low,Rural Center,0,Yes,"No, ineligible","Yes, rural center, eligible",4682491.33232784,11714.2391639874
4031,06,029,Kern County,004901,06029004901,49.01,Census Tract 49.01,1459379,0,Disadvantaged Community,Low,Rural Center,0,Yes,"No, ineligible","Yes, rural center, eligible",1459381.92825699,5120.20805398989
4039,06,073,San Diego County,021900,06073021900,219,Census Tract 219,5961712,4662967,Disadvantaged Community,Low,Urban,239.200787955537,Yes,"No, ineligible","No, ineligible",10624668.0720825,27716.5846819877
4054,06,071,San Bernardino County,008002,06071008002,80.02,Census Tract 80.02,3581247,0,Disadvantaged Community,Low,Urban,804.218852999341,Yes,"No, ineligible","No, ineligible",3581252.31880951,8819.04845621032
4058,06,047,Merced County,001005,06047001005,10.05,Census Tract 10.05,2831600,0,Disadvantaged Community,Low,Urban,40.6338886631451,Yes,"Yes, eligible","No, ineligible",2831601.64657617,7891.4538773503
4063,06,037,Los Angeles County,543100,06037543100,5431,Census Tract 5431,2885933,0,Disadvantaged Community,Low,Urban,55.1419906258616,Yes,"Yes, eligible","No, ineligible",2885931.28674316,7816.6104479443
4064,06,037,Los Angeles County,550100,06037550100,5501,Census Tract 5501,1648945,0,Disadvantaged Community,Low,Urban,81.8665575112567,Yes,"Yes, eligible","No, ineligible",1648943.61398315,5644.6405221691
4065,06,037,Los Angeles County,550300,06037550300,5503,Census Tract 5503,2462849,72960,Disadvantaged Community,Low,Urban,0,Yes,"Yes, eligible","No, ineligible",2535810.01625061,6801.35711206853
4074,06,037,Los Angeles County,576403,06037576403,5764.03,Census Tract 5764.03,324541,0,Disadvantaged Community,Low,Urban,0,Yes,"Yes, eligible","No, ineligible",324540.441337585,2418.3150708697
4080,06,037,Los Angeles County,576901,06037576901,5769.01,Census Tract 5769.01,444896,0,Disadvantaged Community,Low,Urban,0,Yes,"Yes, eligible","No, ineligible",444896.039459229,2818.00852597175
4088,06,037,Los Angeles County,603900,06037603900,6039,Census Tract 6039,1487018,0,Disadvantaged Community,Low,Urban,0,Yes,"Yes, eligible","No, ineligible",1487016.3794632,6421.70487596744
4089,06,037,Los Angeles County,604100,06037604100,6041,Census Tract 6041,1018894,0,Disadvantaged Community,Low,Urban,0,Yes,"Yes, eligible","No, ineligible",1018897.41323853,4248.2271055314
4109,06,037,Los Angeles County,534406,06037534406,5344.06,Census Tract 5344.06,388544,0,Disadvantaged Community,Low,Urban,0,Yes,"Yes, eligible","No, ineligible",388544.912033081,2846.60130510866
4110,06,037,Los Angeles County,534502,06037534502,5345.02,Census Tract 5345.02,567717,2803,Disadvantaged Community,Low,Urban,0,Yes,"Yes, eligible","No, ineligible",570520.91280365,4244.34289932586
4111,06,037,Los Angeles County,534802,06037534802,5348.02,Census Tract 5348.02,403893,0,Disadvantaged Community,Low,Urban,0,Yes,"Yes, eligible","No, ineligible",403891.463027954,2665.27763446272
4112,06,037,Los Angeles County,534803,06037534803,5348.03,Census Tract 5348.03,610714,0,Disadvantaged Community,Low,Urban,0,Yes,"Yes, eligible","No, ineligible",610715.449699402,4317.11970716193
4113,06,037,Los Angeles County,534804,06037534804,5348.04,Census Tract 5348.04,369638,0,Disadvantaged Community,Low,Urban,0,Yes,"Yes, eligible","No, ineligible",369637.450042725,2840.39900837843
4126,06,065,Riverside County,030900,06065030900,309,Census Tract 309,6156740,70295,Disadvantaged Community,Middle,Urban,65.38084341288,Yes,"Yes, eligible","No, ineligible",6227034.80918884,10988.8238193669
4128,06,037,Los Angeles County,550800,06037550800,5508,Census Tract 5508,2860225,39165,Disadvantaged Community,Low,Urban,135.080372821829,Yes,"No, ineligible","No, ineligible",2899385.74505615,7291.43577083955
4131,06,111,Ventura County,004902,06111004902,49.02,Census Tract 49.02,10177900,0,Disadvantaged Community,Low,Urban,39.4321766561514,Yes,"Yes, eligible","No, ineligible",10177904.8879623,17164.9667287532
4136,06,037,Los Angeles County,600100,06037600100,6001,Census Tract 6001,757581,0,Disadvantaged Community,Low,Urban,0,Yes,"Yes, eligible","No, ineligible",757581.279159546,3765.72749895939
4138,06,037,Los Angeles County,600202,06037600202,6002.02,Census Tract 6002.02,829152,0,Disadvantaged Community,Low,Urban,0,Yes,"Yes, eligible","No, ineligible",829152.905082703,4443.72956814138
4141,06,037,Los Angeles County,600302,06037600302,6003.02,Census Tract 6003.02,817144,0,Disadvantaged Community,Low,Urban,0,Yes,"Yes, eligible","No, ineligible",817143.633049011,3634.43741095499
4142,06,037,Los Angeles County,600400,06037600400,6004,Census Tract 6004,985475,0,Disadvantaged Community,Low,Urban,0,Yes,"Yes, eligible","No, ineligible",985477.188972473,4901.86936271406
4156,06,037,Los Angeles County,504101,06037504101,5041.01,Census Tract 5041.01,1218583,0,Disadvantaged Community,Low,Urban,0,Yes,"Yes, eligible","No, ineligible",1218582.70259857,4830.12194744278
4159,06,037,Los Angeles County,530003,06037530003,5300.03,Census Tract 5300.03,3564242,0,Disadvantaged Community,High,Urban,97.4025974025974,Yes,"Yes, eligible","No, ineligible",3564244.05361938,8475.48905363828
4160,06,037,Los Angeles County,530004,06037530004,5300.04,Census Tract 5300.04,1299059,5565,Disadvantaged Community,Low,Urban,0,Yes,"Yes, eligible","No, ineligible",1304622.4861145,7890.79476738453
4163,06,037,Los Angeles County,534900,06037534900,5349,Census Tract 5349,1048160,0,Disadvantaged Community,Low,Urban,0,Yes,"Yes, eligible","No, ineligible",1048162.85186768,4555.99660060077
4164,06,037,Los Angeles County,535101,06037535101,5351.01,Census Tract 5351.01,1133929,0,Disadvantaged Community,Low,Urban,0,Yes,"Yes, eligible","No, ineligible",1133931.44161987,5022.73318210932
4165,06,037,Los Angeles County,535102,06037535102,5351.02,Census Tract 5351.02,591088,0,Disadvantaged Community,Low,Urban,0,Yes,"Yes, eligible","No, ineligible",591089.14490509,3803.67502803559
4166,06,037,Los Angeles County,535200,06037535200,5352,Census Tract 5352,865476,0,Disadvantaged Community,Low,Urban,0,Yes,"Yes, eligible","No, ineligible",865475.126708984,5459.49446558753
4167,06,037,Los Angeles County,535300,06037535300,5353,Census Tract 5353,1080458,0,Disadvantaged Community,Low,Urban,0,Yes,"Yes, eligible","No, ineligible",1080456.80449677,5114.79245752684
4168,06,037,Los Angeles County,535400,06037535400,5354,Census Tract 5354,771064,0,Disadvantaged Community,Low,Urban,0,Yes,"Yes, eligible","No, ineligible",771063.447090149,4877.28315700535
4169,06,037,Los Angeles County,535502,06037535502,5355.02,Census Tract 5355.02,472282,0,Disadvantaged Community,Low,Urban,0,Yes,"Yes, eligible","No, ineligible",472282.637794495,2768.17808884483
4170,06,037,Los Angeles County,535603,06037535603,5356.03,Census Tract 5356.03,784471,1370,Disadvantaged Community,Low,Urban,0,Yes,"Yes, eligible","No, ineligible",785839.300346375,4659.24763282059
4176,06,037,Los Angeles County,535605,06037535605,5356.05,Census Tract 5356.05,469948,0,Disadvantaged Community,Low,Urban,0,Yes,"Yes, eligible","No, ineligible",469945.717857361,2750.65882629929
4182,06,037,Los Angeles County,551300,06037551300,5513,Census Tract 5513,1530184,0,Disadvantaged Community,Low,Urban,0,Yes,"Yes, eligible","No, ineligible",1530184.55515289,5074.02103457274
4187,06,111,Ventura County,004715,06111004715,47.15,Census Tract 47.15,25043340,554578,Disadvantaged Community,Low,Urban,166.143621930958,Yes,"No, ineligible","No, ineligible",25597900.5518646,21726.2847684539
4189,06,111,Ventura County,005003,06111005003,50.03,Census Tract 50.03,4396973,0,Disadvantaged Community,Low,Urban,0,Yes,"Yes, eligible","No, ineligible",4396969.79929161,9571.24400929859
4192,06,037,Los Angeles County,600502,06037600502,6005.02,Census Tract 6005.02,663353,930,Disadvantaged Community,Low,Urban,286.123032904149,Yes,"No, ineligible","No, ineligible",664283.814476013,3958.46479357371
4194,06,037,Los Angeles County,600602,06037600602,6006.02,Census Tract 6006.02,690274,0,Disadvantaged Community,Low,Urban,157.3564122738,Yes,"No, ineligible","No, ineligible",690273.440582275,3310.55703929073
4200,06,037,Los Angeles County,600902,06037600902,6009.02,Census Tract 6009.02,800432,0,Disadvantaged Community,Low,Urban,0,Yes,"Yes, eligible","No, ineligible",800431.427600861,4090.70206638256
4203,06,037,Los Angeles County,530005,06037530005,5300.05,Census Tract 5300.05,2285259,0,Disadvantaged Community,Middle,Urban,75.5477209770839,Yes,"Yes, eligible","No, ineligible",2285259.60966492,9329.86036641858
4204,06,037,Los Angeles County,530101,06037530101,5301.01,Census Tract 5301.01,989261,23241,Disadvantaged Community,Low,Urban,94.6073793755913,Yes,"Yes, eligible","No, ineligible",1012506.88456726,4281.72658513198
4206,06,067,Sacramento County,005505,06067005505,55.05,Census Tract 55.05,1962386,0,Disadvantaged Community,Low,Urban,183.425045856261,Yes,"No, ineligible","No, ineligible",1962387.79066038,5674.41822213257
4209,06,067,Sacramento County,003202,06067003202,32.02,Census Tract 32.02,1653965,0,Disadvantaged Community,Low,Urban,0,Yes,"Yes, eligible","No, ineligible",1653967.44757557,5375.29768369298
4214,06,037,Los Angeles County,530102,06037530102,5301.02,Census Tract 5301.02,1322141,0,Disadvantaged Community,Low,Urban,0,Yes,"Yes, eligible","No, ineligible",1322140.77906036,4851.65150219646
4215,06,037,Los Angeles County,530202,06037530202,5302.02,Census Tract 5302.02,1798176,3427,Disadvantaged Community,Low,Urban,367.985280588776,Yes,"No, ineligible","No, ineligible",1801600.43665314,6459.4359351814
4216,06,037,Los Angeles County,530203,06037530203,5302.03,Census Tract 5302.03,736559,0,Disadvantaged Community,Low,Urban,0,Yes,"Yes, eligible","No, ineligible",736559.446907043,4384.62819785925
4217,06,037,Los Angeles County,530204,06037530204,5302.04,Census Tract 5302.04,669928,0,Disadvantaged Community,Low,Urban,0,Yes,"Yes, eligible","No, ineligible",669927.077934265,3540.7427865532
4218,06,037,Los Angeles County,535701,06037535701,5357.01,Census Tract 5357.01,771561,0,Disadvantaged Community,Low,Urban,0,Yes,"Yes, eligible","No, ineligible",771559.144859314,3810.44955717729
4219,06,037,Los Angeles County,535702,06037535702,5357.02,Census Tract 5357.02,974703,0,Disadvantaged Community,Low,Urban,17.7367860943597,Yes,"Yes, eligible","No, ineligible",974704.993408203,4124.70087529286
4221,06,037,Los Angeles County,535803,06037535803,5358.03,Census Tract 5358.03,422843,0,Disadvantaged Community,Low,Urban,0,Yes,"Yes, eligible","No, ineligible",422843.424331665,2625.31727199774
4222,06,037,Los Angeles County,535606,06037535606,5356.06,Census Tract 5356.06,185791,0,Disadvantaged Community,Low,Urban,0,Yes,"Yes, eligible","No, ineligible",185791.24407196,2288.63894309029
4223,06,037,Los Angeles County,535804,06037535804,5358.04,Census Tract 5358.04,490834,0,Disadvantaged Community,Low,Urban,0,Yes,"Yes, eligible","No, ineligible",490831.966339111,2945.42515507106
4224,06,037,Los Angeles County,535901,06037535901,5359.01,Census Tract 5359.01,840406,0,Disadvantaged Community,Low,Urban,0,Yes,"Yes, eligible","No, ineligible",840405.411987305,4025.17359243922
4225,06,037,Los Angeles County,536000,06037536000,5360,Census Tract 5360,1307093,0,Disadvantaged Community,Low,Urban,162.118346392867,Yes,"No, ineligible","No, ineligible",1307093.75063324,4926.76818957149
4234,06,037,Los Angeles County,535607,06037535607,5356.07,Census Tract 5356.07,941321,0,Disadvantaged Community,Low,Urban,0,Yes,"Yes, eligible","No, ineligible",941320.340393066,4430.32074802158
4235,06,037,Los Angeles County,536102,06037536102,5361.02,Census Tract 5361.02,2770981,301335,Disadvantaged Community,Low,Urban,31.6957210776545,Yes,"Yes, eligible","No, ineligible",3072317.15306854,8455.51470830913
4236,06,037,Los Angeles County,536200,06037536200,5362,Census Tract 5362,2213206,0,Disadvantaged Community,Low,Urban,0,Yes,"Yes, eligible","No, ineligible",2213207.52661896,9838.5658973035
4237,06,037,Los Angeles County,540000,06037540000,5400,Census Tract 5400,1586855,123460,Disadvantaged Community,Low,Urban,0,Yes,"Yes, eligible","No, ineligible",1710314.06822968,5992.10776398111
4238,06,037,Los Angeles County,540101,06037540101,5401.01,Census Tract 5401.01,1254586,0,Disadvantaged Community,Low,Urban,0,Yes,"Yes, eligible","No, ineligible",1254582.40516663,5307.67042696929
4239,06,037,Los Angeles County,540102,06037540102,5401.02,Census Tract 5401.02,1250584,0,Disadvantaged Community,Low,Urban,115.858073859522,Yes,"No, ineligible","No, ineligible",1250586.37434387,4731.19964772642
4244,06,037,Los Angeles County,540202,06037540202,5402.02,Census Tract 5402.02,756104,0,Disadvantaged Community,Low,Urban,0,Yes,"Yes, eligible","No, ineligible",756103.761047363,3832.71732449371
4245,06,037,Los Angeles County,540203,06037540203,5402.03,Census Tract 5402.03,901215,0,Disadvantaged Community,Low,Urban,0,Yes,"Yes, eligible","No, ineligible",901215.766708374,3998.05648501997
4250,06,037,Los Angeles County,551700,06037551700,5517,Census Tract 5517,1297125,0,Disadvantaged Community,Low,Urban,0,Yes,"Yes, eligible","No, ineligible",1297128.94050598,4830.4989690587
4251,06,037,Los Angeles County,551800,06037551800,5518,Census Tract 5518,2200112,28087,Disadvantaged Community,Low,Urban,564.194303013623,Yes,"No, ineligible","No, ineligible",2228193.77645874,7177.82192725574
4252,06,037,Los Angeles County,551900,06037551900,5519,Census Tract 5519,1541019,27579,Disadvantaged Community,Low,Urban,76.8787238131847,Yes,"Yes, eligible","No, ineligible",1568598.01587677,5278.18350850434
4253,06,037,Los Angeles County,552100,06037552100,5521,Census Tract 5521,1461862,0,Disadvantaged Community,Low,Urban,0,Yes,"Yes, eligible","No, ineligible",1461865.89078522,5345.75932472741
4254,06,037,Los Angeles County,552200,06037552200,5522,Census Tract 5522,1688956,980,Disadvantaged Community,Low,Urban,0,Yes,"Yes, eligible","No, ineligible",1689934.20250702,6803.80444208497
4255,06,067,Sacramento County,000500,06067000500,5,Census Tract 5,866054,0,Disadvantaged Community,Low,Urban,577.867668303958,Yes,"No, ineligible","No, ineligible",866047.390678406,3790.5121369711
4258,06,067,Sacramento County,002000,06067002000,20,Census Tract 20,1033082,0,Disadvantaged Community,Middle,Urban,305.693542223921,Yes,"No, ineligible","No, ineligible",1033076.14126873,4243.04021048051
4260,06,067,Sacramento County,005102,06067005102,51.02,Census Tract 51.02,3095118,0,Disadvantaged Community,Low,Urban,0,Yes,"Yes, eligible","No, ineligible",3095115.82840872,7112.25155299079
4265,06,037,Los Angeles County,600912,06037600912,6009.12,Census Tract 6009.12,1084960,2993,Disadvantaged Community,Low,Urban,0,Yes,"Yes, eligible","No, ineligible",1087956.0919838,4729.79745960113
4266,06,037,Los Angeles County,601001,06037601001,6010.01,Census Tract 6010.01,884021,0,Disadvantaged Community,Low,Urban,83.9983200335993,Yes,"Yes, eligible","No, ineligible",884018.892520905,4347.00601371001
4267,06,037,Los Angeles County,601100,06037601100,6011,Census Tract 6011,640575,0,Disadvantaged Community,Low,Urban,0,Yes,"Yes, eligible","No, ineligible",640575.523429871,3203.65316441043
4268,06,037,Los Angeles County,601202,06037601202,6012.02,Census Tract 6012.02,654271,0,Disadvantaged Community,Low,Urban,0,Yes,"Yes, eligible","No, ineligible",654270.824260712,3255.83412832253
4269,06,037,Los Angeles County,601211,06037601211,6012.11,Census Tract 6012.11,579802,0,Disadvantaged Community,Low,Urban,138.888888888889,Yes,"No, ineligible","No, ineligible",579797.784797668,3108.72514213093
4270,06,037,Los Angeles County,601212,06037601212,6012.12,Census Tract 6012.12,585065,0,Disadvantaged Community,Low,Urban,0,Yes,"Yes, eligible","No, ineligible",585067.269943237,3085.90682440062
4278,06,111,Ventura County,009100,06111009100,91,Census Tract 91,3739799,0,Disadvantaged Community,Low,Urban,82.135523613963,Yes,"Yes, eligible","No, ineligible",3739799.43958092,9264.60167473159
4279,06,037,Los Angeles County,601302,06037601302,6013.02,Census Tract 6013.02,1219662,0,Disadvantaged Community,Low,Urban,0,Yes,"Yes, eligible","No, ineligible",1219659.83024597,5995.17152114272
4280,06,037,Los Angeles County,601401,06037601401,6014.01,Census Tract 6014.01,1573101,0,Disadvantaged Community,Low,Urban,16.8095478231636,Yes,"Yes, eligible","No, ineligible",1573098.31269455,5573.82742767876
4281,06,067,Sacramento County,000600,06067000600,6,Census Tract 6,406307,0,Disadvantaged Community,Low,Urban,2938.55743544078,Yes,"No, ineligible","No, ineligible",406307.922543526,2558.18065806031
4282,06,067,Sacramento County,000700,06067000700,7,Census Tract 7,471398,42394,Disadvantaged Community,Low,Urban,2337.35878457343,Yes,"No, ineligible","No, ineligible",513793.327875137,3244.19848189646
4283,06,067,Sacramento County,000800,06067000800,8,Census Tract 8,525743,51938,Disadvantaged Community,Middle,Urban,3816.79389312977,Yes,"No, ineligible","No, ineligible",577679.76207304,3267.62408948839
4298,06,067,Sacramento County,003600,06067003600,36,Census Tract 36,1269305,0,Disadvantaged Community,Low,Urban,0,Yes,"Yes, eligible","No, ineligible",1269306.75144291,4979.92830056708
4300,06,037,Los Angeles County,530400,06037530400,5304,Census Tract 5304,1531307,11013,Disadvantaged Community,Low,Urban,213.675213675214,Yes,"No, ineligible","No, ineligible",1542318.61579895,5707.61759298296
4301,06,037,Los Angeles County,530500,06037530500,5305,Census Tract 5305,900628,0,Disadvantaged Community,Low,Urban,0,Yes,"Yes, eligible","No, ineligible",900629.314926147,3890.1547499021
4302,06,037,Los Angeles County,530302,06037530302,5303.02,Census Tract 5303.02,855876,0,Disadvantaged Community,Low,Urban,0,Yes,"Yes, eligible","No, ineligible",855873.407943726,4092.27507387943
4303,06,037,Los Angeles County,530601,06037530601,5306.01,Census Tract 5306.01,570601,0,Disadvantaged Community,Low,Urban,0,Yes,"Yes, eligible","No, ineligible",570602.057868958,4033.46258234608
4304,06,037,Los Angeles County,530602,06037530602,5306.02,Census Tract 5306.02,672831,0,Disadvantaged Community,Low,Urban,5370.26568682872,Yes,"No, ineligible","No, ineligible",672828.268218994,4431.84183245111
4306,06,037,Los Angeles County,540300,06037540300,5403,Census Tract 5403,1531882,0,Disadvantaged Community,Low,Urban,0,Yes,"Yes, eligible","No, ineligible",1531878.18107605,6684.86447485938
4307,06,037,Los Angeles County,540400,06037540400,5404,Census Tract 5404,339717,0,Disadvantaged Community,Low,Urban,0,Yes,"Yes, eligible","No, ineligible",339720.065673828,2521.03672470714
4308,06,037,Los Angeles County,540501,06037540501,5405.01,Census Tract 5405.01,1452738,0,Disadvantaged Community,Low,Urban,14.8964695367198,Yes,"Yes, eligible","No, ineligible",1452737.50260162,5808.6524435224
4309,06,037,Los Angeles County,540600,06037540600,5406,Census Tract 5406,937161,0,Disadvantaged Community,Low,Urban,0,Yes,"Yes, eligible","No, ineligible",937164.34853363,3936.72987602286
4310,06,037,Los Angeles County,540700,06037540700,5407,Census Tract 5407,1147619,7355,Disadvantaged Community,Low,Urban,1424.14860681115,Yes,"No, ineligible","No, ineligible",1154975.58039856,4944.71228334904
4314,06,067,Sacramento County,009110,06067009110,91.10,Census Tract 91.10,605887,0,Disadvantaged Community,Low,Urban,0,Yes,"Yes, eligible","No, ineligible",605885.688932419,4124.77963248701
4316,06,037,Los Angeles County,540800,06037540800,5408,Census Tract 5408,1980043,12153,Disadvantaged Community,Low,Urban,0,Yes,"Yes, eligible","No, ineligible",1992196.46608734,8068.26245190635
4317,06,037,Los Angeles County,540901,06037540901,5409.01,Census Tract 5409.01,1163425,331,Disadvantaged Community,Low,Urban,0,Yes,"Yes, eligible","No, ineligible",1163750.35621643,4828.00405392875
4318,06,037,Los Angeles County,540902,06037540902,5409.02,Census Tract 5409.02,2515149,1031,Disadvantaged Community,Low,Urban,0,Yes,"Yes, eligible","No, ineligible",2516181.8380127,6337.22225669043
4332,06,067,Sacramento County,005001,06067005001,50.01,Census Tract 50.01,2350880,0,Disadvantaged Community,Low,Urban,0,Yes,"Yes, eligible","No, ineligible",2350881.16127062,6242.30582365768
4339,06,037,Los Angeles County,552400,06037552400,5524,Census Tract 5524,936856,0,Disadvantaged Community,Low,Urban,0,Yes,"Yes, eligible","No, ineligible",936855.517311096,4805.49433166484
4340,06,037,Los Angeles County,552602,06037552602,5526.02,Census Tract 5526.02,1374709,0,Disadvantaged Community,Low,Urban,0,Yes,"Yes, eligible","No, ineligible",1374708.82082367,5069.36190685354
4342,06,067,Sacramento County,009007,06067009007,90.07,Census Tract 90.07,982802,0,Disadvantaged Community,Low,Urban,0,Yes,"Yes, eligible","No, ineligible",982802.54981184,5710.06755736451
4343,06,067,Sacramento County,009008,06067009008,90.08,Census Tract 90.08,1593240,0,Disadvantaged Community,Low,Urban,0,Yes,"Yes, eligible","No, ineligible",1593241.14015055,6097.43594092925
4351,06,067,Sacramento County,009601,06067009601,96.01,Census Tract 96.01,7084630,548874,Disadvantaged Community,Low,Urban,44.3000590667454,Yes,"Yes, eligible","No, ineligible",7633504.80164242,14120.161837288
4355,06,065,Riverside County,042514,06065042514,425.14,Census Tract 425.14,981706,0,Disadvantaged Community,Low,Urban,0,Yes,"Yes, eligible","No, ineligible",981705.247299194,4037.16210910903
4364,06,065,Riverside County,042515,06065042515,425.15,Census Tract 425.15,1354400,0,Disadvantaged Community,Low,Urban,0,Yes,"Yes, eligible","No, ineligible",1354398.99031067,6150.91644616955
4365,06,065,Riverside County,042517,06065042517,425.17,Census Tract 425.17,939398,0,Disadvantaged Community,Low,Urban,0,Yes,"Yes, eligible","No, ineligible",939398.313209534,3945.14674838583
4366,06,065,Riverside County,042513,06065042513,425.13,Census Tract 425.13,1154583,0,Disadvantaged Community,Low,Urban,0,Yes,"Yes, eligible","No, ineligible",1154585.93709564,4485.79071221529
4367,06,065,Riverside County,042518,06065042518,425.18,Census Tract 425.18,1000812,0,Disadvantaged Community,Low,Urban,0,Yes,"Yes, eligible","No, ineligible",1000811.37672424,4140.42851689847
4368,06,065,Riverside County,042519,06065042519,425.19,Census Tract 425.19,952421,0,Disadvantaged Community,Low,Urban,0,Yes,"Yes, eligible","No, ineligible",952421.362052917,4711.89209710012
4373,06,075,San Francisco County,012301,06075012301,123.01,Census Tract 123.01,92148,0,Disadvantaged Community,Low,Urban,614.076523382145,Yes,"No, ineligible","No, ineligible",92147.9154925346,1592.53411238194
4378,06,065,Riverside County,040403,06065040403,404.03,Census Tract 404.03,4938999,141825,Disadvantaged Community,Middle,Urban,0,Yes,"Yes, eligible","No, ineligible",5080825.75895691,10478.135476215
4379,06,065,Riverside County,040501,06065040501,405.01,Census Tract 405.01,5108977,0,Disadvantaged Community,Middle,Urban,81.8889040535008,Yes,"Yes, eligible","No, ineligible",5108979.46472168,10422.5042708827
4380,06,065,Riverside County,040503,06065040503,405.03,Census Tract 405.03,3850205,90089,Disadvantaged Community,Low,Urban,0,Yes,"Yes, eligible","No, ineligible",3940292.5187149,9378.55551332463
4389,06,071,San Bernardino County,009800,06071009800,98,Census Tract 98,3351493,0,Disadvantaged Community,Low,Urban,0,Yes,"Yes, eligible","No, ineligible",3351492.28295135,8063.2798494631
4392,06,037,Los Angeles County,221500,06037221500,2215,Census Tract 2215,380722,0,Disadvantaged Community,Low,Urban,25.8064516129032,Yes,"Yes, eligible","No, ineligible",380721.745048523,2555.06763472272
4393,06,037,Los Angeles County,221710,06037221710,2217.10,Census Tract 2217.10,327983,0,Disadvantaged Community,Low,Urban,0,Yes,"Yes, eligible","No, ineligible",327981.789001465,2470.71033963602
4394,06,037,Los Angeles County,221900,06037221900,2219,Census Tract 2219,409740,0,Disadvantaged Community,Low,Urban,682.674199623352,Yes,"No, ineligible","No, ineligible",409738.495895386,3240.34326585093
4395,06,037,Los Angeles County,222100,06037222100,2221,Census Tract 2221,478936,0,Disadvantaged Community,Low,Urban,0,Yes,"Yes, eligible","No, ineligible",478936.95741272,3196.32877555254
4396,06,037,Los Angeles County,222200,06037222200,2222,Census Tract 2222,481868,0,Disadvantaged Community,Low,Urban,0,Yes,"Yes, eligible","No, ineligible",481869.207733154,3210.36875671046
4397,06,037,Los Angeles County,222500,06037222500,2225,Census Tract 2225,652465,0,Disadvantaged Community,Low,Urban,19.53125,Yes,"Yes, eligible","No, ineligible",652463.250671387,3232.89276407835
4401,06,071,San Bernardino County,005800,06071005800,58,Census Tract 58,1625305,41673,Disadvantaged Community,Low,Urban,0,Yes,"Yes, eligible","No, ineligible",1666974.88897705,5332.87530023974
4403,06,037,Los Angeles County,224010,06037224010,2240.10,Census Tract 2240.10,830398,0,Disadvantaged Community,Low,Urban,632.688927943761,Yes,"No, ineligible","No, ineligible",830395.764144897,4236.9567703778
4404,06,037,Los Angeles County,224020,06037224020,2240.20,Census Tract 2240.20,1232339,0,Disadvantaged Community,Low,Urban,1170.87449688986,Yes,"No, ineligible","No, ineligible",1232337.40888214,4640.97521029602
4405,06,037,Los Angeles County,234300,06037234300,2343,Census Tract 2343,870289,0,Disadvantaged Community,Low,Urban,157.687253613666,Yes,"No, ineligible","No, ineligible",870291.519207001,3714.01668898096
4406,06,037,Los Angeles County,234600,06037234600,2346,Census Tract 2346,1303261,598,Disadvantaged Community,Low,Urban,0,Yes,"Yes, eligible","No, ineligible",1303859.05226898,5437.67294996257
4407,06,037,Los Angeles County,234700,06037234700,2347,Census Tract 2347,742058,0,Disadvantaged Community,Low,Urban,0,Yes,"Yes, eligible","No, ineligible",742058.409042358,4522.57145492586
4417,06,071,San Bernardino County,011900,06071011900,119,Census Tract 119,359197200,0,Disadvantaged Community,Low,Rural,0,Yes,"No, ineligible","Yes, rural, eligible",359197232.440987,110994.106041647
4427,06,037,Los Angeles County,237720,06037237720,2377.20,Census Tract 2377.20,325225,0,Disadvantaged Community,Low,Urban,0,Yes,"Yes, eligible","No, ineligible",325223.186889648,2661.24329364599
4428,06,037,Los Angeles County,237800,06037237800,2378,Census Tract 2378,972785,0,Disadvantaged Community,Low,Urban,0,Yes,"Yes, eligible","No, ineligible",972785.2940979,4006.13187731167
4429,06,037,Los Angeles County,238000,06037238000,2380,Census Tract 2380,1663568,0,Disadvantaged Community,Low,Urban,64.7878198898607,Yes,"Yes, eligible","No, ineligible",1663566.40416718,6444.02578215222
4430,06,037,Los Angeles County,238100,06037238100,2381,Census Tract 2381,983749,0,Disadvantaged Community,Low,Urban,0,Yes,"Yes, eligible","No, ineligible",983746.468902588,4044.65313038727
4431,06,037,Los Angeles County,238200,06037238200,2382,Census Tract 2382,1026629,0,Disadvantaged Community,Low,Urban,89.8472596585804,Yes,"Yes, eligible","No, ineligible",1026628.01154327,4232.44818189093
4432,06,037,Los Angeles County,238310,06037238310,2383.10,Census Tract 2383.10,397068,0,Disadvantaged Community,Low,Urban,0,Yes,"Yes, eligible","No, ineligible",397068.902366638,2836.72133102056
4433,06,037,Los Angeles County,238320,06037238320,2383.20,Census Tract 2383.20,468279,0,Disadvantaged Community,Low,Urban,0,Yes,"Yes, eligible","No, ineligible",468278.619926453,2950.25437047175
4434,06,037,Los Angeles County,238400,06037238400,2384,Census Tract 2384,1301547,0,Disadvantaged Community,Low,Urban,85.2151682999574,Yes,"Yes, eligible","No, ineligible",1301550.21881866,4845.03445508347
4435,06,037,Los Angeles County,239320,06037239320,2393.20,Census Tract 2393.20,347073,0,Disadvantaged Community,Low,Urban,24.4738130200685,Yes,"Yes, eligible","No, ineligible",347072.673217773,2524.4348221484
4437,06,037,Los Angeles County,211120,06037211120,2111.20,Census Tract 2111.20,567077,0,Disadvantaged Community,Low,Urban,88.7311446317658,Yes,"Yes, eligible","No, ineligible",567076.09879303,3209.73051222233
4438,06,037,Los Angeles County,211310,06037211310,2113.10,Census Tract 2113.10,143949,0,Disadvantaged Community,Low,Urban,0,Yes,"Yes, eligible","No, ineligible",143948.091854095,1523.53695185355
4444,06,037,Los Angeles County,212204,06037212204,2122.04,Census Tract 2122.04,213185,0,Disadvantaged Community,Low,Urban,0,Yes,"Yes, eligible","No, ineligible",213185.344284058,1874.30034438857
4445,06,037,Los Angeles County,212304,06037212304,2123.04,Census Tract 2123.04,205679,0,Disadvantaged Community,Low,Urban,0,Yes,"Yes, eligible","No, ineligible",205678.932304382,1921.90087008074
4451,06,037,Los Angeles County,212800,06037212800,2128,Census Tract 2128,781274,0,Disadvantaged Community,Low,Urban,28.2246683601468,Yes,"Yes, eligible","No, ineligible",781272.440692902,3577.63449979378
4452,06,037,Los Angeles County,212900,06037212900,2129,Census Tract 2129,373620,0,Disadvantaged Community,Low,Urban,0,Yes,"Yes, eligible","No, ineligible",373620.665462494,2729.45412760927
4453,06,037,Los Angeles County,213100,06037213100,2131,Census Tract 2131,537044,0,Disadvantaged Community,Low,Urban,0,Yes,"Yes, eligible","No, ineligible",537043.135799408,3202.93747220407
4461,06,065,Riverside County,041001,06065041001,410.01,Census Tract 410.01,490471,0,Disadvantaged Community,Low,Urban,36.3636363636364,Yes,"Yes, eligible","No, ineligible",490471.16217804,3938.83483946775
4462,06,037,Los Angeles County,224200,06037224200,2242,Census Tract 2242,368196,0,Disadvantaged Community,Low,Urban,0,Yes,"Yes, eligible","No, ineligible",368196.24546814,2634.48778667648
4463,06,037,Los Angeles County,224320,06037224320,2243.20,Census Tract 2243.20,290770,0,Disadvantaged Community,Low,Urban,33.6473755047106,Yes,"Yes, eligible","No, ineligible",290772.256278992,2573.82494283686
4464,06,037,Los Angeles County,224420,06037224420,2244.20,Census Tract 2244.20,358669,0,Disadvantaged Community,Low,Urban,0,Yes,"Yes, eligible","No, ineligible",358671.116210938,2733.82424175502
4468,06,037,Los Angeles County,224600,06037224600,2246,Census Tract 2246,718926,0,Disadvantaged Community,Low,Urban,0,Yes,"Yes, eligible","No, ineligible",718926.166435242,3414.16091524824
4469,06,037,Los Angeles County,224700,06037224700,2247,Census Tract 2247,635819,0,Disadvantaged Community,Low,Urban,1394.67778134017,Yes,"No, ineligible","No, ineligible",635820.48474884,3295.96585082259
4479,06,037,Los Angeles County,235201,06037235201,2352.01,Census Tract 2352.01,652606,0,Disadvantaged Community,Low,Urban,37.2856077554064,Yes,"Yes, eligible","No, ineligible",652606.942703247,3251.06269906134
4480,06,037,Los Angeles County,235202,06037235202,2352.02,Census Tract 2352.02,851553,0,Disadvantaged Community,Low,Urban,23.089355806973,Yes,"Yes, eligible","No, ineligible",851554.237365723,4027.13727515024
4482,06,037,Los Angeles County,236100,06037236100,2361,Census Tract 2361,1130682,0,Disadvantaged Community,Low,Urban,32.4149108589951,Yes,"Yes, eligible","No, ineligible",1130682.71439743,4548.8042317049
4483,06,037,Los Angeles County,236202,06037236202,2362.02,Census Tract 2362.02,441964,0,Disadvantaged Community,Low,Urban,34.6981263011797,Yes,"Yes, eligible","No, ineligible",441964.436203003,2888.59397924932
4489,06,065,Riverside County,042404,06065042404,424.04,Census Tract 424.04,1018981,0,Disadvantaged Community,Low,Urban,0,Yes,"Yes, eligible","No, ineligible",1018981.95774078,4600.65282271412
4491,06,065,Riverside County,042706,06065042706,427.06,Census Tract 427.06,4619449,0,Disadvantaged Community,Low,Urban,23.7642585551331,Yes,"Yes, eligible","No, ineligible",4619448.03624725,9667.14291334298
4492,06,113,Yolo County,010203,06113010203,102.03,Census Tract 102.03,10247745,756079,Disadvantaged Community,Low,Urban,93.3706816059757,Yes,"Yes, eligible","No, ineligible",11003819.2931042,15559.8951513916
4493,06,113,Yolo County,010204,06113010204,102.04,Census Tract 102.04,1890988,0,Disadvantaged Community,Low,Urban,77.0861437656581,Yes,"Yes, eligible","No, ineligible",1890988.70549297,6793.75721479682
4500,06,065,Riverside County,031002,06065031002,310.02,Census Tract 310.02,1228758,0,Disadvantaged Community,Low,Urban,0,Yes,"Yes, eligible","No, ineligible",1228758.89374542,5167.50683199154
4503,06,065,Riverside County,041002,06065041002,410.02,Census Tract 410.02,1022400,0,Disadvantaged Community,Middle,Urban,0,Yes,"Yes, eligible","No, ineligible",1022399.47956848,4334.12505407025
4513,06,037,Los Angeles County,226410,06037226410,2264.10,Census Tract 2264.10,282483,0,Disadvantaged Community,Low,Urban,81.8553888130969,Yes,"Yes, eligible","No, ineligible",282483.771781921,2171.20783053028
4514,06,037,Los Angeles County,227020,06037227020,2270.20,Census Tract 2270.20,440119,0,Disadvantaged Community,Low,Urban,27.6014352746343,Yes,"Yes, eligible","No, ineligible",440120.649047852,2793.81464854568
4515,06,037,Los Angeles County,228100,06037228100,2281,Census Tract 2281,1003327,0,Disadvantaged Community,Low,Urban,18.1653042688465,Yes,"Yes, eligible","No, ineligible",1003330.43080902,4655.74603661073
4516,06,037,Los Angeles County,228210,06037228210,2282.10,Census Tract 2282.10,411032,0,Disadvantaged Community,Low,Urban,0,Yes,"Yes, eligible","No, ineligible",411032.892082214,2799.45393514092
4517,06,037,Los Angeles County,228220,06037228220,2282.20,Census Tract 2282.20,366214,0,Disadvantaged Community,Low,Urban,0,Yes,"Yes, eligible","No, ineligible",366214.691123962,2774.4262145357
4518,06,037,Los Angeles County,228310,06037228310,2283.10,Census Tract 2283.10,546319,0,Disadvantaged Community,Low,Urban,0,Yes,"Yes, eligible","No, ineligible",546317.953018188,3430.28122304203
4519,06,037,Los Angeles County,228320,06037228320,2283.20,Census Tract 2283.20,337041,0,Disadvantaged Community,Low,Urban,0,Yes,"Yes, eligible","No, ineligible",337038.880432129,3116.19219498068
4520,06,037,Los Angeles County,228420,06037228420,2284.20,Census Tract 2284.20,277392,0,Disadvantaged Community,Low,Urban,0,Yes,"Yes, eligible","No, ineligible",277391.674911499,2414.34478981971
4521,06,037,Los Angeles County,228710,06037228710,2287.10,Census Tract 2287.10,404789,0,Disadvantaged Community,Low,Urban,0,Yes,"Yes, eligible","No, ineligible",404788.620384216,2821.47128413679
4522,06,037,Los Angeles County,228720,06037228720,2287.20,Census Tract 2287.20,404152,0,Disadvantaged Community,Low,Urban,0,Yes,"Yes, eligible","No, ineligible",404152.101501465,2817.75795999067
4527,06,037,Los Angeles County,269700,06037269700,2697,Census Tract 2697,897605,0,Disadvantaged Community,Middle,Urban,0,Yes,"Yes, eligible","No, ineligible",897605.156219482,4502.72620138448
4528,06,037,Los Angeles County,228800,06037228800,2288,Census Tract 2288,844483,0,Disadvantaged Community,Low,Urban,0,Yes,"Yes, eligible","No, ineligible",844482.787643433,3767.66696762727
4529,06,037,Los Angeles County,228900,06037228900,2289,Census Tract 2289,515516,0,Disadvantaged Community,Low,Urban,0,Yes,"Yes, eligible","No, ineligible",515513.472206116,2944.06863959598
4530,06,037,Los Angeles County,229100,06037229100,2291,Census Tract 2291,475049,0,Disadvantaged Community,Low,Urban,0,Yes,"Yes, eligible","No, ineligible",475049.903160095,2788.92882603225
4536,06,037,Los Angeles County,237710,06037237710,2377.10,Census Tract 2377.10,432281,0,Disadvantaged Community,Low,Urban,22.6757369614512,Yes,"Yes, eligible","No, ineligible",432278.413223267,2864.47868826044
4537,06,037,Los Angeles County,239330,06037239330,2393.30,Census Tract 2393.30,979522,0,Disadvantaged Community,Low,Urban,122.050447518308,Yes,"No, ineligible","No, ineligible",979521.599494934,4096.38349032019
4538,06,037,Los Angeles County,240700,06037240700,2407,Census Tract 2407,1194494,0,Disadvantaged Community,Low,Urban,0,Yes,"Yes, eligible","No, ineligible",1194496.0641098,4581.54287618048
4539,06,037,Los Angeles County,240800,06037240800,2408,Census Tract 2408,630658,7788,Disadvantaged Community,Low,Urban,23.0361667818475,Yes,"Yes, eligible","No, ineligible",638446.511428833,4124.11857462894
4540,06,037,Los Angeles County,240900,06037240900,2409,Census Tract 2409,1057639,12764,Disadvantaged Community,Low,Urban,0,Yes,"Yes, eligible","No, ineligible",1070403.83694458,4348.70608161186
4541,06,037,Los Angeles County,241110,06037241110,2411.10,Census Tract 2411.10,486637,0,Disadvantaged Community,Low,Urban,59.5947556615018,Yes,"Yes, eligible","No, ineligible",486634.845291138,3209.3764631748
4542,06,037,Los Angeles County,241120,06037241120,2411.20,Census Tract 2411.20,663697,0,Disadvantaged Community,Low,Urban,19.4325689856199,Yes,"Yes, eligible","No, ineligible",663695.25402832,3536.12612342371
4543,06,065,Riverside County,042520,06065042520,425.20,Census Tract 425.20,1487312,0,Disadvantaged Community,Low,Urban,0,Yes,"Yes, eligible","No, ineligible",1487313.35999298,6045.52396561588
4545,06,037,Los Angeles County,241400,06037241400,2414,Census Tract 2414,575556,0,Disadvantaged Community,Low,Urban,0,Yes,"Yes, eligible","No, ineligible",575557.104385376,3361.87783791303
4548,06,065,Riverside County,042904,06065042904,429.04,Census Tract 429.04,23801400,0,Disadvantaged Community,Low,Urban,0,Yes,"Yes, eligible","No, ineligible",23801404.9782791,24862.28147692
4560,06,037,Los Angeles County,229200,06037229200,2292,Census Tract 2292,445674,0,Disadvantaged Community,Low,Urban,0,Yes,"Yes, eligible","No, ineligible",445675.637931824,2720.96961734687
4561,06,037,Los Angeles County,229300,06037229300,2293,Census Tract 2293,502415,515,Disadvantaged Community,Low,Urban,0,Yes,"Yes, eligible","No, ineligible",502930.132148743,2909.35187447457
4562,06,037,Los Angeles County,229410,06037229410,2294.10,Census Tract 2294.10,542426,0,Disadvantaged Community,Low,Urban,0,Yes,"Yes, eligible","No, ineligible",542425.204360962,2958.67127845579
4563,06,037,Los Angeles County,229420,06037229420,2294.20,Census Tract 2294.20,584157,0,Disadvantaged Community,Low,Urban,21.0128178188695,Yes,"Yes, eligible","No, ineligible",584155.056388855,3063.86273998172
4564,06,037,Los Angeles County,231100,06037231100,2311,Census Tract 2311,894059,0,Disadvantaged Community,Low,Urban,431.778929188256,Yes,"No, ineligible","No, ineligible",894058.931022644,3937.99345386929
4565,06,037,Los Angeles County,231210,06037231210,2312.10,Census Tract 2312.10,320681,0,Disadvantaged Community,Low,Urban,24.7524752475248,Yes,"Yes, eligible","No, ineligible",320680.326705933,2414.82824367245
4566,06,037,Los Angeles County,231220,06037231220,2312.20,Census Tract 2312.20,965181,0,Disadvantaged Community,Low,Urban,1010.10101010101,Yes,"No, ineligible","No, ineligible",965180.034355164,4016.47130420697
4567,06,037,Los Angeles County,231300,06037231300,2313,Census Tract 2313,657452,0,Disadvantaged Community,Low,Urban,104.275286757039,Yes,"Yes, eligible","No, ineligible",657453.943260193,3244.2111494202
4568,06,037,Los Angeles County,231400,06037231400,2314,Census Tract 2314,621035,0,Disadvantaged Community,Low,Urban,0,Yes,"Yes, eligible","No, ineligible",621033.334403992,3154.86821179928
4569,06,037,Los Angeles County,231600,06037231600,2316,Census Tract 2316,954663,0,Disadvantaged Community,Low,Urban,13.4770889487871,Yes,"Yes, eligible","No, ineligible",954663.96043396,3991.76809832506
4570,06,037,Los Angeles County,231710,06037231710,2317.10,Census Tract 2317.10,323785,0,Disadvantaged Community,Low,Urban,24.0096038415366,Yes,"Yes, eligible","No, ineligible",323785.407081604,2420.5806494665
4580,06,037,Los Angeles County,240010,06037240010,2400.10,Census Tract 2400.10,588434,0,Disadvantaged Community,Low,Urban,53.5188654000535,Yes,"Yes, eligible","No, ineligible",588433.133361816,3722.4997367001
4581,06,037,Los Angeles County,240200,06037240200,2402,Census Tract 2402,746814,0,Disadvantaged Community,Low,Urban,0,Yes,"Yes, eligible","No, ineligible",746813.982192993,3440.86063762867
4585,06,037,Los Angeles County,240300,06037240300,2403,Census Tract 2403,813527,0,Disadvantaged Community,Low,Urban,35.4798651765123,Yes,"Yes, eligible","No, ineligible",813528.344276428,3657.44789215306
4586,06,037,Los Angeles County,240500,06037240500,2405,Census Tract 2405,812533,0,Disadvantaged Community,Low,Urban,0,Yes,"Yes, eligible","No, ineligible",812528.094909668,3737.90955676598
4588,06,037,Los Angeles County,270300,06037270300,2703,Census Tract 2703,963538,13000,Disadvantaged Community,Low,Urban,78.6782061369001,Yes,"Yes, eligible","No, ineligible",976538.917877197,4167.23662872036
4593,06,029,Kern County,005900,06029005900,59,Census Tract 59,48937542,201779,Disadvantaged Community,Low,Rural,1208.0141426046,Yes,"No, ineligible","Yes, rural, eligible",49139325.2430191,32353.3581476933
4601,06,095,Solano County,251901,06095251901,2519.01,Census Tract 2519.01,3182282,239322,Disadvantaged Community,Low,Urban,117.210392654815,Yes,"No, ineligible","No, ineligible",3421597.45663214,10557.1728175181
4603,06,107,Tulare County,003802,06107003802,38.02,Census Tract 38.02,1901145,0,Disadvantaged Community,Low,Urban,238.92267593397,Yes,"No, ineligible","No, ineligible",1901149.96987534,6204.37333419394
4604,06,107,Tulare County,004102,06107004102,41.02,Census Tract 41.02,3546158,0,Disadvantaged Community,Low,Urban,0,Yes,"Yes, eligible","No, ineligible",3546160.63481522,8859.85411319116
4605,06,107,Tulare County,004400,06107004400,44,Census Tract 44,10427648,0,Disadvantaged Community,Low,Rural Center,0,Yes,"No, ineligible","Yes, rural center, eligible",10427648.662674,14470.5361465827
4607,06,025,Imperial County,012100,06025012100,121,Census Tract 121,2663690,0,Disadvantaged Community,Low,Rural Center,0,Yes,"No, ineligible","Yes, rural center, eligible",2663693.87471008,7200.83147326438
4608,06,025,Imperial County,012200,06025012200,122,Census Tract 122,5190974,0,Disadvantaged Community,Low,Rural Center,0,Yes,"No, ineligible","Yes, rural center, eligible",5190974.26464844,10369.2508393432
4609,06,025,Imperial County,010600,06025010600,106,Census Tract 106,8650616,0,Disadvantaged Community,Middle,Rural Center,0,Yes,"No, ineligible","Yes, rural center, eligible",8650612.27038574,15151.0915034577
4613,06,107,Tulare County,003901,06107003901,39.01,Census Tract 39.01,4997109,21722,Disadvantaged Community,Low,Urban,0,Yes,"Yes, eligible","No, ineligible",5018832.02484131,11120.2853952457
4614,06,071,San Bernardino County,001200,06071001200,12,Census Tract 12,1540373,0,Disadvantaged Community,Middle,Urban,0,Yes,"Yes, eligible","No, ineligible",1540373.30435181,5433.89354805761
4616,06,099,Stanislaus County,003300,06099003300,33,Census Tract 33,640784442,2596432,Disadvantaged Community,Middle,Rural,230.414746543779,Yes,"No, ineligible","Yes, rural, eligible",643380905.971012,170274.079680322
4618,06,099,Stanislaus County,003603,06099003603,36.03,Census Tract 36.03,135242290,193136,Disadvantaged Community,Low,Rural,29.5683027794205,Yes,"No, ineligible","Yes, rural, eligible",135435424.253451,67508.5772403269
4619,06,099,Stanislaus County,001604,06099001604,16.04,Census Tract 16.04,784624,0,Disadvantaged Community,Low,Urban,0,Yes,"Yes, eligible","No, ineligible",784624.492776871,3738.7982694934
4621,06,099,Stanislaus County,001100,06099001100,11,Census Tract 11,1766509,0,Disadvantaged Community,Low,Urban,0,Yes,"Yes, eligible","No, ineligible",1766511.87057447,6024.54443813274
4623,06,099,Stanislaus County,003400,06099003400,34,Census Tract 34,906393573,1207645,Disadvantaged Community,Low,Rural,0,Yes,"No, ineligible","Yes, rural, eligible",907601304.274845,179464.149411287
4624,06,099,Stanislaus County,002302,06099002302,23.02,Census Tract 23.02,1926535,53775,Disadvantaged Community,Low,Urban,0,Yes,"Yes, eligible","No, ineligible",1980309.41560125,5929.68673561094
4627,06,099,Stanislaus County,003908,06099003908,39.08,Census Tract 39.08,1009809,43811,Disadvantaged Community,Low,Urban,164.744645799012,Yes,"No, ineligible","No, ineligible",1053617.82440925,4356.12391121607
4628,06,099,Stanislaus County,000302,06099000302,3.02,Census Tract 3.02,1352884,45038,Disadvantaged Community,Low,Urban,0,Yes,"Yes, eligible","No, ineligible",1397922.46355796,5542.09137317182
4632,06,037,Los Angeles County,900501,06037900501,9005.01,Census Tract 9005.01,3117144,427,Disadvantaged Community,Low,Urban,0,Yes,"Yes, eligible","No, ineligible",3117571.49380493,7106.37886175958
4643,06,073,San Diego County,016202,06073016202,162.02,Census Tract 162.02,6688649,0,Disadvantaged Community,Low,Urban,232.678386763185,Yes,"No, ineligible","No, ineligible",6688647.27557373,11887.2498779812
4650,06,081,San Mateo County,602100,06081602100,6021,Census Tract 6021,480479,0,Disadvantaged Community,Low,Urban,0,Yes,"Yes, eligible","No, ineligible",480479.659049511,3136.9069936032
4667,06,071,San Bernardino County,010802,06071010802,108.02,Census Tract 108.02,215506215,3666000,Disadvantaged Community,Low,Rural,0,Yes,"No, ineligible","Yes, rural, eligible",219172226.990387,101505.000056003
4669,06,071,San Bernardino County,011700,06071011700,117,Census Tract 117,419875148,1357273,Disadvantaged Community,Low,Rural,0,Yes,"No, ineligible","Yes, rural, eligible",421232470.56974,113846.70031723
4682,06,099,Stanislaus County,000203,06099000203,2.03,Census Tract 2.03,10802284,58278,Disadvantaged Community,Low,Rural Center,9.80296049406921,Yes,"No, ineligible","Yes, rural center, eligible",10860555.4340934,15571.5000066404
4683,06,099,Stanislaus County,000301,06099000301,3.01,Census Tract 3.01,1182320,46044,Disadvantaged Community,Low,Urban,0,Yes,"Yes, eligible","No, ineligible",1228366.97553349,4938.33601574215
4684,06,099,Stanislaus County,000303,06099000303,3.03,Census Tract 3.03,2561712,0,Disadvantaged Community,Middle,Urban,0,Yes,"Yes, eligible","No, ineligible",2561711.49120975,8668.97809852095
4685,06,099,Stanislaus County,000304,06099000304,3.04,Census Tract 3.04,2615951,0,Disadvantaged Community,Middle,Urban,0,Yes,"Yes, eligible","No, ineligible",2615951.24384832,7167.05007048291
4686,06,099,Stanislaus County,000202,06099000202,2.02,Census Tract 2.02,4679902,37644,Disadvantaged Community,Middle,Rural Center,37.6742433756122,Yes,"No, ineligible","Yes, rural center, eligible",4717541.1517005,12375.0474288283
4688,06,099,Stanislaus County,000404,06099000404,4.04,Census Tract 4.04,3933496,0,Disadvantaged Community,Low,Urban,98.2961992136304,Yes,"Yes, eligible","No, ineligible",3933497.16066051,8107.00741140751
4692,06,099,Stanislaus County,000601,06099000601,6.01,Census Tract 6.01,8954530,0,Disadvantaged Community,Middle,Urban,0,Yes,"Yes, eligible","No, ineligible",8954530.50715208,13385.8710364657
4713,06,095,Solano County,252402,06095252402,2524.02,Census Tract 2524.02,15078932,252153,Disadvantaged Community,Low,Urban,504.595422598666,Yes,"No, ineligible","No, ineligible",15331084.9895115,17948.0451377089
4720,06,021,Glenn County,010400,06021010400,104,Census Tract 104,22881433,163475,Disadvantaged Community,Low,Rural Center,112.391121101433,Yes,"No, ineligible","Yes, rural center, eligible",23044903.7646828,26196.9936944263
4728,06,037,Los Angeles County,221302,06037221302,2213.02,Census Tract 2213.02,462145,0,Disadvantaged Community,Low,Urban,0,Yes,"Yes, eligible","No, ineligible",462145.862094879,3103.76312544237
4729,06,037,Los Angeles County,231500,06037231500,2315,Census Tract 2315,919207,0,Disadvantaged Community,Low,Urban,0,Yes,"Yes, eligible","No, ineligible",919204.229522705,3900.96815821541
4731,06,037,Los Angeles County,432901,06037432901,4329.01,Census Tract 4329.01,1134679,0,Disadvantaged Community,Low,Urban,187.818620874698,Yes,"No, ineligible","No, ineligible",1134678.23709106,4296.21991435976
4733,06,099,Stanislaus County,000602,06099000602,6.02,Census Tract 6.02,3915981,0,Disadvantaged Community,High,Urban,321.440051430408,Yes,"No, ineligible","No, ineligible",3915978.62297249,9440.28751392039
4734,06,099,Stanislaus County,000805,06099000805,8.05,Census Tract 8.05,2011678,0,Disadvantaged Community,Low,Urban,0,Yes,"Yes, eligible","No, ineligible",2011675.17140341,6117.80219069312
4736,06,099,Stanislaus County,000807,06099000807,8.07,Census Tract 8.07,1315461,0,Disadvantaged Community,Low,Urban,0,Yes,"Yes, eligible","No, ineligible",1315463.1107223,4977.63764301018
4737,06,099,Stanislaus County,000801,06099000801,8.01,Census Tract 8.01,3358112,0,Disadvantaged Community,Low,Urban,0,Yes,"Yes, eligible","No, ineligible",3358115.58218241,7381.75120060466
4738,06,099,Stanislaus County,000803,06099000803,8.03,Census Tract 8.03,2040854,0,Disadvantaged Community,Low,Urban,0,Yes,"Yes, eligible","No, ineligible",2040849.89205766,7248.89764660887
4741,06,099,Stanislaus County,000909,06099000909,9.09,Census Tract 9.09,1717190,0,Disadvantaged Community,Low,Urban,36.7849917233769,Yes,"Yes, eligible","No, ineligible",1717189.94939303,5340.41788254563
4743,06,073,San Diego County,003301,06073003301,33.01,Census Tract 33.01,1526634,0,Disadvantaged Community,Low,Urban,183.246073298429,Yes,"No, ineligible","No, ineligible",1526635.10757446,5164.73933628623
4744,06,073,San Diego County,003303,06073003303,33.03,Census Tract 33.03,618703,0,Disadvantaged Community,Low,Urban,0,Yes,"Yes, eligible","No, ineligible",618702.937957764,3370.8089737652
4745,06,073,San Diego County,003403,06073003403,34.03,Census Tract 34.03,1386867,0,Disadvantaged Community,Low,Urban,97.7039570102589,Yes,"Yes, eligible","No, ineligible",1386866.47511292,5805.30882796692
4749,06,019,Fresno County,002501,06019002501,25.01,Census Tract 25.01,1308387,0,Disadvantaged Community,Low,Urban,0,Yes,"Yes, eligible","No, ineligible",1308383.07247424,4850.30787048234
4750,06,019,Fresno County,004703,06019004703,47.03,Census Tract 47.03,1283422,0,Disadvantaged Community,Low,Urban,0,Yes,"Yes, eligible","No, ineligible",1283420.33071601,4794.42329961908
4751,06,019,Fresno County,006900,06019006900,69,Census Tract 69,56880829,0,Disadvantaged Community,Low,Rural,0,Yes,"No, ineligible","Yes, rural, eligible",56880839.4218049,41044.7768334929
4752,06,019,Fresno County,007700,06019007700,77,Census Tract 77,186916478,0,Disadvantaged Community,Low,Rural,0,Yes,"No, ineligible","Yes, rural, eligible",186916484.62962,60016.3004590561
4753,06,019,Fresno County,008302,06019008302,83.02,Census Tract 83.02,1298475045,3386616,Disadvantaged Community,Low,Rural,1188.22576289495,Yes,"No, ineligible","Yes, rural, eligible",1301861709.98359,175610.2921707
4754,06,019,Fresno County,001700,06019001700,17,Census Tract 17,73391742,44038,Disadvantaged Community,Middle,Rural,100.791936645068,Yes,"No, ineligible","Yes, rural, eligible",73435783.200861,37038.1099455479
4755,06,019,Fresno County,007004,06019007004,70.04,Census Tract 70.04,18461447,0,Disadvantaged Community,Low,Rural Center,0,Yes,"No, ineligible","Yes, rural center, eligible",18461450.8463531,20841.6948447504
4762,06,099,Stanislaus County,003201,06099003201,32.01,Census Tract 32.01,6931286,970,Disadvantaged Community,Low,Rural Center,0,Yes,"No, ineligible","Yes, rural center, eligible",6932256.05412817,12330.2526542086
4764,06,099,Stanislaus County,003202,06099003202,32.02,Census Tract 32.02,15336423,55612,Disadvantaged Community,Middle,Rural Center,44.8229493500672,Yes,"No, ineligible","Yes, rural center, eligible",15392037.5046716,20041.2658059119
4767,06,081,San Mateo County,604101,06081604101,6041.01,Census Tract 6041.01,1111167,0,Disadvantaged Community,Low,Urban,0,Yes,"Yes, eligible","No, ineligible",1111166.8379693,6768.66468207871
4769,06,037,Los Angeles County,900804,06037900804,9008.04,Census Tract 9008.04,1447788,27550,Disadvantaged Community,Low,Urban,0,Yes,"Yes, eligible","No, ineligible",1475334.62820816,5095.43448310461
4771,06,037,Los Angeles County,900806,06037900806,9008.06,Census Tract 9008.06,1795825,0,Disadvantaged Community,Low,Urban,258.955545964609,Yes,"No, ineligible","No, ineligible",1795826.86986923,5475.66798596449
4776,06,037,Los Angeles County,302102,06037302102,3021.02,Census Tract 3021.02,1037513,0,Disadvantaged Community,Middle,Urban,67.272115708039,Yes,"Yes, eligible","No, ineligible",1037514.08526611,5584.14349460009
4777,06,037,Los Angeles County,302104,06037302104,3021.04,Census Tract 3021.04,569425,0,Disadvantaged Community,Low,Urban,93.2835820895522,Yes,"Yes, eligible","No, ineligible",569424.198280334,3738.24670359007
4778,06,037,Los Angeles County,302201,06037302201,3022.01,Census Tract 3022.01,497659,0,Disadvantaged Community,Low,Urban,622.045284896741,Yes,"No, ineligible","No, ineligible",497660.158454895,3255.0236350201
4779,06,037,Los Angeles County,302301,06037302301,3023.01,Census Tract 3023.01,700563,0,Disadvantaged Community,Low,Urban,1580.92848180678,Yes,"No, ineligible","No, ineligible",700563.725059509,4022.90338348949
4782,06,019,Fresno County,007300,06019007300,73,Census Tract 73,164109866,595054,Disadvantaged Community,Low,Rural,0,Yes,"No, ineligible","Yes, rural, eligible",164704915.576321,63256.9906474981
4783,06,019,Fresno County,001600,06019001600,16,Census Tract 16,51215832,0,Disadvantaged Community,Low,Rural,19.3162062970833,Yes,"No, ineligible","Yes, rural, eligible",51215831.016314,31819.2245115248
4784,06,019,Fresno County,000400,06019000400,4,Census Tract 4,3403396,0,Disadvantaged Community,Low,Urban,145.507457257184,Yes,"No, ineligible","No, ineligible",3403401.58216763,8403.72393924417
4785,06,019,Fresno County,004207,06019004207,42.07,Census Tract 42.07,17145105,64578,Disadvantaged Community,Middle,Urban,33.5542320275145,Yes,"Yes, eligible","No, ineligible",17209684.4497206,19339.1265152059
4786,06,019,Fresno County,005403,06019005403,54.03,Census Tract 54.03,1297000,0,Disadvantaged Community,Low,Urban,246.305418719212,Yes,"No, ineligible","No, ineligible",1296998.33953643,4833.7340581691
4796,06,037,Los Angeles County,910502,06037910502,9105.02,Census Tract 9105.02,2003734,0,Disadvantaged Community,Low,Urban,0,Yes,"Yes, eligible","No, ineligible",2003736.37709427,5723.87468029656
4798,06,037,Los Angeles County,302302,06037302302,3023.02,Census Tract 3023.02,633035,0,Disadvantaged Community,Low,Urban,74.9484729248641,Yes,"Yes, eligible","No, ineligible",633037.074108124,3681.32099264317
4800,06,019,Fresno County,008301,06019008301,83.01,Census Tract 83.01,34326358,1246570,Disadvantaged Community,Low,Rural,0,Yes,"No, ineligible","Yes, rural, eligible",35572928.027225,34800.9122384015
4801,06,019,Fresno County,008200,06019008200,82,Census Tract 82,815313721,5549891,Disadvantaged Community,Low,Rural,14.7754137115839,Yes,"No, ineligible","Yes, rural, eligible",820863644.176496,125916.100133027
4802,06,019,Fresno County,000700,06019000700,7,Census Tract 7,8281231,0,Disadvantaged Community,Low,Urban,0,Yes,"Yes, eligible","No, ineligible",8281231.22467744,13275.5453192877
4804,06,019,Fresno County,000600,06019000600,6,Census Tract 6,2464481,0,Disadvantaged Community,Low,Urban,1263.15789473684,Yes,"No, ineligible","No, ineligible",2464477.39301395,9385.33227747279
4805,06,019,Fresno County,008401,06019008401,84.01,Census Tract 84.01,163324329,143103,Disadvantaged Community,Low,Rural,33.8715140566783,Yes,"No, ineligible","Yes, rural, eligible",163467424.467727,65914.0973900249
4808,06,019,Fresno County,001500,06019001500,15,Census Tract 15,38231548,0,Disadvantaged Community,Low,Urban,0,Yes,"Yes, eligible","No, ineligible",38231545.1974509,32311.4938410789
4810,06,019,Fresno County,007600,06019007600,76,Census Tract 76,356819981,0,Disadvantaged Community,Low,Rural,0,Yes,"No, ineligible","Yes, rural, eligible",356819993.163297,92960.6679821744
4811,06,019,Fresno County,008402,06019008402,84.02,Census Tract 84.02,452663711,2079945,Disadvantaged Community,Low,Rural,0,Yes,"No, ineligible","Yes, rural, eligible",454743667.18815,143383.208790034
4814,06,019,Fresno County,003900,06019003900,39,Census Tract 39,456643014,1669517,Disadvantaged Community,Middle,Rural,0,Yes,"No, ineligible","Yes, rural, eligible",458312561.484198,158842.948985024
4815,06,019,Fresno County,008100,06019008100,81,Census Tract 81,7718823,0,Disadvantaged Community,Low,Rural Center,0,Yes,"No, ineligible","Yes, rural center, eligible",7718821.36111689,17747.8007170386
4816,06,019,Fresno County,007400,06019007400,74,Census Tract 74,130134942,0,Disadvantaged Community,Low,Rural,0,Yes,"No, ineligible","Yes, rural, eligible",130134947.498075,57240.6454153722
4817,06,019,Fresno County,006802,06019006802,68.02,Census Tract 68.02,37292528,58223,Disadvantaged Community,Low,Rural,119.796346211441,Yes,"No, ineligible","Yes, rural, eligible",37350754.936883,32475.3152429293
4818,06,019,Fresno County,006300,06019006300,63,Census Tract 63,160372915,837457,Disadvantaged Community,Middle,Rural,0,Yes,"No, ineligible","Yes, rural, eligible",161210379.803645,71685.3105984628
4820,06,099,Stanislaus County,003700,06099003700,37,Census Tract 37,40414167,0,Disadvantaged Community,Low,Urban,0,Yes,"Yes, eligible","No, ineligible",40414165.8787284,29175.1031080955
4821,06,099,Stanislaus County,003802,06099003802,38.02,Census Tract 38.02,2432438,0,Disadvantaged Community,Low,Urban,0,Yes,"Yes, eligible","No, ineligible",2432438.64280367,6331.01968303823
4822,06,073,San Diego County,003404,06073003404,34.04,Census Tract 34.04,1670663,0,Disadvantaged Community,Low,Urban,0,Yes,"Yes, eligible","No, ineligible",1670664.75570679,5285.44452245121
4823,06,073,San Diego County,003501,06073003501,35.01,Census Tract 35.01,1185126,0,Disadvantaged Community,Low,Urban,0,Yes,"Yes, eligible","No, ineligible",1185126.43643188,4318.10812558171
4824,06,073,San Diego County,003502,06073003502,35.02,Census Tract 35.02,779671,0,Disadvantaged Community,Low,Urban,0,Yes,"Yes, eligible","No, ineligible",779669.134643555,3793.11653022944
4825,06,073,San Diego County,003602,06073003602,36.02,Census Tract 36.02,655439,0,Disadvantaged Community,Low,Urban,116.720163408229,Yes,"No, ineligible","No, ineligible",655438.755340576,3273.11848537325
4826,06,073,San Diego County,003603,06073003603,36.03,Census Tract 36.03,677687,0,Disadvantaged Community,Low,Urban,0,Yes,"Yes, eligible","No, ineligible",677686.425491333,3394.58155592312
4845,06,099,Stanislaus County,002200,06099002200,22,Census Tract 22,3019226,98664,Disadvantaged Community,Low,Urban,0,Yes,"Yes, eligible","No, ineligible",3117890.06715679,8304.54349234724
4851,06,073,San Diego County,003800,06073003800,38,Census Tract 38,1802204,21921,Disadvantaged Community,NA,Urban,15.6936597614564,Yes,"Yes, eligible","No, ineligible",1824122.61685181,10305.6828211544
4852,06,073,San Diego County,003901,06073003901,39.01,Census Tract 39.01,641586,0,Disadvantaged Community,Low,Urban,0,Yes,"Yes, eligible","No, ineligible",641586.447952271,3695.65506171861
4853,06,073,San Diego County,003902,06073003902,39.02,Census Tract 39.02,1167021,6680,Disadvantaged Community,Low,Urban,0,Yes,"Yes, eligible","No, ineligible",1173698.23797607,4449.1970068645
4854,06,073,San Diego County,004000,06073004000,40,Census Tract 40,856094,0,Disadvantaged Community,Low,Urban,0,Yes,"Yes, eligible","No, ineligible",856093.005462646,4085.16593022853
4855,06,073,San Diego County,004100,06073004100,41,Census Tract 41,1514788,0,Disadvantaged Community,Low,Urban,54.7420281921445,Yes,"Yes, eligible","No, ineligible",1514785.23165894,6355.92312627906
4872,06,071,San Bernardino County,009300,06071009300,93,Census Tract 93,11485645,0,Disadvantaged Community,Low,Rural,0,Yes,"No, ineligible","Yes, rural, eligible",11485645.749939,28700.7871960264
4874,06,037,Los Angeles County,533503,06037533503,5335.03,Census Tract 5335.03,173596,0,Disadvantaged Community,Low,Urban,0,Yes,"Yes, eligible","No, ineligible",173594.195266724,1787.35510200267
4875,06,037,Los Angeles County,543702,06037543702,5437.02,Census Tract 5437.02,1315476,0,Disadvantaged Community,Low,Urban,0,Yes,"Yes, eligible","No, ineligible",1315478.43878174,4600.97082830801
4876,06,037,Los Angeles County,553902,06037553902,5539.02,Census Tract 5539.02,1055809,0,Disadvantaged Community,Low,Urban,0,Yes,"Yes, eligible","No, ineligible",1055806.61164093,4495.98936903158
4877,06,037,Los Angeles County,570304,06037570304,5703.04,Census Tract 5703.04,545966,25568,Disadvantaged Community,Low,Urban,78.5237534354142,Yes,"Yes, eligible","No, ineligible",571534.584518433,4201.19776280869
4890,06,065,Riverside County,030101,06065030101,301.01,Census Tract 301.01,496237,0,Disadvantaged Community,Low,Urban,0,Yes,"Yes, eligible","No, ineligible",496238.648239136,3261.40355786465
4891,06,065,Riverside County,030103,06065030103,301.03,Census Tract 301.03,1003279,0,Disadvantaged Community,Middle,Urban,0,Yes,"Yes, eligible","No, ineligible",1003277.99227905,5184.01926870022
4896,06,037,Los Angeles County,408301,06037408301,4083.01,Census Tract 4083.01,1991496,93798,Disadvantaged Community,Low,Urban,0,Yes,"Yes, eligible","No, ineligible",2085296.08342743,6882.74829207048
4897,06,037,Los Angeles County,408302,06037408302,4083.02,Census Tract 4083.02,2925011,440695,Disadvantaged Community,Low,Urban,729.92700729927,Yes,"No, ineligible","No, ineligible",3365707.49547577,9961.20740447825
4906,06,085,Santa Clara County,503112,06085503112,5031.12,Census Tract 5031.12,1136976,0,Disadvantaged Community,Low,Urban,1207.43781695243,Yes,"No, ineligible","No, ineligible",1136978.18179607,4384.00444333122
4911,06,071,San Bernardino County,002804,06071002804,28.04,Census Tract 28.04,1003542,0,Disadvantaged Community,Low,Urban,0,Yes,"Yes, eligible","No, ineligible",1003543.10920715,4110.90013503402
4912,06,071,San Bernardino County,000825,06071000825,8.25,Census Tract 8.25,952027,0,Disadvantaged Community,Low,Urban,0,Yes,"Yes, eligible","No, ineligible",952025.005470276,3901.23913859652
4914,06,071,San Bernardino County,002105,06071002105,21.05,Census Tract 21.05,3350498,0,Disadvantaged Community,Middle,Urban,0,Yes,"Yes, eligible","No, ineligible",3350503.25820923,10364.6539820941
4915,06,071,San Bernardino County,001503,06071001503,15.03,Census Tract 15.03,553822,0,Disadvantaged Community,Low,Urban,0,Yes,"Yes, eligible","No, ineligible",553823.014213562,3177.05385112323
4921,06,037,Los Angeles County,603703,06037603703,6037.03,Census Tract 6037.03,651955,0,Disadvantaged Community,High,Urban,0,Yes,"Yes, eligible","No, ineligible",651954.095214844,3315.32698788829
4933,06,085,Santa Clara County,505202,06085505202,5052.02,Census Tract 5052.02,9201412,0,Disadvantaged Community,Low,Urban,5521.91464821223,Yes,"No, ineligible","No, ineligible",9201412.15638924,16508.3530136274
4949,06,085,Santa Clara County,503113,06085503113,5031.13,Census Tract 5031.13,728343,0,Disadvantaged Community,Low,Urban,0,Yes,"Yes, eligible","No, ineligible",728343.541321754,3484.27835823616
4966,06,053,Monterey County,014500,06053014500,145,Census Tract 145,13886371,0,Disadvantaged Community,Low,Urban,447.027268663388,Yes,"No, ineligible","No, ineligible",13886374.5247459,20965.9131810063
4971,06,065,Riverside County,030104,06065030104,301.04,Census Tract 301.04,3276077,174839,Disadvantaged Community,Middle,Urban,0,Yes,"Yes, eligible","No, ineligible",3450912.98226929,8903.95336870763
4972,06,065,Riverside County,031601,06065031601,316.01,Census Tract 316.01,1938919,0,Disadvantaged Community,Low,Urban,266.725939097577,Yes,"No, ineligible","No, ineligible",1938918.35389709,7093.73576610525
4973,06,065,Riverside County,040102,06065040102,401.02,Census Tract 401.02,9903382,0,Disadvantaged Community,Middle,Urban,0,Yes,"Yes, eligible","No, ineligible",9903386.94949341,14355.9855764965
4978,06,037,Los Angeles County,104103,06037104103,1041.03,Census Tract 1041.03,949109,0,Disadvantaged Community,High,Urban,0,Yes,"Yes, eligible","No, ineligible",949108.48084259,4035.72821568515
4979,06,037,Los Angeles County,104105,06037104105,1041.05,Census Tract 1041.05,584710,0,Disadvantaged Community,Low,Urban,33.0360092500826,Yes,"Yes, eligible","No, ineligible",584711.322128296,3548.02802289784
4980,06,065,Riverside County,041101,06065041101,411.01,Census Tract 411.01,1578448,0,Disadvantaged Community,Low,Urban,0,Yes,"Yes, eligible","No, ineligible",1578448.09091187,5915.0293719648
4981,06,065,Riverside County,041102,06065041102,411.02,Census Tract 411.02,2458350,0,Disadvantaged Community,Low,Urban,0,Yes,"Yes, eligible","No, ineligible",2458349.19992828,7418.37561061679
4989,06,037,Los Angeles County,106510,06037106510,1065.10,Census Tract 1065.10,5708881,8398,Disadvantaged Community,Middle,Urban,17.7999288002848,Yes,"Yes, eligible","No, ineligible",5717279.49039459,11315.0435254271
4990,06,037,Los Angeles County,106520,06037106520,1065.20,Census Tract 1065.20,2205882,0,Disadvantaged Community,Low,Urban,16.8918918918919,Yes,"Yes, eligible","No, ineligible",2205881.66277695,6029.01198328046
4991,06,037,Los Angeles County,106604,06037106604,1066.04,Census Tract 1066.04,2611563,8851,Disadvantaged Community,Low,Urban,19.7316495659037,Yes,"Yes, eligible","No, ineligible",2620409.67062378,8024.46301634239
5000,06,037,Los Angeles County,570403,06037570403,5704.03,Census Tract 5704.03,570677,0,Disadvantaged Community,Low,Urban,0,Yes,"Yes, eligible","No, ineligible",570676.547393799,3228.57406653699
5001,06,037,Los Angeles County,900201,06037900201,9002.01,Census Tract 9002.01,235291631,131773,Disadvantaged Community,Low,Rural,0,Yes,"No, ineligible","Yes, rural, eligible",235423428.524384,70245.07457129
5003,06,037,Los Angeles County,404503,06037404503,4045.03,Census Tract 4045.03,656776,0,Disadvantaged Community,Low,Urban,0,Yes,"Yes, eligible","No, ineligible",656777.482040405,3271.48505155996
5004,06,037,Los Angeles County,402801,06037402801,4028.01,Census Tract 4028.01,1804259,4003,Disadvantaged Community,Low,Urban,0,Yes,"Yes, eligible","No, ineligible",1808262.75788879,6694.06116390897
5009,06,037,Los Angeles County,404301,06037404301,4043.01,Census Tract 4043.01,1107477,0,Disadvantaged Community,Low,Urban,0,Yes,"Yes, eligible","No, ineligible",1107475.96707916,4256.91184498428
5011,06,037,Los Angeles County,404401,06037404401,4044.01,Census Tract 4044.01,1450508,0,Disadvantaged Community,Low,Urban,53.835800807537,Yes,"Yes, eligible","No, ineligible",1450513.40933228,6106.48316303648
5021,06,037,Los Angeles County,113233,06037113233,1132.33,Census Tract 1132.33,1143944,0,Disadvantaged Community,Low,Urban,54.4588155207624,Yes,"Yes, eligible","No, ineligible",1143945.13756561,5092.02076148706
5030,06,065,Riverside County,041302,06065041302,413.02,Census Tract 413.02,1485889,0,Disadvantaged Community,Low,Urban,0,Yes,"Yes, eligible","No, ineligible",1485888.26364136,6699.0525040051
5039,06,037,Los Angeles County,402902,06037402902,4029.02,Census Tract 4029.02,1845219,0,Disadvantaged Community,Low,Urban,0,Yes,"Yes, eligible","No, ineligible",1845218.63310242,6331.34151581862
5040,06,037,Los Angeles County,403000,06037403000,4030,Census Tract 4030,2416493,1922,Disadvantaged Community,Low,Urban,0,Yes,"Yes, eligible","No, ineligible",2418415.05974579,7895.83249630843
5041,06,037,Los Angeles County,403200,06037403200,4032,Census Tract 4032,2517842,845,Disadvantaged Community,NA,Urban,0,Yes,"Yes, eligible","No, ineligible",2518686.86688232,7270.18507690051
5046,06,085,Santa Clara County,501102,06085501102,5011.02,Census Tract 5011.02,1225148,0,Disadvantaged Community,Low,Urban,0,Yes,"Yes, eligible","No, ineligible",1225147.12737846,4629.48658928939
5049,06,037,Los Angeles County,404402,06037404402,4044.02,Census Tract 4044.02,3346361,19831,Disadvantaged Community,Low,Urban,0,Yes,"Yes, eligible","No, ineligible",3366191.26475525,8539.34655914291
5050,06,037,Los Angeles County,404702,06037404702,4047.02,Census Tract 4047.02,1156276,0,Disadvantaged Community,Low,Urban,71.06057914372,Yes,"Yes, eligible","No, ineligible",1156278.77677155,4946.46699943488
5051,06,037,Los Angeles County,404703,06037404703,4047.03,Census Tract 4047.03,1235934,80465,Disadvantaged Community,Low,Urban,64.3086816720257,Yes,"Yes, eligible","No, ineligible",1316401.28781128,7210.03929785225
5052,06,037,Los Angeles County,404801,06037404801,4048.01,Census Tract 4048.01,1393385,0,Disadvantaged Community,Low,Urban,0,Yes,"Yes, eligible","No, ineligible",1393385.03866577,5245.65562817356
5053,06,037,Los Angeles County,404802,06037404802,4048.02,Census Tract 4048.02,1042383,0,Disadvantaged Community,Low,Urban,190.657769304099,Yes,"No, ineligible","No, ineligible",1042384.0710144,4716.68978143342
5054,06,037,Los Angeles County,404803,06037404803,4048.03,Census Tract 4048.03,471768,16401,Disadvantaged Community,Low,Urban,0,Yes,"Yes, eligible","No, ineligible",488171.52016449,4338.80330495002
5055,06,037,Los Angeles County,404903,06037404903,4049.03,Census Tract 4049.03,545369,0,Disadvantaged Community,Low,Urban,0,Yes,"Yes, eligible","No, ineligible",545371.094718933,3211.94914146973
5060,06,037,Los Angeles County,117405,06037117405,1174.05,Census Tract 1174.05,201835,0,Disadvantaged Community,Low,Urban,0,Yes,"Yes, eligible","No, ineligible",201835.178081512,1811.52944759689
5076,06,085,Santa Clara County,503122,06085503122,5031.22,Census Tract 5031.22,3645297,0,Disadvantaged Community,Low,Urban,444.197667962243,Yes,"No, ineligible","No, ineligible",3645295.43964481,8590.59764931495
5084,06,065,Riverside County,045707,06065045707,457.07,Census Tract 457.07,2066278,0,Disadvantaged Community,Low,Urban,30.8024025874018,Yes,"Yes, eligible","No, ineligible",2066279.66244507,6853.14137875975
5085,06,037,Los Angeles County,405001,06037405001,4050.01,Census Tract 4050.01,1675690,25952,Disadvantaged Community,Low,Urban,0,Yes,"Yes, eligible","No, ineligible",1701639.50147247,5904.9944403144
5086,06,037,Los Angeles County,405002,06037405002,4050.02,Census Tract 4050.02,891361,0,Disadvantaged Community,Low,Urban,0,Yes,"Yes, eligible","No, ineligible",891362.611763,3899.53979352445
5087,06,037,Los Angeles County,405102,06037405102,4051.02,Census Tract 4051.02,962818,0,Disadvantaged Community,Low,Urban,70.9345628657563,Yes,"Yes, eligible","No, ineligible",962815.588867188,4748.67839257924
5088,06,037,Los Angeles County,405201,06037405201,4052.01,Census Tract 4052.01,1354249,1874,Disadvantaged Community,Low,Urban,202.71639975674,Yes,"No, ineligible","No, ineligible",1356124.58056641,5460.43631491654
5089,06,037,Los Angeles County,405202,06037405202,4052.02,Census Tract 4052.02,953268,0,Disadvantaged Community,Low,Urban,0,Yes,"Yes, eligible","No, ineligible",953267.48525238,4093.11973610825
5090,06,037,Los Angeles County,405203,06037405203,4052.03,Census Tract 4052.03,719302,0,Disadvantaged Community,Low,Urban,0,Yes,"Yes, eligible","No, ineligible",719301.954483032,4154.25347122619
5092,06,037,Los Angeles County,408401,06037408401,4084.01,Census Tract 4084.01,1158806,0,Disadvantaged Community,Low,Urban,0,Yes,"Yes, eligible","No, ineligible",1158805.16769409,5188.41174461661
5093,06,037,Los Angeles County,408501,06037408501,4085.01,Census Tract 4085.01,879097,0,Disadvantaged Community,Low,Urban,0,Yes,"Yes, eligible","No, ineligible",879095.545272827,5017.34476256896
5100,06,085,Santa Clara County,503117,06085503117,5031.17,Census Tract 5031.17,501091,0,Disadvantaged Community,Low,Urban,0,Yes,"Yes, eligible","No, ineligible",501091.198107719,3210.53025259556
5101,06,037,Los Angeles County,432201,06037432201,4322.01,Census Tract 4322.01,1151859,0,Disadvantaged Community,Low,Urban,0,Yes,"Yes, eligible","No, ineligible",1151859.88995361,4728.42365880393
5102,06,037,Los Angeles County,432202,06037432202,4322.02,Census Tract 4322.02,1382316,1122,Disadvantaged Community,Low,Urban,67.0990829791993,Yes,"Yes, eligible","No, ineligible",1383435.77022552,6135.62450586508
5104,06,065,Riverside County,046500,06065046500,465,Census Tract 465,4729044,14300,Disadvantaged Community,Low,Urban,679.983000424989,Yes,"No, ineligible","No, ineligible",4743341.55040741,11960.3587881259
5117,06,001,Alameda County,437101,06001437101,4371.01,Census Tract 4371.01,49031968,7227924,Disadvantaged Community,Middle,Urban,521.164357442481,Yes,"No, ineligible","No, ineligible",56259894.7702403,41821.9493523354
5118,06,001,Alameda County,438203,06001438203,4382.03,Census Tract 4382.03,5275378,0,Disadvantaged Community,Low,Urban,0,Yes,"Yes, eligible","No, ineligible",5275380.05323887,15787.9254898488
5134,06,065,Riverside County,040607,06065040607,406.07,Census Tract 406.07,21355178,4765,Disadvantaged Community,High,Urban,140.045125651599,Yes,"No, ineligible","No, ineligible",21359946.7452774,26705.0041766612
5149,06,037,Los Angeles County,432300,06037432300,4323,Census Tract 4323,1951202,30495,Disadvantaged Community,Low,Urban,0,Yes,"Yes, eligible","No, ineligible",1981700.12821198,6167.48675429249
5150,06,037,Los Angeles County,432401,06037432401,4324.01,Census Tract 4324.01,1049352,0,Disadvantaged Community,Low,Urban,53.9811066126856,Yes,"Yes, eligible","No, ineligible",1049352.87376404,5656.38356249093
5151,06,037,Los Angeles County,432402,06037432402,4324.02,Census Tract 4324.02,1494699,10754,Disadvantaged Community,Low,Urban,28.8267512251369,Yes,"Yes, eligible","No, ineligible",1505454.17878723,5730.58180706219
5152,06,013,Contra Costa County,381000,06013381000,3810,Census Tract 3810,1959331,0,Disadvantaged Community,Low,Urban,138.015641772734,Yes,"No, ineligible","No, ineligible",1959332.59865224,6970.22571436535
5157,06,037,Los Angeles County,432500,06037432500,4325,Census Tract 4325,2611603,204454,Disadvantaged Community,Low,Urban,12.2249388753056,Yes,"Yes, eligible","No, ineligible",2816058.50562286,7816.30237077152
5158,06,037,Los Angeles County,432601,06037432601,4326.01,Census Tract 4326.01,1404869,0,Disadvantaged Community,Low,Urban,0,Yes,"Yes, eligible","No, ineligible",1404869.7142868,5286.76585035837
5162,06,037,Los Angeles County,461600,06037461600,4616,Census Tract 4616,1649668,11915,Disadvantaged Community,Low,Urban,0,Yes,"Yes, eligible","No, ineligible",1661577.69750214,5489.95465767566
5164,06,037,Los Angeles County,576401,06037576401,5764.01,Census Tract 5764.01,324020,0,Disadvantaged Community,Low,Urban,0,Yes,"Yes, eligible","No, ineligible",324019.748176575,2416.17095650536
5165,06,037,Los Angeles County,572002,06037572002,5720.02,Census Tract 5720.02,1046070,0,Disadvantaged Community,Low,Urban,0,Yes,"Yes, eligible","No, ineligible",1046071.99381256,4260.86333612166
5166,06,037,Los Angeles County,570502,06037570502,5705.02,Census Tract 5705.02,1997821,0,Disadvantaged Community,Low,Urban,0,Yes,"Yes, eligible","No, ineligible",1997821.3711319,6081.2302690086
5167,06,037,Los Angeles County,504102,06037504102,5041.02,Census Tract 5041.02,6362887,96818,Disadvantaged Community,NA,Urban,0,Yes,"Yes, eligible","No, ineligible",6459696.07585907,18696.2012584118
5168,06,037,Los Angeles County,542501,06037542501,5425.01,Census Tract 5425.01,577486,7732,Disadvantaged Community,Low,Urban,0,Yes,"Yes, eligible","No, ineligible",585217.931404114,3661.68798041445
5178,06,037,Los Angeles County,195600,06037195600,1956,Census Tract 1956,527583,0,Disadvantaged Community,Low,Urban,33.921302578019,Yes,"Yes, eligible","No, ineligible",527581.168945312,3403.93364085427
5179,06,037,Los Angeles County,195710,06037195710,1957.10,Census Tract 1957.10,483407,0,Disadvantaged Community,Low,Urban,0,Yes,"Yes, eligible","No, ineligible",483406.242431641,2975.46615487016
5180,06,037,Los Angeles County,195720,06037195720,1957.20,Census Tract 1957.20,288986,0,Disadvantaged Community,Low,Urban,0,Yes,"Yes, eligible","No, ineligible",288985.00743103,2544.08080580769
5182,06,037,Los Angeles County,195802,06037195802,1958.02,Census Tract 1958.02,402523,0,Disadvantaged Community,Low,Urban,74.3218134522482,Yes,"Yes, eligible","No, ineligible",402522.441841125,3028.4327295367
5191,06,037,Los Angeles County,143200,06037143200,1432,Census Tract 1432,957094,0,Disadvantaged Community,Low,Urban,24.4798041615667,Yes,"Yes, eligible","No, ineligible",957095.50283432,4285.47516525219
5193,06,037,Los Angeles County,201301,06037201301,2013.01,Census Tract 2013.01,866178,0,Disadvantaged Community,Low,Urban,0,Yes,"Yes, eligible","No, ineligible",866176.607124329,5961.90628689644
5195,06,037,Los Angeles County,201401,06037201401,2014.01,Census Tract 2014.01,1279510,28686,Disadvantaged Community,Low,Urban,0,Yes,"Yes, eligible","No, ineligible",1308195.93130493,4721.37805526868
5196,06,037,Los Angeles County,201402,06037201402,2014.02,Census Tract 2014.02,1941232,0,Disadvantaged Community,Low,Urban,1901.9019019019,Yes,"No, ineligible","No, ineligible",1941234.20048523,5794.23201486044
5198,06,037,Los Angeles County,139302,06037139302,1393.02,Census Tract 1393.02,338299,0,Disadvantaged Community,Low,Urban,0,Yes,"Yes, eligible","No, ineligible",338298.78276825,2426.57323011275
5205,06,013,Contra Costa County,336201,06013336201,3362.01,Census Tract 3362.01,1242067,0,Disadvantaged Community,Low,Urban,0,Yes,"Yes, eligible","No, ineligible",1242067.46271795,6441.50638492984
5240,06,037,Los Angeles County,185202,06037185202,1852.02,Census Tract 1852.02,1205736,0,Disadvantaged Community,Low,Urban,0,Yes,"Yes, eligible","No, ineligible",1205737.77650452,5308.26710957578
5241,06,037,Los Angeles County,185310,06037185310,1853.10,Census Tract 1853.10,421083,0,Disadvantaged Community,Low,Urban,0,Yes,"Yes, eligible","No, ineligible",421082.958969116,3707.69799655676
5242,06,037,Los Angeles County,405101,06037405101,4051.01,Census Tract 4051.01,1121229,0,Disadvantaged Community,Low,Urban,0,Yes,"Yes, eligible","No, ineligible",1121229.33112335,4508.55492400262
5244,06,037,Los Angeles County,185320,06037185320,1853.20,Census Tract 1853.20,587862,2709,Disadvantaged Community,Low,Urban,33.4336342360415,Yes,"Yes, eligible","No, ineligible",590573.005065918,4331.66389836792
5245,06,037,Los Angeles County,481603,06037481603,4816.03,Census Tract 4816.03,655706,0,Disadvantaged Community,Low,Urban,0,Yes,"Yes, eligible","No, ineligible",655706.184066772,3683.59774042724
5246,06,037,Los Angeles County,481001,06037481001,4810.01,Census Tract 4810.01,1049644,0,Disadvantaged Community,Low,Urban,137.331197070268,Yes,"No, ineligible","No, ineligible",1049642.4380722,4845.34609639171
5247,06,037,Los Angeles County,404600,06037404600,4046,Census Tract 4046,22846777,2038279,Disadvantaged Community,Low,Urban,1147.77618364419,Yes,"No, ineligible","No, ineligible",24885055.1097412,40361.8631554853
5256,06,037,Los Angeles County,186401,06037186401,1864.01,Census Tract 1864.01,961479,0,Disadvantaged Community,Low,Urban,28.6615075952995,Yes,"Yes, eligible","No, ineligible",961478.990982056,5456.13498846458
5257,06,037,Los Angeles County,197200,06037197200,1972,Census Tract 1972,744116,32985,Disadvantaged Community,Low,Urban,0,Yes,"Yes, eligible","No, ineligible",777102.485786438,4521.21172238556
5258,06,037,Los Angeles County,197300,06037197300,1973,Census Tract 1973,654246,0,Disadvantaged Community,Middle,Urban,74.0375123395854,Yes,"Yes, eligible","No, ineligible",654247.283126831,4637.87589563535
5261,06,031,Kings County,001601,06031001601,16.01,Census Tract 16.01,1697540632,2116644,Disadvantaged Community,Low,Rural,2901.73128505243,Yes,"No, ineligible","Yes, rural, eligible",1699657377.79724,185149.317088779
5262,06,031,Kings County,001300,06031001300,13,Census Tract 13,45574882,0,Disadvantaged Community,Low,Rural Center,41.5713988775722,Yes,"No, ineligible","Yes, rural center, eligible",45574880.4889307,41943.8576054313
5263,06,031,Kings County,000200,06031000200,2,Census Tract 2,162742336,30840,Disadvantaged Community,Low,Rural,0,Yes,"No, ineligible","Yes, rural, eligible",162773170.161139,71483.2351376701
5264,06,031,Kings County,000100,06031000100,1,Census Tract 1,255196604,75237,Disadvantaged Community,High,Rural,0,Yes,"No, ineligible","Yes, rural, eligible",255271857.575429,84720.9344851888
5265,06,031,Kings County,001701,06031001701,17.01,Census Tract 17.01,788710880,586957,Disadvantaged Community,Low,Rural,0,Yes,"No, ineligible","Yes, rural, eligible",789297916.771502,126229.930839361
5266,06,031,Kings County,001200,06031001200,12,Census Tract 12,395454317,2468994,Disadvantaged Community,Low,Rural,0,Yes,"No, ineligible","Yes, rural, eligible",397923329.324591,90812.8511607323
5267,06,031,Kings County,000300,06031000300,3,Census Tract 3,70139813,189883,Disadvantaged Community,Low,Rural,29.1630212890055,Yes,"No, ineligible","Yes, rural, eligible",70329705.6891552,43148.8593391042
5271,06,037,Los Angeles County,197420,06037197420,1974.20,Census Tract 1974.20,615578,0,Disadvantaged Community,Low,Urban,28.0583613916947,Yes,"Yes, eligible","No, ineligible",615578.508056641,3541.95739404222
5272,06,037,Los Angeles County,197500,06037197500,1975,Census Tract 1975,581662,58811,Disadvantaged Community,Low,Urban,51.0986203372509,Yes,"Yes, eligible","No, ineligible",640473.823043823,3174.90182506278
5273,06,037,Los Angeles County,197600,06037197600,1976,Census Tract 1976,388300,0,Disadvantaged Community,Low,Urban,0,Yes,"Yes, eligible","No, ineligible",388298.815361023,3171.09294802852
5274,06,037,Los Angeles County,197700,06037197700,1977,Census Tract 1977,701768,0,Disadvantaged Community,Low,Urban,112.528132033008,Yes,"No, ineligible","No, ineligible",701769.463737488,4245.05882257109
5275,06,037,Los Angeles County,199000,06037199000,1990,Census Tract 1990,1500952,59675,Disadvantaged Community,Low,Urban,74.1977369690224,Yes,"Yes, eligible","No, ineligible",1560623.58666992,5801.69906925305
5277,06,031,Kings County,000500,06031000500,5,Census Tract 5,31428262,0,Disadvantaged Community,Low,Urban,0,Yes,"Yes, eligible","No, ineligible",31428256.2901468,22857.5307498768
5282,06,031,Kings County,000800,06031000800,8,Census Tract 8,10472407,0,Disadvantaged Community,Low,Urban,79.1295746785361,Yes,"Yes, eligible","No, ineligible",10472405.9035182,12991.2451412337
5283,06,037,Los Angeles County,187102,06037187102,1871.02,Census Tract 1871.02,1960131,236567,Disadvantaged Community,Low,Urban,26.7451190157796,Yes,"Yes, eligible","No, ineligible",2196692.59809113,11694.8173158252
5284,06,037,Los Angeles County,187200,06037187200,1872,Census Tract 1872,918312,33033,Disadvantaged Community,Low,Urban,101.24873439082,Yes,"Yes, eligible","No, ineligible",951342.118331909,4742.64864200278
5287,06,031,Kings County,000900,06031000900,9,Census Tract 9,3966418,0,Disadvantaged Community,Low,Urban,100.553041729512,Yes,"Yes, eligible","No, ineligible",3966409.77462101,8430.64398587844
5289,06,031,Kings County,001002,06031001002,10.02,Census Tract 10.02,3216059,0,Disadvantaged Community,Low,Urban,215.940321947389,Yes,"No, ineligible","No, ineligible",3216062.4442625,9481.24894996321
5290,06,031,Kings County,001003,06031001003,10.03,Census Tract 10.03,5454894,0,Disadvantaged Community,Low,Urban,14.682131845544,Yes,"Yes, eligible","No, ineligible",5454896.60975027,9862.71724426629
5291,06,031,Kings County,001100,06031001100,11,Census Tract 11,9745964,0,Disadvantaged Community,Low,Urban,15.0806816468104,Yes,"Yes, eligible","No, ineligible",9745968.31327772,15188.0495415842
5294,06,037,Los Angeles County,237500,06037237500,2375,Census Tract 2375,337329,0,Disadvantaged Community,Low,Urban,34.2231348391513,Yes,"Yes, eligible","No, ineligible",337326.505126953,2513.10296088233
5296,06,065,Riverside County,042719,06065042719,427.19,Census Tract 427.19,27252099,279979,Disadvantaged Community,Low,Urban,18.2815356489945,Yes,"Yes, eligible","No, ineligible",27532081.083931,35745.1929072734
5301,06,037,Los Angeles County,213201,06037213201,2132.01,Census Tract 2132.01,334942,0,Disadvantaged Community,Low,Urban,50.8646998982706,Yes,"Yes, eligible","No, ineligible",334943.130989075,2501.99329922003
5302,06,037,Los Angeles County,213202,06037213202,2132.02,Census Tract 2132.02,337924,0,Disadvantaged Community,Low,Urban,25.3678335870117,Yes,"Yes, eligible","No, ineligible",337921.590061188,2481.48290277652
5303,06,037,Los Angeles County,128302,06037128302,1283.02,Census Tract 1283.02,688871,0,Disadvantaged Community,Low,Urban,0,Yes,"Yes, eligible","No, ineligible",688870.993896484,3790.8989209912
5306,06,037,Los Angeles County,119320,06037119320,1193.20,Census Tract 1193.20,486436,10184,Disadvantaged Community,Low,Urban,0,Yes,"Yes, eligible","No, ineligible",496619.353752136,2850.71913186747
5308,06,037,Los Angeles County,910403,06037910403,9104.03,Census Tract 9104.03,1255899,0,Disadvantaged Community,Low,Urban,0,Yes,"Yes, eligible","No, ineligible",1255900.91083908,4895.98767813272
5309,06,037,Los Angeles County,294520,06037294520,2945.20,Census Tract 2945.20,484078,0,Disadvantaged Community,Low,Urban,26.9541778975741,Yes,"Yes, eligible","No, ineligible",484078.734169006,2903.69725509852
5310,06,037,Los Angeles County,573202,06037573202,5732.02,Census Tract 5732.02,649038,0,Disadvantaged Community,Low,Urban,0,Yes,"Yes, eligible","No, ineligible",649042.639709473,3222.35404028807
5314,06,037,Los Angeles County,542200,06037542200,5422,Census Tract 5422,1328440,55915,Disadvantaged Community,Low,Urban,0,Yes,"Yes, eligible","No, ineligible",1384358.33917236,5188.16166845407
5318,06,037,Los Angeles County,213310,06037213310,2133.10,Census Tract 2133.10,312089,0,Disadvantaged Community,Low,Urban,0,Yes,"Yes, eligible","No, ineligible",312089.866378784,2385.18462061447
5319,06,037,Los Angeles County,213320,06037213320,2133.20,Census Tract 2133.20,311438,0,Disadvantaged Community,Low,Urban,0,Yes,"Yes, eligible","No, ineligible",311440.653556824,2392.91263822011
5322,06,037,Los Angeles County,213401,06037213401,2134.01,Census Tract 2134.01,196100,0,Disadvantaged Community,Low,Urban,0,Yes,"Yes, eligible","No, ineligible",196099.321838379,1928.52504308375
5337,06,065,Riverside County,030300,06065030300,303,Census Tract 303,2481817,0,Disadvantaged Community,Low,Urban,2309.01498403341,Yes,"No, ineligible","No, ineligible",2481815.70878601,8767.28841925844
5338,06,065,Riverside County,030400,06065030400,304,Census Tract 304,2739699,0,Disadvantaged Community,Low,Urban,0,Yes,"Yes, eligible","No, ineligible",2739694.84085846,7679.25933446869
5339,06,065,Riverside County,030501,06065030501,305.01,Census Tract 305.01,1879867,0,Disadvantaged Community,Low,Urban,0,Yes,"Yes, eligible","No, ineligible",1879869.69271088,6396.93692555714
5352,06,037,Los Angeles County,213402,06037213402,2134.02,Census Tract 2134.02,391846,0,Disadvantaged Community,Low,Urban,102.944204241301,Yes,"Yes, eligible","No, ineligible",391846.182929993,2531.54463307763
5357,06,067,Sacramento County,009006,06067009006,90.06,Census Tract 90.06,2904679,0,Disadvantaged Community,Low,Urban,0,Yes,"Yes, eligible","No, ineligible",2904678.10306787,10234.2564275502
5359,06,037,Los Angeles County,216900,06037216900,2169,Census Tract 2169,1094558,0,Disadvantaged Community,Middle,Urban,40.9332787556283,Yes,"Yes, eligible","No, ineligible",1094556.15642929,4599.06933297359
5361,06,037,Los Angeles County,217200,06037217200,2172,Census Tract 2172,919065,0,Disadvantaged Community,Low,Urban,192.492781520693,Yes,"No, ineligible","No, ineligible",919063.171943665,4573.93255574266
5362,06,037,Los Angeles County,218110,06037218110,2181.10,Census Tract 2181.10,598601,0,Disadvantaged Community,Low,Urban,0,Yes,"Yes, eligible","No, ineligible",598602.033790588,3888.88547723976
5363,06,037,Los Angeles County,218210,06037218210,2182.10,Census Tract 2182.10,388481,0,Disadvantaged Community,Low,Urban,0,Yes,"Yes, eligible","No, ineligible",388481.50112915,2673.49757911216
5364,06,037,Los Angeles County,218220,06037218220,2182.20,Census Tract 2182.20,672776,0,Disadvantaged Community,Low,Urban,0,Yes,"Yes, eligible","No, ineligible",672776.072998047,3561.70467394906
5365,06,037,Los Angeles County,218300,06037218300,2183,Census Tract 2183,891389,9421,Disadvantaged Community,Low,Urban,0,Yes,"Yes, eligible","No, ineligible",900806.220142365,5276.63003555982
5366,06,037,Los Angeles County,218400,06037218400,2184,Census Tract 2184,656666,0,Disadvantaged Community,Low,Urban,0,Yes,"Yes, eligible","No, ineligible",656665.44190979,3714.56139686451
5367,06,037,Los Angeles County,218500,06037218500,2185,Census Tract 2185,523256,0,Disadvantaged Community,Low,Urban,0,Yes,"Yes, eligible","No, ineligible",523256.473155975,3367.237018462
5368,06,037,Los Angeles County,218600,06037218600,2186,Census Tract 2186,430627,0,Disadvantaged Community,Low,Urban,31.7662007623888,Yes,"Yes, eligible","No, ineligible",430626.722225189,2739.50741294731
5369,06,037,Los Angeles County,218900,06037218900,2189,Census Tract 2189,703403,0,Disadvantaged Community,Low,Urban,16.2628069604814,Yes,"Yes, eligible","No, ineligible",703404.441287994,3506.92500666334
5370,06,037,Los Angeles County,219020,06037219020,2190.20,Census Tract 2190.20,726494,0,Disadvantaged Community,Low,Urban,0,Yes,"Yes, eligible","No, ineligible",726494.828594208,3425.77348199163
5372,06,037,Los Angeles County,531202,06037531202,5312.02,Census Tract 5312.02,447318,0,Disadvantaged Community,Low,Urban,0,Yes,"Yes, eligible","No, ineligible",447320.323524475,3223.83164934612
5373,06,037,Los Angeles County,224410,06037224410,2244.10,Census Tract 2244.10,453260,0,Disadvantaged Community,Low,Urban,31.3087038196619,Yes,"Yes, eligible","No, ineligible",453260.783493042,3211.09240957084
5376,06,037,Los Angeles County,218800,06037218800,2188,Census Tract 2188,411644,0,Disadvantaged Community,Low,Urban,0,Yes,"Yes, eligible","No, ineligible",411645.22700882,2744.7175217236
5377,06,037,Los Angeles County,209401,06037209401,2094.01,Census Tract 2094.01,215664,0,Disadvantaged Community,Low,Urban,0,Yes,"Yes, eligible","No, ineligible",215663.746795654,1941.80942296487
5387,06,065,Riverside County,030502,06065030502,305.02,Census Tract 305.02,1921791,0,Disadvantaged Community,Low,Urban,0,Yes,"Yes, eligible","No, ineligible",1921785.93894958,8117.54568994223
5388,06,065,Riverside County,030503,06065030503,305.03,Census Tract 305.03,557206,0,Disadvantaged Community,Low,Urban,0,Yes,"Yes, eligible","No, ineligible",557207.220108032,2993.15264704884
5396,06,037,Los Angeles County,219500,06037219500,2195,Census Tract 2195,557587,0,Disadvantaged Community,Low,Urban,0,Yes,"Yes, eligible","No, ineligible",557589.536945343,3177.43074033951
5397,06,037,Los Angeles County,219800,06037219800,2198,Census Tract 2198,446134,0,Disadvantaged Community,Low,Urban,0,Yes,"Yes, eligible","No, ineligible",446132.778759003,2970.60494134323
5398,06,037,Los Angeles County,220000,06037220000,2200,Census Tract 2200,971788,0,Disadvantaged Community,Low,Urban,42.4538314582891,Yes,"Yes, eligible","No, ineligible",971791.048870087,3894.6523873944
5399,06,037,Los Angeles County,220100,06037220100,2201,Census Tract 2201,979760,635,Disadvantaged Community,Low,Urban,621.11801242236,Yes,"No, ineligible","No, ineligible",980392.985057831,5178.65957816109
5400,06,037,Los Angeles County,221120,06037221120,2211.20,Census Tract 2211.20,317504,0,Disadvantaged Community,Low,Urban,0,Yes,"Yes, eligible","No, ineligible",317502.568618774,2293.56629276457
5401,06,037,Los Angeles County,221210,06037221210,2212.10,Census Tract 2212.10,358792,0,Disadvantaged Community,Low,Urban,0,Yes,"Yes, eligible","No, ineligible",358790.853782654,2566.21227564003
5402,06,037,Los Angeles County,221220,06037221220,2212.20,Census Tract 2212.20,659399,0,Disadvantaged Community,Low,Urban,0,Yes,"Yes, eligible","No, ineligible",659399.551605225,3209.3976497905
5404,06,037,Los Angeles County,232300,06037232300,2323,Census Tract 2323,628761,0,Disadvantaged Community,Low,Urban,0,Yes,"Yes, eligible","No, ineligible",628761.12046051,3519.85026660575
5405,06,037,Los Angeles County,232400,06037232400,2324,Census Tract 2324,1112949,0,Disadvantaged Community,Low,Urban,0,Yes,"Yes, eligible","No, ineligible",1112950.90271759,4239.5519075024
5406,06,037,Los Angeles County,232500,06037232500,2325,Census Tract 2325,767691,0,Disadvantaged Community,Low,Urban,40.4858299595142,Yes,"Yes, eligible","No, ineligible",767691.409355164,3646.13197634716
5407,06,037,Los Angeles County,232600,06037232600,2326,Census Tract 2326,795281,0,Disadvantaged Community,Low,Urban,0,Yes,"Yes, eligible","No, ineligible",795279.411170959,3743.0450832797
5408,06,037,Los Angeles County,232700,06037232700,2327,Census Tract 2327,731203,0,Disadvantaged Community,Low,Urban,15.2253349573691,Yes,"Yes, eligible","No, ineligible",731203.292129517,3506.45548562264
5409,06,037,Los Angeles County,232800,06037232800,2328,Census Tract 2328,426644,0,Disadvantaged Community,Low,Urban,0,Yes,"Yes, eligible","No, ineligible",426645.837089539,2656.87371093025
5410,06,037,Los Angeles County,234000,06037234000,2340,Census Tract 2340,1241882,0,Disadvantaged Community,Low,Urban,18.4604024367731,Yes,"Yes, eligible","No, ineligible",1241881.10417175,5356.94419023285
5411,06,037,Los Angeles County,234200,06037234200,2342,Census Tract 2342,882910,0,Disadvantaged Community,Middle,Urban,742.574257425743,Yes,"No, ineligible","No, ineligible",882909.191051483,3969.33210402794
5412,06,037,Los Angeles County,540201,06037540201,5402.01,Census Tract 5402.01,260771,0,Disadvantaged Community,Low,Urban,0,Yes,"Yes, eligible","No, ineligible",260777.102294922,3174.51681030989
5413,06,037,Los Angeles County,240600,06037240600,2406,Census Tract 2406,675863,0,Disadvantaged Community,Low,Urban,0,Yes,"Yes, eligible","No, ineligible",675860.077423096,3441.82380401534
5414,06,037,Los Angeles County,534102,06037534102,5341.02,Census Tract 5341.02,799923,0,Disadvantaged Community,Low,Urban,0,Yes,"Yes, eligible","No, ineligible",799922.294708252,4506.8884803079
5415,06,037,Los Angeles County,239310,06037239310,2393.10,Census Tract 2393.10,534855,0,Disadvantaged Community,Low,Urban,0,Yes,"Yes, eligible","No, ineligible",534856.174034119,2950.23165693576
5416,06,037,Los Angeles County,532400,06037532400,5324,Census Tract 5324,12496795,442625,Disadvantaged Community,Low,Urban,0,Yes,"Yes, eligible","No, ineligible",12939411.8675079,21025.1132820856
5417,06,037,Los Angeles County,532800,06037532800,5328,Census Tract 5328,551035,0,Disadvantaged Community,Low,Urban,0,Yes,"Yes, eligible","No, ineligible",551035.093917847,3059.88723598322
5419,06,037,Los Angeles County,408202,06037408202,4082.02,Census Tract 4082.02,10244068,232878,Disadvantaged Community,Low,Urban,49.6277915632754,Yes,"Yes, eligible","No, ineligible",10476944.8038483,20359.0769994924
5423,06,065,Riverside County,031704,06065031704,317.04,Census Tract 317.04,2611008,0,Disadvantaged Community,Middle,Urban,51.3874614594039,Yes,"Yes, eligible","No, ineligible",2611009.32707977,7697.88926459214
5424,06,031,Kings County,001402,06031001402,14.02,Census Tract 14.02,1344134,0,Disadvantaged Community,Low,Rural Center,0,Yes,"No, ineligible","Yes, rural center, eligible",1344136.54874182,5337.31425363668
5436,06,065,Riverside County,045604,06065045604,456.04,Census Tract 456.04,261013338,161981737,Disadvantaged Community,Low,Rural,0,Yes,"No, ineligible","Yes, rural, eligible",422995029.713242,120535.48739977
5437,06,065,Riverside County,042007,06065042007,420.07,Census Tract 420.07,133895239,190690,Disadvantaged Community,Middle,Rural,0,Yes,"No, ineligible","Yes, rural, eligible",134085950.312096,56648.5355715655
5446,06,001,Alameda County,432400,06001432400,4324,Census Tract 4324,6433666,1385676,Disadvantaged Community,Low,Urban,157.075539054691,Yes,"No, ineligible","No, ineligible",7819342.74914312,14277.5785948503
5449,06,029,Kern County,002900,06029002900,29,Census Tract 29,2676218,0,Disadvantaged Community,Low,Urban,0,Yes,"Yes, eligible","No, ineligible",2676217.096735,6475.26507992543
5450,06,029,Kern County,003112,06029003112,31.12,Census Tract 31.12,2990532,21487,Disadvantaged Community,Low,Urban,114.920513311626,Yes,"No, ineligible","No, ineligible",3012020.51881981,6972.71223651188
5451,06,029,Kern County,003113,06029003113,31.13,Census Tract 31.13,2222662,0,Disadvantaged Community,Low,Urban,0,Yes,"Yes, eligible","No, ineligible",2222662.63061142,6019.47752179557
5453,06,065,Riverside County,040203,06065040203,402.03,Census Tract 402.03,938223,0,Disadvantaged Community,Low,Urban,0,Yes,"Yes, eligible","No, ineligible",938223.045722961,5632.70136195958
5454,06,065,Riverside County,040204,06065040204,402.04,Census Tract 402.04,1377662,0,Disadvantaged Community,Low,Urban,0,Yes,"Yes, eligible","No, ineligible",1377661.1072998,5805.65727737548
5455,06,065,Riverside County,040303,06065040303,403.03,Census Tract 403.03,3056831,0,Disadvantaged Community,Middle,Urban,0,Yes,"Yes, eligible","No, ineligible",3056829.06549072,8320.2073655174
5456,06,065,Riverside County,040402,06065040402,404.02,Census Tract 404.02,4861457,27897,Disadvantaged Community,Low,Urban,45.7351932311914,Yes,"Yes, eligible","No, ineligible",4889353.56079865,11803.128288217
5472,06,029,Kern County,000200,06029000200,2,Census Tract 2,2842596,0,Disadvantaged Community,Low,Urban,0,Yes,"Yes, eligible","No, ineligible",2842594.30736923,10191.283134519
5473,06,029,Kern County,000300,06029000300,3,Census Tract 3,1518290,0,Disadvantaged Community,Low,Urban,0,Yes,"Yes, eligible","No, ineligible",1518289.77450752,7848.28705905678
5474,06,037,Los Angeles County,552700,06037552700,5527,Census Tract 5527,1375435,0,Disadvantaged Community,Low,Urban,0,Yes,"Yes, eligible","No, ineligible",1375438.06382751,5029.32083234708
5476,06,037,Los Angeles County,553000,06037553000,5530,Census Tract 5530,1264079,0,Disadvantaged Community,Low,Urban,59.6065964633419,Yes,"Yes, eligible","No, ineligible",1264082.585289,4956.9795374566
5496,06,037,Los Angeles County,601402,06037601402,6014.02,Census Tract 6014.02,983306,0,Disadvantaged Community,Low,Urban,41.7275192989777,Yes,"Yes, eligible","No, ineligible",983305.313369751,4043.12934331494
5497,06,037,Los Angeles County,601502,06037601502,6015.02,Census Tract 6015.02,490797,0,Disadvantaged Community,Low,Urban,0,Yes,"Yes, eligible","No, ineligible",490797.750133514,3509.61903083155
5498,06,037,Los Angeles County,601600,06037601600,6016,Census Tract 6016,912444,0,Disadvantaged Community,Low,Urban,0,Yes,"Yes, eligible","No, ineligible",912444.792625427,3921.54282310197
5499,06,037,Los Angeles County,601700,06037601700,6017,Census Tract 6017,780881,0,Disadvantaged Community,Low,Urban,0,Yes,"Yes, eligible","No, ineligible",780876.94171524,3871.90267750035
5500,06,037,Los Angeles County,601801,06037601801,6018.01,Census Tract 6018.01,486723,0,Disadvantaged Community,Low,Urban,0,Yes,"Yes, eligible","No, ineligible",486720.491443634,3215.22050780173
5501,06,037,Los Angeles County,601802,06037601802,6018.02,Census Tract 6018.02,484102,0,Disadvantaged Community,Low,Urban,0,Yes,"Yes, eligible","No, ineligible",484100.21686554,3219.61291203347
5502,06,025,Imperial County,011500,06025011500,115,Census Tract 115,2047168,0,Disadvantaged Community,Low,Rural Center,64.2363899148868,Yes,"No, ineligible","Yes, rural center, eligible",2047167.27165222,6475.74847790212
5503,06,037,Los Angeles County,602002,06037602002,6020.02,Census Tract 6020.02,531123,4612,Disadvantaged Community,Low,Urban,0,Yes,"Yes, eligible","No, ineligible",535736.702415466,3281.69256424012
5504,06,037,Los Angeles County,602003,06037602003,6020.03,Census Tract 6020.03,625130,0,Disadvantaged Community,Low,Urban,0,Yes,"Yes, eligible","No, ineligible",625130.875511169,3150.78290491858
5505,06,037,Los Angeles County,602004,06037602004,6020.04,Census Tract 6020.04,592375,0,Disadvantaged Community,Low,Urban,26.9614451334592,Yes,"Yes, eligible","No, ineligible",592374.498710632,3108.6590283529
5506,06,037,Los Angeles County,602103,06037602103,6021.03,Census Tract 6021.03,835900,0,Disadvantaged Community,Low,Urban,0,Yes,"Yes, eligible","No, ineligible",835899.543750763,3639.02201129518
5507,06,037,Los Angeles County,602104,06037602104,6021.04,Census Tract 6021.04,720926,0,Disadvantaged Community,Low,Urban,82.0883270398949,Yes,"Yes, eligible","No, ineligible",720929.958358765,3501.91635386191
5508,06,037,Los Angeles County,530700,06037530700,5307,Census Tract 5307,1057567,0,Disadvantaged Community,Low,Urban,0,Yes,"Yes, eligible","No, ineligible",1057569.18494415,5450.97046905094
5514,06,037,Los Angeles County,530801,06037530801,5308.01,Census Tract 5308.01,769113,0,Disadvantaged Community,Low,Urban,0,Yes,"Yes, eligible","No, ineligible",769111.500534058,4422.23515637445
5515,06,037,Los Angeles County,530802,06037530802,5308.02,Census Tract 5308.02,566329,0,Disadvantaged Community,Low,Urban,0,Yes,"Yes, eligible","No, ineligible",566328.313972473,4429.92599913355
5516,06,037,Los Angeles County,530901,06037530901,5309.01,Census Tract 5309.01,444141,0,Disadvantaged Community,Low,Urban,0,Yes,"Yes, eligible","No, ineligible",444141.102012634,2670.4004748411
5517,06,037,Los Angeles County,531000,06037531000,5310,Census Tract 5310,999474,0,Disadvantaged Community,Low,Urban,0,Yes,"Yes, eligible","No, ineligible",999472.36995697,4824.09892569927
5518,06,037,Los Angeles County,531102,06037531102,5311.02,Census Tract 5311.02,498376,0,Disadvantaged Community,Low,Urban,0,Yes,"Yes, eligible","No, ineligible",498377.136245728,3001.77991920058
5519,06,037,Los Angeles County,531201,06037531201,5312.01,Census Tract 5312.01,555365,0,Disadvantaged Community,Low,Urban,0,Yes,"Yes, eligible","No, ineligible",555362.648582458,3396.53216514731
5520,06,037,Los Angeles County,531301,06037531301,5313.01,Census Tract 5313.01,792708,0,Disadvantaged Community,Low,Urban,0,Yes,"Yes, eligible","No, ineligible",792708.96031189,4653.04928696287
5521,06,037,Los Angeles County,531302,06037531302,5313.02,Census Tract 5313.02,883751,0,Disadvantaged Community,Low,Urban,0,Yes,"Yes, eligible","No, ineligible",883752.945671082,4823.83082726984
5522,06,037,Los Angeles County,541001,06037541001,5410.01,Census Tract 5410.01,2609459,0,Disadvantaged Community,Low,Urban,0,Yes,"Yes, eligible","No, ineligible",2609457.46305847,6562.01204980988
5530,06,065,Riverside County,046700,06065046700,467,Census Tract 467,33307787,36823,Disadvantaged Community,Low,Urban,508.366871425545,Yes,"No, ineligible","No, ineligible",33344610.8236008,35668.2371786716
5532,06,071,San Bernardino County,002502,06071002502,25.02,Census Tract 25.02,2593782,0,Disadvantaged Community,Middle,Urban,0,Yes,"Yes, eligible","No, ineligible",2593780.94894409,6445.76764537832
5544,06,065,Riverside County,940400,06065940400,9404,Census Tract 9404,11515176,0,Disadvantaged Community,Low,Urban,29.3341155764154,Yes,"Yes, eligible","No, ineligible",11515181.1140747,14455.4252304088
5548,06,071,San Bernardino County,002602,06071002602,26.02,Census Tract 26.02,2012382,0,Disadvantaged Community,Low,Urban,0,Yes,"Yes, eligible","No, ineligible",2012383.75291443,6257.45029144075
5551,06,071,San Bernardino County,000201,06071000201,2.01,Census Tract 2.01,2941044,0,Disadvantaged Community,Middle,Urban,248.091603053435,Yes,"No, ineligible","No, ineligible",2941044.57278442,7569.89736673287
5553,06,077,San Joaquin County,004902,06077004902,49.02,Census Tract 49.02,239480452,1708050,Disadvantaged Community,Middle,Rural,0,Yes,"No, ineligible","Yes, rural, eligible",241188513.38126,99455.7741393082
5555,06,077,San Joaquin County,003110,06077003110,31.10,Census Tract 31.10,1341993,0,Disadvantaged Community,Low,Urban,0,Yes,"Yes, eligible","No, ineligible",1341990.31758245,4893.89264330159
5557,06,077,San Joaquin County,005122,06077005122,51.22,Census Tract 51.22,9995695,771280,Disadvantaged Community,Middle,Urban,0,Yes,"Yes, eligible","No, ineligible",10766980.2237051,17809.5276368851
5558,06,077,San Joaquin County,003500,06077003500,35,Census Tract 35,26417375,54005,Disadvantaged Community,High,Urban,87.580281925098,Yes,"Yes, eligible","No, ineligible",26471370.4568327,23895.8913403205
5560,06,077,San Joaquin County,003700,06077003700,37,Census Tract 37,41896728,63589,Disadvantaged Community,Low,Urban,0,Yes,"Yes, eligible","No, ineligible",41960318.1871639,27645.8365019955
5561,06,077,San Joaquin County,003803,06077003803,38.03,Census Tract 38.03,44046931,63417,Disadvantaged Community,Low,Urban,79.3776789966661,Yes,"Yes, eligible","No, ineligible",44110347.3948251,38434.8778261828
5562,06,077,San Joaquin County,003801,06077003801,38.01,Census Tract 38.01,4262545,179691,Disadvantaged Community,Middle,Urban,0,Yes,"Yes, eligible","No, ineligible",4442239.33615172,10961.4467481004
5563,06,077,San Joaquin County,004001,06077004001,40.01,Census Tract 40.01,280738744,18928873,Disadvantaged Community,Low,Rural,0,Yes,"No, ineligible","Yes, rural, eligible",299667666.720254,89036.7115080139
5564,06,077,San Joaquin County,003308,06077003308,33.08,Census Tract 33.08,517517,0,Disadvantaged Community,Low,Urban,0,Yes,"Yes, eligible","No, ineligible",517517.202695653,3427.24788231688
5566,06,077,San Joaquin County,003900,06077003900,39,Census Tract 39,493645908,36926247,Disadvantaged Community,Low,Rural,0,Yes,"No, ineligible","Yes, rural, eligible",530572223.832542,146322.252806507
5576,06,073,San Diego County,011601,06073011601,116.01,Census Tract 116.01,733715,0,Disadvantaged Community,Low,Urban,18.2815356489945,Yes,"Yes, eligible","No, ineligible",733715.496704102,3638.47182768909
5577,06,073,San Diego County,011602,06073011602,116.02,Census Tract 116.02,1006599,14300,Disadvantaged Community,Low,Urban,0,Yes,"Yes, eligible","No, ineligible",1020898.86735535,5012.52320398032
5578,06,073,San Diego County,011700,06073011700,117,Census Tract 117,1630750,0,Disadvantaged Community,Low,Urban,65.8111220796315,Yes,"Yes, eligible","No, ineligible",1630750.53834534,5252.55785552735
5579,06,073,San Diego County,011801,06073011801,118.01,Census Tract 118.01,651866,0,Disadvantaged Community,Low,Urban,0,Yes,"Yes, eligible","No, ineligible",651862.637435913,3233.19847275707
5580,06,073,San Diego County,013307,06073013307,133.07,Census Tract 133.07,1308215,0,Disadvantaged Community,Low,Urban,83.6820083682008,Yes,"Yes, eligible","No, ineligible",1308213.66604614,4941.52013339013
5581,06,107,Tulare County,002304,06107002304,23.04,Census Tract 23.04,987726,0,Disadvantaged Community,Low,Urban,0,Yes,"Yes, eligible","No, ineligible",987726.89371109,4585.16433795404
5582,06,071,San Bernardino County,002901,06071002901,29.01,Census Tract 29.01,1296476,0,Disadvantaged Community,Low,Urban,0,Yes,"Yes, eligible","No, ineligible",1296479.20245361,6445.78451284081
5587,06,107,Tulare County,002601,06107002601,26.01,Census Tract 26.01,5688637,0,Disadvantaged Community,Low,Rural Center,0,Yes,"No, ineligible","Yes, rural center, eligible",5688637.43974876,9841.38138776199
5588,06,107,Tulare County,002602,06107002602,26.02,Census Tract 26.02,2870054,0,Disadvantaged Community,Low,Rural Center,0,Yes,"No, ineligible","Yes, rural center, eligible",2870051.40418243,7508.54141213516
5589,06,107,Tulare County,002901,06107002901,29.01,Census Tract 29.01,4550192,0,Disadvantaged Community,Low,Urban,285.5782960495,Yes,"No, ineligible","No, ineligible",4550190.37186527,9120.90748904758
5593,06,107,Tulare County,004101,06107004101,41.01,Census Tract 41.01,4428295,0,Disadvantaged Community,Low,Urban,63.7145587766805,Yes,"Yes, eligible","No, ineligible",4428297.83965874,8799.39031310404
5594,06,107,Tulare County,001302,06107001302,13.02,Census Tract 13.02,11177790,0,Disadvantaged Community,Low,Urban,65.0829808005207,Yes,"Yes, eligible","No, ineligible",11177790.6850166,16481.0019365138
5595,06,107,Tulare County,001502,06107001502,15.02,Census Tract 15.02,12859008,0,Disadvantaged Community,Low,Rural Center,0,Yes,"No, ineligible","Yes, rural center, eligible",12859005.9389334,16744.4265148443
5596,06,107,Tulare County,003200,06107003200,32,Census Tract 32,307722355,13713,Disadvantaged Community,Low,Rural,0,Yes,"No, ineligible","Yes, rural, eligible",307736074.741952,91427.8123130415
5597,06,107,Tulare County,002500,06107002500,25,Census Tract 25,126536251,0,Disadvantaged Community,Low,Rural,297.397769516729,Yes,"No, ineligible","Yes, rural, eligible",126536242.661628,82919.4432798335
5598,06,107,Tulare County,004300,06107004300,43,Census Tract 43,610964660,295053,Disadvantaged Community,Low,Rural,53.7851284119941,Yes,"No, ineligible","Yes, rural, eligible",611259757.479211,141512.842724324
5599,06,107,Tulare County,000301,06107000301,3.01,Census Tract 3.01,138420551,857291,Disadvantaged Community,Low,Rural,106.866150146941,Yes,"No, ineligible","Yes, rural, eligible",139277841.209172,77915.5059374145
5600,06,107,Tulare County,000900,06107000900,9,Census Tract 9,182269891,329326,Disadvantaged Community,Low,Rural,194.951775087215,Yes,"No, ineligible","Yes, rural, eligible",182599227.810715,74934.3817964174
5601,06,107,Tulare County,000800,06107000800,8,Census Tract 8,152607111,31759,Disadvantaged Community,Low,Rural,0,Yes,"No, ineligible","Yes, rural, eligible",152638867.140873,62590.1128136612
5602,06,107,Tulare County,002800,06107002800,28,Census Tract 28,7391843,0,Disadvantaged Community,Low,Rural Center,166.712975826619,Yes,"No, ineligible","Yes, rural center, eligible",7391840.63372135,13211.1080848666
5603,06,107,Tulare County,004200,06107004200,42,Census Tract 42,384726897,56590,Disadvantaged Community,Low,Rural,0,Yes,"No, ineligible","Yes, rural, eligible",384783501.276543,113786.558540851
5610,06,071,San Bernardino County,000301,06071000301,3.01,Census Tract 3.01,2695350,0,Disadvantaged Community,Low,Urban,0,Yes,"Yes, eligible","No, ineligible",2695346.30094147,8510.11277927929
5611,06,095,Solano County,250701,06095250701,2507.01,Census Tract 2507.01,2176467,604746,Disadvantaged Community,Low,Urban,566.732785491641,Yes,"No, ineligible","No, ineligible",2781211.80206215,9764.88637391011
5612,06,095,Solano County,251000,06095251000,2510,Census Tract 2510,727397,0,Disadvantaged Community,Low,Urban,0,Yes,"Yes, eligible","No, ineligible",727393.335278034,3346.39871641446
5614,06,077,San Joaquin County,005106,06077005106,51.06,Census Tract 51.06,99888049,1359749,Disadvantaged Community,High,Rural,0,Yes,"No, ineligible","Yes, rural, eligible",101247806.329012,64948.3245271545
5615,06,077,San Joaquin County,005119,06077005119,51.19,Census Tract 51.19,37232735,106555,Disadvantaged Community,Middle,Urban,67.0615848887895,Yes,"Yes, eligible","No, ineligible",37339289.4532135,43838.6303214363
5617,06,077,San Joaquin County,002800,06077002800,28,Census Tract 28,7311958,0,Disadvantaged Community,Low,Urban,0,Yes,"Yes, eligible","No, ineligible",7311956.67087269,14590.7398038334
5619,06,077,San Joaquin County,003109,06077003109,31.09,Census Tract 31.09,3119480,44323,Disadvantaged Community,Middle,Urban,0,Yes,"Yes, eligible","No, ineligible",3163802.13504354,7574.60766107127
5620,06,077,San Joaquin County,001800,06077001800,18,Census Tract 18,1916226,0,Disadvantaged Community,Low,Urban,0,Yes,"Yes, eligible","No, ineligible",1916226.44497007,5900.89898997007
5622,06,077,San Joaquin County,003406,06077003406,34.06,Census Tract 34.06,839429,14789,Disadvantaged Community,Low,Urban,0,Yes,"Yes, eligible","No, ineligible",854216.76040493,3811.07664542244
5623,06,077,San Joaquin County,003305,06077003305,33.05,Census Tract 33.05,2046351,0,Disadvantaged Community,Low,Urban,0,Yes,"Yes, eligible","No, ineligible",2046353.00620214,6376.42837476708
5642,06,071,San Bernardino County,000303,06071000303,3.03,Census Tract 3.03,2095523,0,Disadvantaged Community,Low,Urban,0,Yes,"Yes, eligible","No, ineligible",2095521.88969421,5969.48409416755
5644,06,071,San Bernardino County,003401,06071003401,34.01,Census Tract 34.01,2591609,0,Disadvantaged Community,Low,Urban,0,Yes,"Yes, eligible","No, ineligible",2591612.31475067,8053.98062592625
5648,06,071,San Bernardino County,003700,06071003700,37,Census Tract 37,1293752,0,Disadvantaged Community,Low,Urban,105.764145954521,Yes,"No, ineligible","No, ineligible",1293748.92175293,4827.35787663135
5652,06,107,Tulare County,003001,06107003001,30.01,Census Tract 30.01,1516444,0,Disadvantaged Community,Low,Urban,0,Yes,"Yes, eligible","No, ineligible",1516441.84837246,5357.68477094414
5653,06,107,Tulare County,003002,06107003002,30.02,Census Tract 30.02,6974551,0,Disadvantaged Community,Low,Urban,0,Yes,"Yes, eligible","No, ineligible",6974552.22554016,11783.9540609346
5654,06,107,Tulare County,000502,06107000502,5.02,Census Tract 5.02,16203414,0,Disadvantaged Community,Low,Rural Center,0,Yes,"No, ineligible","Yes, rural center, eligible",16203413.8871193,22800.7392144277
5655,06,107,Tulare County,000302,06107000302,3.02,Census Tract 3.02,131133293,0,Disadvantaged Community,Low,Rural,499.219968798752,Yes,"No, ineligible","Yes, rural, eligible",131133300.142972,54468.7437335001
5657,06,107,Tulare County,004500,06107004500,45,Census Tract 45,343624661,0,Disadvantaged Community,Low,Rural,0,Yes,"No, ineligible","Yes, rural, eligible",343624680.545467,90726.6682458033
5659,06,107,Tulare County,000600,06107000600,6,Census Tract 6,57979079,0,Disadvantaged Community,Low,Rural,0,Yes,"No, ineligible","Yes, rural, eligible",57979078.988019,46832.2997130101
5660,06,107,Tulare County,001602,06107001602,16.02,Census Tract 16.02,48886581,0,Disadvantaged Community,Low,Rural,0,Yes,"No, ineligible","Yes, rural, eligible",48886576.5451822,38351.6899682201
5661,06,107,Tulare County,002400,06107002400,24,Census Tract 24,172527394,976978,Disadvantaged Community,Middle,Rural,104.159433372682,Yes,"No, ineligible","Yes, rural, eligible",173504380.962478,65683.4776101038
5662,06,107,Tulare County,003300,06107003300,33,Census Tract 33,148700091,62874,Disadvantaged Community,Low,Rural,0,Yes,"No, ineligible","Yes, rural, eligible",148762969.885909,61167.9058824544
5663,06,107,Tulare County,000401,06107000401,4.01,Census Tract 4.01,13016293,0,Disadvantaged Community,Low,Rural Center,0,Yes,"No, ineligible","Yes, rural center, eligible",13016292.020391,19526.7628656247
5664,06,107,Tulare County,003902,06107003902,39.02,Census Tract 39.02,73290656,9333599,Disadvantaged Community,Low,Rural,0,Yes,"No, ineligible","Yes, rural, eligible",82624257.7049675,50447.4571062495
5667,06,107,Tulare County,003400,06107003400,34,Census Tract 34,174114774,1019493,Disadvantaged Community,Low,Rural,117.976699601829,Yes,"No, ineligible","Yes, rural, eligible",175134270.649718,95904.5451993341
5668,06,107,Tulare County,000201,06107000201,2.01,Census Tract 2.01,9567237,0,Disadvantaged Community,Low,Rural Center,0,Yes,"No, ineligible","Yes, rural center, eligible",9567236.94661808,12921.0584105815
5670,06,107,Tulare County,000202,06107000202,2.02,Census Tract 2.02,122717413,0,Disadvantaged Community,Low,Rural,0,Yes,"No, ineligible","Yes, rural, eligible",122717429.134494,64987.3190635436
5671,06,107,Tulare County,002100,06107002100,21,Census Tract 21,138668901,75948,Disadvantaged Community,Low,Rural,0,Yes,"No, ineligible","Yes, rural, eligible",138744856.050532,53503.6986879675
5678,06,107,Tulare County,001003,06107001003,10.03,Census Tract 10.03,34601268,39512,Disadvantaged Community,Middle,Urban,7.80152909970354,Yes,"Yes, eligible","No, ineligible",34640780.032197,31888.3659785652
5679,06,107,Tulare County,003100,06107003100,31,Census Tract 31,240575292,403795,Disadvantaged Community,Low,Rural,341.394025604552,Yes,"No, ineligible","Yes, rural, eligible",240979090.081936,72754.6174486366
5680,06,071,San Bernardino County,002402,06071002402,24.02,Census Tract 24.02,3903464,0,Disadvantaged Community,Low,Urban,0,Yes,"Yes, eligible","No, ineligible",3903464.0217514,8065.72022527547
5681,06,071,San Bernardino County,002401,06071002401,24.01,Census Tract 24.01,3938445,0,Disadvantaged Community,Low,Urban,0,Yes,"Yes, eligible","No, ineligible",3938448.89038086,8094.77248951991
5689,06,081,San Mateo County,612000,06081612000,6120,Census Tract 6120,1279792,0,Disadvantaged Community,Low,Urban,0,Yes,"Yes, eligible","No, ineligible",1279794.86371803,5572.97841663297
5691,06,095,Solano County,251500,06095251500,2515,Census Tract 2515,1376731,0,Disadvantaged Community,Low,Urban,0,Yes,"Yes, eligible","No, ineligible",1376730.23673677,5218.73531099632
5692,06,095,Solano County,251600,06095251600,2516,Census Tract 2516,861183,212332,Disadvantaged Community,Low,Urban,0,Yes,"Yes, eligible","No, ineligible",1073514.00234151,5439.85726446956
5694,06,071,San Bernardino County,000304,06071000304,3.04,Census Tract 3.04,3266956,0,Disadvantaged Community,Low,Urban,48.2082596818255,Yes,"Yes, eligible","No, ineligible",3266957.23329926,7561.31856125149
5701,06,071,San Bernardino County,003900,06071003900,39,Census Tract 39,1569166,0,Disadvantaged Community,Low,Urban,0,Yes,"Yes, eligible","No, ineligible",1569168.10819244,5628.93647195341
5704,06,071,San Bernardino County,002501,06071002501,25.01,Census Tract 25.01,3988059,0,Disadvantaged Community,Low,Urban,0,Yes,"Yes, eligible","No, ineligible",3988060.12997437,10502.3977006638
5707,06,071,San Bernardino County,002902,06071002902,29.02,Census Tract 29.02,1944756,0,Disadvantaged Community,Low,Urban,0,Yes,"Yes, eligible","No, ineligible",1944757.2868042,6442.54302849351
5713,06,107,Tulare County,003602,06107003602,36.02,Census Tract 36.02,4677781,105569,Disadvantaged Community,Low,Urban,0,Yes,"Yes, eligible","No, ineligible",4783352.09368134,10588.5858791672
5714,06,107,Tulare County,003700,06107003700,37,Census Tract 37,6127472,0,Disadvantaged Community,Low,Urban,0,Yes,"Yes, eligible","No, ineligible",6127470.9104557,10939.56906025
5715,06,107,Tulare County,003801,06107003801,38.01,Census Tract 38.01,1536284,0,Disadvantaged Community,Low,Urban,0,Yes,"Yes, eligible","No, ineligible",1536281.80598068,5051.12894397917
5721,06,037,Los Angeles County,900300,06037900300,9003,Census Tract 9003,58896581,26032,Disadvantaged Community,Low,Rural,35.6315695706396,Yes,"No, ineligible","Yes, rural, eligible",58922613.1333427,38085.2189105569
5732,06,073,San Diego County,015901,06073015901,159.01,Census Tract 159.01,388472,0,Disadvantaged Community,Low,Urban,0,Yes,"Yes, eligible","No, ineligible",388471.207122803,2804.14633314819
5733,06,073,San Diego County,015902,06073015902,159.02,Census Tract 159.02,1106949,0,Disadvantaged Community,Low,Urban,0,Yes,"Yes, eligible","No, ineligible",1106948.54240417,4344.98166956836
5734,06,037,Los Angeles County,900607,06037900607,9006.07,Census Tract 9006.07,1713249,0,Disadvantaged Community,Low,Urban,0,Yes,"Yes, eligible","No, ineligible",1713248.04608917,6144.08543329262
5735,06,037,Los Angeles County,900703,06037900703,9007.03,Census Tract 9007.03,2598810,0,Disadvantaged Community,Low,Urban,0,Yes,"Yes, eligible","No, ineligible",2598808.37565613,6440.97814688807
5747,06,013,Contra Costa County,314104,06013314104,3141.04,Census Tract 3141.04,2323126,0,Disadvantaged Community,Low,Urban,0,Yes,"Yes, eligible","No, ineligible",2323121.94621211,7704.85249086698
5754,06,065,Riverside County,045303,06065045303,453.03,Census Tract 453.03,3231145,0,Disadvantaged Community,Low,Urban,0,Yes,"Yes, eligible","No, ineligible",3231141.46244812,10770.0318922596
5756,06,065,Riverside County,048902,06065048902,489.02,Census Tract 489.02,1659763,0,Disadvantaged Community,Low,Urban,0,Yes,"Yes, eligible","No, ineligible",1659765.04332733,5656.69768531045
5757,06,065,Riverside County,049500,06065049500,495,Census Tract 495,3524579,0,Disadvantaged Community,Low,Urban,138.504155124654,Yes,"No, ineligible","No, ineligible",3524575.83396912,8173.97335935615
5764,06,013,Contra Costa County,307102,06013307102,3071.02,Census Tract 3071.02,1603151,0,Disadvantaged Community,Low,Urban,0,Yes,"Yes, eligible","No, ineligible",1603149.71016537,6465.97085807019
5775,06,019,Fresno County,000502,06019000502,5.02,Census Tract 5.02,1181123,0,Disadvantaged Community,Low,Urban,250.417362270451,Yes,"No, ineligible","No, ineligible",1181120.34681821,4770.40884267607
5780,06,085,Santa Clara County,512604,06085512604,5126.04,Census Tract 5126.04,2218639,0,Disadvantaged Community,Low,Urban,0,Yes,"Yes, eligible","No, ineligible",2218637.29014683,7945.60780068797
5782,06,037,Los Angeles County,117530,06037117530,1175.30,Census Tract 1175.30,544546,12334,Disadvantaged Community,Low,Urban,0,Yes,"Yes, eligible","No, ineligible",556881.254390717,3033.09900854375
5786,06,037,Los Angeles County,406200,06037406200,4062,Census Tract 4062,1901211,0,Disadvantaged Community,Low,Urban,103.252452245741,Yes,"Yes, eligible","No, ineligible",1901214.37325287,8079.57574403527
5804,06,013,Contra Costa County,368001,06013368001,3680.01,Census Tract 3680.01,768503,0,Disadvantaged Community,Low,Urban,0,Yes,"Yes, eligible","No, ineligible",768505.789104164,3719.37230235523
5807,06,037,Los Angeles County,221602,06037221602,2216.02,Census Tract 2216.02,522793,0,Disadvantaged Community,Low,Urban,0,Yes,"Yes, eligible","No, ineligible",522793.176437378,3658.90079694382
5808,06,037,Los Angeles County,234902,06037234902,2349.02,Census Tract 2349.02,447718,0,Disadvantaged Community,Low,Urban,0,Yes,"Yes, eligible","No, ineligible",447719.398258209,3036.38377940396
5809,06,037,Los Angeles County,236203,06037236203,2362.03,Census Tract 2362.03,339333,0,Disadvantaged Community,Low,Urban,0,Yes,"Yes, eligible","No, ineligible",339332.22360611,3301.53737970088
5810,06,037,Los Angeles County,236204,06037236204,2362.04,Census Tract 2362.04,229866,0,Disadvantaged Community,Low,Urban,0,Yes,"Yes, eligible","No, ineligible",229866.281597137,2041.37715716712
5811,06,037,Los Angeles County,237101,06037237101,2371.01,Census Tract 2371.01,628939,0,Disadvantaged Community,Low,Urban,0,Yes,"Yes, eligible","No, ineligible",628939.731193542,3155.31972413291
5812,06,037,Los Angeles County,237202,06037237202,2372.02,Census Tract 2372.02,1108042,472,Disadvantaged Community,Low,Urban,0,Yes,"Yes, eligible","No, ineligible",1108513.46268463,4387.09197095343
5813,06,037,Los Angeles County,119340,06037119340,1193.40,Census Tract 1193.40,122149,0,Disadvantaged Community,Low,Urban,70.3564727954972,Yes,"Yes, eligible","No, ineligible",122149.438091278,1412.01626587946
5815,06,037,Los Angeles County,432602,06037432602,4326.02,Census Tract 4326.02,1064490,0,Disadvantaged Community,Low,Urban,0,Yes,"Yes, eligible","No, ineligible",1064490.4593277,4496.14431998833
5816,06,037,Los Angeles County,432700,06037432700,4327,Census Tract 4327,1825591,50344,Disadvantaged Community,Low,Urban,173.040318394186,Yes,"No, ineligible","No, ineligible",1875933.68634796,6893.23543849982
5817,06,037,Los Angeles County,432801,06037432801,4328.01,Census Tract 4328.01,791496,7057,Disadvantaged Community,Low,Urban,71.5051841258491,Yes,"Yes, eligible","No, ineligible",798554.755722046,4088.26765139646
5818,06,037,Los Angeles County,432802,06037432802,4328.02,Census Tract 4328.02,591782,0,Disadvantaged Community,Low,Urban,0,Yes,"Yes, eligible","No, ineligible",591783.021270752,3583.52446162174
5821,06,037,Los Angeles County,237401,06037237401,2374.01,Census Tract 2374.01,516110,0,Disadvantaged Community,Low,Urban,0,Yes,"Yes, eligible","No, ineligible",516107.841041565,2914.10475214371
5822,06,037,Los Angeles County,237402,06037237402,2374.02,Census Tract 2374.02,521230,0,Disadvantaged Community,Low,Urban,0,Yes,"Yes, eligible","No, ineligible",521229.697319031,2933.24427210687
5823,06,037,Los Angeles County,239202,06037239202,2392.02,Census Tract 2392.02,1275622,0,Disadvantaged Community,Low,Urban,16.6694449074846,Yes,"Yes, eligible","No, ineligible",1275625.34786987,4836.96955739695
5824,06,037,Los Angeles County,239501,06037239501,2395.01,Census Tract 2395.01,474213,0,Disadvantaged Community,Low,Urban,0,Yes,"Yes, eligible","No, ineligible",474212.075614929,3223.44251937195
5825,06,037,Los Angeles County,239502,06037239502,2395.02,Census Tract 2395.02,510917,0,Disadvantaged Community,Low,Urban,0,Yes,"Yes, eligible","No, ineligible",510919.097709656,3298.21105199851
5826,06,037,Los Angeles County,239602,06037239602,2396.02,Census Tract 2396.02,358086,0,Disadvantaged Community,Low,Urban,0,Yes,"Yes, eligible","No, ineligible",358087.848823547,2827.01762179164
5827,06,037,Los Angeles County,239701,06037239701,2397.01,Census Tract 2397.01,409688,0,Disadvantaged Community,Low,Urban,0,Yes,"Yes, eligible","No, ineligible",409690.360939026,2892.46098015337
5830,06,037,Los Angeles County,234501,06037234501,2345.01,Census Tract 2345.01,751799,0,Disadvantaged Community,Low,Urban,0,Yes,"Yes, eligible","No, ineligible",751797.575870514,3886.59110467704
5831,06,037,Los Angeles County,234502,06037234502,2345.02,Census Tract 2345.02,544856,0,Disadvantaged Community,Low,Urban,33.1455087835598,Yes,"Yes, eligible","No, ineligible",544857.070331573,3555.60662207699
5836,06,037,Los Angeles County,119800,06037119800,1198,Census Tract 1198,1236126,5942,Disadvantaged Community,Low,Urban,16.5180046250413,Yes,"Yes, eligible","No, ineligible",1242070.78091431,4553.11397675413
5837,06,037,Los Angeles County,119900,06037119900,1199,Census Tract 1199,1052206,0,Disadvantaged Community,Low,Urban,0,Yes,"Yes, eligible","No, ineligible",1052204.66060638,4466.48768953688
5838,06,037,Los Angeles County,120020,06037120020,1200.20,Census Tract 1200.20,537557,14554,Disadvantaged Community,Low,Urban,77.4793388429752,Yes,"Yes, eligible","No, ineligible",552110.748382568,4954.57518433021
5839,06,037,Los Angeles County,120030,06037120030,1200.30,Census Tract 1200.30,358619,0,Disadvantaged Community,Low,Urban,75.0187546886722,Yes,"Yes, eligible","No, ineligible",358619.693264008,2413.54488522164
5844,06,037,Los Angeles County,533001,06037533001,5330.01,Census Tract 5330.01,477673,0,Disadvantaged Community,Low,Urban,0,Yes,"Yes, eligible","No, ineligible",477672.297164917,3367.11293455237
5845,06,037,Los Angeles County,536104,06037536104,5361.04,Census Tract 5361.04,1963265,0,Disadvantaged Community,Low,Urban,0,Yes,"Yes, eligible","No, ineligible",1963270.57302856,7977.83925381177
5846,06,037,Los Angeles County,600304,06037600304,6003.04,Census Tract 6003.04,445759,0,Disadvantaged Community,Low,Urban,0,Yes,"Yes, eligible","No, ineligible",445758.814941406,2944.92429617138
5848,06,037,Los Angeles County,602508,06037602508,6025.08,Census Tract 6025.08,647548,0,Disadvantaged Community,Low,Urban,0,Yes,"Yes, eligible","No, ineligible",647548.507568359,3220.60972070626
5849,06,037,Los Angeles County,602509,06037602509,6025.09,Census Tract 6025.09,2108028,11775,Disadvantaged Community,Low,Urban,179.492932465784,Yes,"No, ineligible","No, ineligible",2119803.896492,7181.2899174629
5850,06,037,Los Angeles County,602801,06037602801,6028.01,Census Tract 6028.01,1253726,0,Disadvantaged Community,Low,Urban,0,Yes,"Yes, eligible","No, ineligible",1253726.41184998,4807.06286526827
5852,06,037,Los Angeles County,104201,06037104201,1042.01,Census Tract 1042.01,1090103,0,Disadvantaged Community,Low,Urban,0,Yes,"Yes, eligible","No, ineligible",1090102.05761337,4514.70334618491
5854,06,037,Los Angeles County,104310,06037104310,1043.10,Census Tract 1043.10,1508622,0,Disadvantaged Community,Low,Urban,0,Yes,"Yes, eligible","No, ineligible",1508627.02727509,5821.81847028613
5855,06,037,Los Angeles County,104320,06037104320,1043.20,Census Tract 1043.20,1212169,0,Disadvantaged Community,Low,Urban,18.896447467876,Yes,"Yes, eligible","No, ineligible",1212169.67544174,4452.58360476771
5856,06,037,Los Angeles County,104401,06037104401,1044.01,Census Tract 1044.01,681117,0,Disadvantaged Community,Low,Urban,0,Yes,"Yes, eligible","No, ineligible",681117.123180389,3789.29960473612
5858,06,037,Los Angeles County,602802,06037602802,6028.02,Census Tract 6028.02,1335285,0,Disadvantaged Community,Low,Urban,0,Yes,"Yes, eligible","No, ineligible",1335287.41937256,4887.92833236845
5860,06,037,Los Angeles County,603801,06037603801,6038.01,Census Tract 6038.01,666617,0,Disadvantaged Community,Low,Urban,0,Yes,"Yes, eligible","No, ineligible",666616.676010132,3304.7741560322
5867,06,037,Los Angeles County,406901,06037406901,4069.01,Census Tract 4069.01,954500,3490,Disadvantaged Community,Low,Urban,0,Yes,"Yes, eligible","No, ineligible",957991.311599731,4955.45855185254
5868,06,037,Los Angeles County,433101,06037433101,4331.01,Census Tract 4331.01,1492029,70812,Disadvantaged Community,Low,Urban,121.753246753247,Yes,"No, ineligible","No, ineligible",1562838.54888916,7826.43990758438
5869,06,037,Los Angeles County,104500,06037104500,1045,Census Tract 1045,531002,0,Disadvantaged Community,Low,Urban,33.0578512396694,Yes,"Yes, eligible","No, ineligible",531003.900512695,3444.64496257013
5870,06,037,Los Angeles County,104610,06037104610,1046.10,Census Tract 1046.10,592138,0,Disadvantaged Community,Low,Urban,0,Yes,"Yes, eligible","No, ineligible",592136.884384155,3535.74619162711
5871,06,037,Los Angeles County,104620,06037104620,1046.20,Census Tract 1046.20,531171,0,Disadvantaged Community,Low,Urban,0,Yes,"Yes, eligible","No, ineligible",531171.841938019,3444.57717899303
5872,06,037,Los Angeles County,104701,06037104701,1047.01,Census Tract 1047.01,550502,0,Disadvantaged Community,Low,Urban,0,Yes,"Yes, eligible","No, ineligible",550501.798927307,3382.73236881781
5873,06,037,Los Angeles County,104810,06037104810,1048.10,Census Tract 1048.10,1123361,0,Disadvantaged Community,Low,Urban,0,Yes,"Yes, eligible","No, ineligible",1123362.7124176,4341.22257349842
5888,06,019,Fresno County,006602,06019006602,66.02,Census Tract 66.02,2966184,0,Disadvantaged Community,Low,Rural Center,49.3177708367582,Yes,"No, ineligible","Yes, rural center, eligible",2966187.85748053,9036.85423344364
5895,06,037,Los Angeles County,980030,06037980030,9800.30,Census Tract 9800.30,4248789,990973,Disadvantaged Community,NA,Urban,,Yes,"No, ineligible","No, ineligible",5239758.80170059,10634.8257048678
5896,06,037,Los Angeles County,980033,06037980033,9800.33,Census Tract 9800.33,12659821,16043472,Disadvantaged Community,NA,Urban,156250,Yes,"No, ineligible","No, ineligible",28703274.5162811,29322.410512328
5897,06,037,Los Angeles County,600303,06037600303,6003.03,Census Tract 6003.03,364537,0,Disadvantaged Community,Low,Urban,0,Yes,"Yes, eligible","No, ineligible",364537.195960999,2778.00746110597
5898,06,037,Los Angeles County,602505,06037602505,6025.05,Census Tract 6025.05,323592,0,Disadvantaged Community,Low,Urban,0,Yes,"Yes, eligible","No, ineligible",323591.650505066,2412.08088704232
5899,06,037,Los Angeles County,602506,06037602506,6025.06,Census Tract 6025.06,324667,0,Disadvantaged Community,Low,Urban,0,Yes,"Yes, eligible","No, ineligible",324667.010437012,2407.45693219202
5901,06,037,Los Angeles County,123104,06037123104,1231.04,Census Tract 1231.04,781693,0,Disadvantaged Community,Low,Urban,0,Yes,"Yes, eligible","No, ineligible",781692.446483612,3516.77367929004
5902,06,037,Los Angeles County,123204,06037123204,1232.04,Census Tract 1232.04,324206,0,Disadvantaged Community,Low,Urban,0,Yes,"Yes, eligible","No, ineligible",324207.247333527,2416.07892457553
5903,06,037,Los Angeles County,123206,06037123206,1232.06,Census Tract 1232.06,602849,0,Disadvantaged Community,Low,Urban,0,Yes,"Yes, eligible","No, ineligible",602850.133914948,3130.33247653829
5904,06,037,Los Angeles County,123301,06037123301,1233.01,Census Tract 1233.01,1303487,0,Disadvantaged Community,Low,Urban,110.37527593819,Yes,"No, ineligible","No, ineligible",1303488.66556931,5390.38363603321
5905,06,037,Los Angeles County,123303,06037123303,1233.03,Census Tract 1233.03,633404,0,Disadvantaged Community,Low,Urban,64.7878198898607,Yes,"Yes, eligible","No, ineligible",633405.232772827,3972.11082527148
5906,06,037,Los Angeles County,125310,06037125310,1253.10,Census Tract 1253.10,1053719,0,Disadvantaged Community,Low,Urban,92.7428703918386,Yes,"Yes, eligible","No, ineligible",1053721.34025192,5869.46151253531
5908,06,037,Los Angeles County,127210,06037127210,1272.10,Census Tract 1272.10,1539761,1672,Disadvantaged Community,Low,Urban,68.5166152792052,Yes,"Yes, eligible","No, ineligible",1541429.58944702,5994.38318118172
5909,06,037,Los Angeles County,127220,06037127220,1272.20,Census Tract 1272.20,652901,0,Disadvantaged Community,Low,Urban,138.751238850347,Yes,"No, ineligible","No, ineligible",652900.987056732,3230.31217931416
5910,06,037,Los Angeles County,127300,06037127300,1273,Census Tract 1273,1059237,0,Disadvantaged Community,Low,Urban,26.2536098713573,Yes,"Yes, eligible","No, ineligible",1059236.4435463,4590.11946692329
5911,06,037,Los Angeles County,127400,06037127400,1274,Census Tract 1274,2157566,24074,Disadvantaged Community,Low,Urban,15.2485513876182,Yes,"Yes, eligible","No, ineligible",2181636.05962372,7657.52836572859
5916,06,037,Los Angeles County,602507,06037602507,6025.07,Census Tract 6025.07,322627,0,Disadvantaged Community,Low,Urban,0,Yes,"Yes, eligible","No, ineligible",322627.116096497,2411.81051906254
5917,06,037,Los Angeles County,240402,06037240402,2404.02,Census Tract 2404.02,601299,0,Disadvantaged Community,Low,Urban,53.1490831783152,Yes,"Yes, eligible","No, ineligible",601300.050888062,3392.20618641412
5918,06,037,Los Angeles County,241001,06037241001,2410.01,Census Tract 2410.01,904092,2395,Disadvantaged Community,Low,Urban,0,Yes,"Yes, eligible","No, ineligible",906489.282180786,5531.70285611
5919,06,037,Los Angeles County,533805,06037533805,5338.05,Census Tract 5338.05,432100,0,Disadvantaged Community,Low,Urban,0,Yes,"Yes, eligible","No, ineligible",432099.94997406,3213.80016993991
5920,06,037,Los Angeles County,402405,06037402405,4024.05,Census Tract 4024.05,900372,0,Disadvantaged Community,Low,Urban,0,Yes,"Yes, eligible","No, ineligible",900374.458137512,4346.07417813891
5922,06,037,Los Angeles County,402706,06037402706,4027.06,Census Tract 4027.06,1073873,0,Disadvantaged Community,Low,Urban,52.1648408972353,Yes,"Yes, eligible","No, ineligible",1073871.47396851,4230.33207252365
5923,06,037,Los Angeles County,402803,06037402803,4028.03,Census Tract 4028.03,630283,0,Disadvantaged Community,Low,Urban,0,Yes,"Yes, eligible","No, ineligible",630280.097122192,3225.48791686055
5924,06,037,Los Angeles County,402804,06037402804,4028.04,Census Tract 4028.04,1311060,0,Disadvantaged Community,Low,Urban,0,Yes,"Yes, eligible","No, ineligible",1311059.32796478,4921.31602228642
5925,06,037,Los Angeles County,402903,06037402903,4029.03,Census Tract 4029.03,1594421,0,Disadvantaged Community,Low,Urban,0,Yes,"Yes, eligible","No, ineligible",1594419.30577087,5188.36832949704
5926,06,037,Los Angeles County,104108,06037104108,1041.08,Census Tract 1041.08,1096645,0,Disadvantaged Community,Low,Urban,0,Yes,"Yes, eligible","No, ineligible",1096645.43089676,5780.83883825676
5928,06,037,Los Angeles County,109100,06037109100,1091,Census Tract 1091,2705905,0,Disadvantaged Community,Low,Urban,786.55702538434,Yes,"No, ineligible","No, ineligible",2705906.71216583,8026.9328069877
5932,06,037,Los Angeles County,109500,06037109500,1095,Census Tract 1095,1194583,0,Disadvantaged Community,Low,Urban,20.6953642384106,Yes,"Yes, eligible","No, ineligible",1194581.31725693,6275.99793702255
5934,06,037,Los Angeles County,127520,06037127520,1275.20,Census Tract 1275.20,363717,0,Disadvantaged Community,Low,Urban,0,Yes,"Yes, eligible","No, ineligible",363716.954647064,2434.85950848422
5937,06,037,Los Angeles County,407601,06037407601,4076.01,Census Tract 4076.01,781203,0,Disadvantaged Community,Low,Urban,86.8055555555556,Yes,"Yes, eligible","No, ineligible",781200.1459198,3571.00655105876
5938,06,037,Los Angeles County,407801,06037407801,4078.01,Census Tract 4078.01,1072033,0,Disadvantaged Community,Low,Urban,0,Yes,"Yes, eligible","No, ineligible",1072031.75196075,3980.00143203454
5939,06,037,Los Angeles County,407802,06037407802,4078.02,Census Tract 4078.02,3131550,1706,Disadvantaged Community,Low,Urban,115.074798619102,Yes,"No, ineligible","No, ineligible",3133256.47480011,9531.93998485783
5941,06,037,Los Angeles County,408140,06037408140,4081.40,Census Tract 4081.40,917605,0,Disadvantaged Community,Low,Urban,0,Yes,"Yes, eligible","No, ineligible",917602.625968933,4108.62948289255
5951,06,037,Los Angeles County,127920,06037127920,1279.20,Census Tract 1279.20,648714,0,Disadvantaged Community,Low,Urban,21.2044105173876,Yes,"Yes, eligible","No, ineligible",648714.408660889,3221.60254056028
5952,06,037,Los Angeles County,128210,06037128210,1282.10,Census Tract 1282.10,549953,0,Disadvantaged Community,Low,Urban,479.233226837061,Yes,"No, ineligible","No, ineligible",549952.51227951,2976.25221905893
5953,06,037,Los Angeles County,128303,06037128303,1283.03,Census Tract 1283.03,413941,0,Disadvantaged Community,Low,Urban,0,Yes,"Yes, eligible","No, ineligible",413941.920337677,2976.6866891292
5954,06,037,Los Angeles County,128400,06037128400,1284,Census Tract 1284,1725909,0,Disadvantaged Community,Low,Urban,244.335850733008,Yes,"No, ineligible","No, ineligible",1725911.68413544,6879.86815019082
5957,06,037,Los Angeles County,123304,06037123304,1233.04,Census Tract 1233.04,879083,0,Disadvantaged Community,Low,Urban,45.8505272810637,Yes,"Yes, eligible","No, ineligible",879083.667263031,4091.88638118326
5961,06,013,Contra Costa County,306003,06013306003,3060.03,Census Tract 3060.03,1792594,0,Disadvantaged Community,Low,Urban,0,Yes,"Yes, eligible","No, ineligible",1792598.5776892,6822.88270443125
5980,06,037,Los Angeles County,123510,06037123510,1235.10,Census Tract 1235.10,788312,10153,Disadvantaged Community,Low,Urban,20.8550573514077,Yes,"Yes, eligible","No, ineligible",798464.914234161,3740.39276539638
5982,06,037,Los Angeles County,123520,06037123520,1235.20,Census Tract 1235.20,502130,8704,Disadvantaged Community,Low,Urban,35.5113636363636,Yes,"Yes, eligible","No, ineligible",510833.793998718,3807.20616271698
5985,06,037,Los Angeles County,123800,06037123800,1238,Census Tract 1238,1290040,0,Disadvantaged Community,Low,Urban,16.6168162180126,Yes,"Yes, eligible","No, ineligible",1290040.87016678,5319.03859653128
5992,06,059,Orange County,021813,06059021813,218.13,Census Tract 218.13,4073721,622433,Disadvantaged Community,NA,Urban,525000,Yes,"No, ineligible","No, ineligible",4696150.45309448,12422.1102988318
5997,06,037,Los Angeles County,131010,06037131010,1310.10,Census Tract 1310.10,1056712,9979,Disadvantaged Community,Low,Urban,0,Yes,"Yes, eligible","No, ineligible",1066690.43142319,4441.49143038646
5998,06,037,Los Angeles County,131020,06037131020,1310.20,Census Tract 1310.20,1428939,16026,Disadvantaged Community,Low,Urban,44.7494033412888,Yes,"Yes, eligible","No, ineligible",1444959.81987,5368.53962189433
5999,06,037,Los Angeles County,131100,06037131100,1311,Census Tract 1311,1101835,0,Disadvantaged Community,Low,Urban,31.2793243665937,Yes,"Yes, eligible","No, ineligible",1101836.14080429,4321.79579761371
6014,06,037,Los Angeles County,241202,06037241202,2412.02,Census Tract 2412.02,1163227,0,Disadvantaged Community,Low,Urban,51.9390581717452,Yes,"Yes, eligible","No, ineligible",1163228.67205811,4277.41189283381
6017,06,037,Los Angeles County,572100,06037572100,5721,Census Tract 5721,676132,113158,Disadvantaged Community,High,Urban,0,Yes,"Yes, eligible","No, ineligible",789290.887825012,4167.21540016245
6020,06,037,Los Angeles County,239702,06037239702,2397.02,Census Tract 2397.02,486273,0,Disadvantaged Community,Low,Urban,0,Yes,"Yes, eligible","No, ineligible",486271.684608459,3067.38062924716
6021,06,037,Los Angeles County,239802,06037239802,2398.02,Census Tract 2398.02,609444,0,Disadvantaged Community,Low,Urban,0,Yes,"Yes, eligible","No, ineligible",609446.172355652,3429.17792303918
6032,06,097,Sonoma County,153200,06097153200,1532,Census Tract 1532,12676763,0,Disadvantaged Community,Low,Urban,312.237300348265,Yes,"No, ineligible","No, ineligible",12676762.8683767,16515.2685379408
6053,06,037,Los Angeles County,542105,06037542105,5421.05,Census Tract 5421.05,623487,0,Disadvantaged Community,Low,Urban,0,Yes,"Yes, eligible","No, ineligible",623487.322624207,3665.99984227693
6054,06,037,Los Angeles County,542106,06037542106,5421.06,Census Tract 5421.06,835521,39679,Disadvantaged Community,Low,Urban,0,Yes,"Yes, eligible","No, ineligible",875201.113082886,5310.02194717233
6056,06,037,Los Angeles County,408631,06037408631,4086.31,Census Tract 4086.31,1485200,0,Disadvantaged Community,Low,Urban,0,Yes,"Yes, eligible","No, ineligible",1485199.18086243,5053.46286550964
6057,06,037,Los Angeles County,190401,06037190401,1904.01,Census Tract 1904.01,166929,0,Disadvantaged Community,Low,Urban,0,Yes,"Yes, eligible","No, ineligible",166929.281131744,1631.45128586564
6059,06,037,Los Angeles County,190801,06037190801,1908.01,Census Tract 1908.01,324191,0,Disadvantaged Community,Low,Urban,37.2856077554064,Yes,"Yes, eligible","No, ineligible",324189.413871765,2415.7467865768
6060,06,037,Los Angeles County,207302,06037207302,2073.02,Census Tract 2073.02,256159,0,Disadvantaged Community,Low,Urban,374.531835205993,Yes,"No, ineligible","No, ineligible",256160.887863159,2514.21310417453
6063,06,037,Los Angeles County,185203,06037185203,1852.03,Census Tract 1852.03,548004,0,Disadvantaged Community,Low,Urban,0,Yes,"Yes, eligible","No, ineligible",548004.129226685,3642.7151047048
6083,06,037,Los Angeles County,433200,06037433200,4332,Census Tract 4332,1774673,0,Disadvantaged Community,Low,Urban,464.297150176113,Yes,"No, ineligible","No, ineligible",1774669.20760345,6758.31641739909
6084,06,037,Los Angeles County,433302,06037433302,4333.02,Census Tract 4333.02,858409,0,Disadvantaged Community,Low,Urban,0,Yes,"Yes, eligible","No, ineligible",858412.364715576,5181.90248672522
6085,06,037,Los Angeles County,433401,06037433401,4334.01,Census Tract 4334.01,504095,0,Disadvantaged Community,Low,Urban,0,Yes,"Yes, eligible","No, ineligible",504093.381446838,3093.58875090691
6086,06,037,Los Angeles County,433403,06037433403,4334.03,Census Tract 4334.03,706784,0,Disadvantaged Community,Low,Urban,0,Yes,"Yes, eligible","No, ineligible",706781.086807251,3639.56687924542
6087,06,037,Los Angeles County,433501,06037433501,4335.01,Census Tract 4335.01,1171422,16621,Disadvantaged Community,Low,Urban,0,Yes,"Yes, eligible","No, ineligible",1188043.25793457,4421.46993693866
6090,06,037,Los Angeles County,211202,06037211202,2112.02,Census Tract 2112.02,179169,0,Disadvantaged Community,Low,Urban,0,Yes,"Yes, eligible","No, ineligible",179167.367023468,1694.55241643148
6107,06,037,Los Angeles County,291120,06037291120,2911.20,Census Tract 2911.20,701467,0,Disadvantaged Community,Low,Urban,0,Yes,"Yes, eligible","No, ineligible",701466.447555542,3351.32990729361
6117,06,037,Los Angeles County,269601,06037269601,2696.01,Census Tract 2696.01,333656,0,Disadvantaged Community,Low,Urban,0,Yes,"Yes, eligible","No, ineligible",333656.361896515,2308.67521531081
6125,06,037,Los Angeles County,535902,06037535902,5359.02,Census Tract 5359.02,1013032,0,Disadvantaged Community,Low,Urban,0,Yes,"Yes, eligible","No, ineligible",1013029.67241669,4127.38113141077
6126,06,037,Los Angeles County,601303,06037601303,6013.03,Census Tract 6013.03,438449,0,Disadvantaged Community,Low,Urban,0,Yes,"Yes, eligible","No, ineligible",438448.245178223,2713.17904888755
6127,06,037,Los Angeles County,532606,06037532606,5326.06,Census Tract 5326.06,278787,0,Disadvantaged Community,Low,Urban,0,Yes,"Yes, eligible","No, ineligible",278790.338653564,2392.51847772225
6128,06,037,Los Angeles County,226700,06037226700,2267,Census Tract 2267,782727,0,Disadvantaged Community,Low,Urban,13.0531262237306,Yes,"Yes, eligible","No, ineligible",782724.768714905,3704.20598442421
6130,06,037,Los Angeles County,221810,06037221810,2218.10,Census Tract 2218.10,304336,0,Disadvantaged Community,Low,Urban,34.5781466113416,Yes,"Yes, eligible","No, ineligible",304335.685417175,2278.2988635391
6131,06,037,Los Angeles County,203200,06037203200,2032,Census Tract 2032,515982,0,Disadvantaged Community,Low,Urban,17.5592625109745,Yes,"Yes, eligible","No, ineligible",515981.914634705,3113.48070867541
6133,06,037,Los Angeles County,209402,06037209402,2094.02,Census Tract 2094.02,136235,0,Disadvantaged Community,Low,Urban,25.2334090335604,Yes,"Yes, eligible","No, ineligible",136233.988113403,1478.26338379419
6135,06,037,Los Angeles County,433602,06037433602,4336.02,Census Tract 4336.02,927110,34343,Disadvantaged Community,Low,Urban,69.060773480663,Yes,"Yes, eligible","No, ineligible",961452.125183105,4962.4834500765
6136,06,037,Los Angeles County,406411,06037406411,4064.11,Census Tract 4064.11,731557,17816,Disadvantaged Community,Low,Urban,0,Yes,"Yes, eligible","No, ineligible",749371.93170166,4400.10274021022
6160,06,037,Los Angeles County,211804,06037211804,2118.04,Census Tract 2118.04,185958,0,Disadvantaged Community,Low,Urban,0,Yes,"Yes, eligible","No, ineligible",185958.985977173,1728.88969004624
6174,06,037,Los Angeles County,234901,06037234901,2349.01,Census Tract 2349.01,325412,0,Disadvantaged Community,Low,Urban,0,Yes,"Yes, eligible","No, ineligible",325413.251335144,2418.52044294329
6175,06,037,Los Angeles County,239801,06037239801,2398.01,Census Tract 2398.01,370763,0,Disadvantaged Community,Low,Urban,0,Yes,"Yes, eligible","No, ineligible",370760.76424408,3036.13026010027
6176,06,037,Los Angeles County,553504,06037553504,5535.04,Census Tract 5535.04,638683,0,Disadvantaged Community,Low,Urban,0,Yes,"Yes, eligible","No, ineligible",638685.245689392,4205.58557231478
6177,06,037,Los Angeles County,554104,06037554104,5541.04,Census Tract 5541.04,364478,0,Disadvantaged Community,Low,Urban,0,Yes,"Yes, eligible","No, ineligible",364479.55997467,2559.01708564835
6178,06,037,Los Angeles County,554105,06037554105,5541.05,Census Tract 5541.05,337186,0,Disadvantaged Community,Low,Urban,0,Yes,"Yes, eligible","No, ineligible",337185.270675659,3078.29064958488
6179,06,037,Los Angeles County,554203,06037554203,5542.03,Census Tract 5542.03,684290,0,Disadvantaged Community,Low,Urban,0,Yes,"Yes, eligible","No, ineligible",684288.613021851,4217.13619255591
6180,06,037,Los Angeles County,554204,06037554204,5542.04,Census Tract 5542.04,659355,0,Disadvantaged Community,Low,Urban,463.714351959193,Yes,"No, ineligible","No, ineligible",659353.534606934,3950.79139235069
6181,06,037,Los Angeles County,554301,06037554301,5543.01,Census Tract 5543.01,675594,0,Disadvantaged Community,Low,Urban,85.7387825092884,Yes,"Yes, eligible","No, ineligible",675592.55683136,4340.9167336655
6182,06,037,Los Angeles County,554302,06037554302,5543.02,Census Tract 5543.02,715180,0,Disadvantaged Community,Low,Urban,0,Yes,"Yes, eligible","No, ineligible",715181.626693726,3391.31264753999
6192,06,037,Los Angeles County,401704,06037401704,4017.04,Census Tract 4017.04,1811577,0,Disadvantaged Community,Low,Urban,0,Yes,"Yes, eligible","No, ineligible",1811582.04104614,5975.66751335985
6194,06,037,Los Angeles County,191204,06037191204,1912.04,Census Tract 1912.04,201087,0,Disadvantaged Community,Low,Urban,0,Yes,"Yes, eligible","No, ineligible",201087.609119415,1804.15213366198
6197,06,037,Los Angeles County,125320,06037125320,1253.20,Census Tract 1253.20,632474,0,Disadvantaged Community,Low,Urban,117.508813160987,Yes,"No, ineligible","No, ineligible",632470.778793335,4005.19483120578
6199,06,037,Los Angeles County,123010,06037123010,1230.10,Census Tract 1230.10,1015849,0,Disadvantaged Community,Low,Urban,0,Yes,"Yes, eligible","No, ineligible",1015846.08361816,4156.69835032297
6200,06,037,Los Angeles County,134720,06037134720,1347.20,Census Tract 1347.20,989535,0,Disadvantaged Community,Low,Urban,19.7083169097359,Yes,"Yes, eligible","No, ineligible",989535.148963928,4054.23497047104
6201,06,037,Los Angeles County,131800,06037131800,1318,Census Tract 1318,1315590,0,Disadvantaged Community,Low,Urban,0,Yes,"Yes, eligible","No, ineligible",1315585.25522232,4850.7010941945
6205,06,037,Los Angeles County,224310,06037224310,2243.10,Census Tract 2243.10,180792,0,Disadvantaged Community,Low,Urban,123.864574731627,Yes,"No, ineligible","No, ineligible",180794.291358948,2060.33012432846
6221,06,037,Los Angeles County,542103,06037542103,5421.03,Census Tract 5421.03,571330,0,Disadvantaged Community,Low,Urban,0,Yes,"Yes, eligible","No, ineligible",571331.180374146,3465.8242403713
6223,06,037,Los Angeles County,293307,06037293307,2933.07,Census Tract 2933.07,337472,0,Disadvantaged Community,Low,Urban,43.7828371278459,Yes,"Yes, eligible","No, ineligible",337473.1876297,2798.02640256141
6235,06,037,Los Angeles County,533502,06037533502,5335.02,Census Tract 5335.02,234233,0,Disadvantaged Community,Low,Urban,0,Yes,"Yes, eligible","No, ineligible",234233.978866577,1966.52155393136
6236,06,037,Los Angeles County,402402,06037402402,4024.02,Census Tract 4024.02,5341363,7116,Disadvantaged Community,Low,Urban,15.0715900527506,Yes,"Yes, eligible","No, ineligible",5348479.76900482,13336.7206329789
6237,06,037,Los Angeles County,209810,06037209810,2098.10,Census Tract 2098.10,149829,0,Disadvantaged Community,Low,Urban,0,Yes,"Yes, eligible","No, ineligible",149829.833374023,1650.7882285065
6238,06,037,Los Angeles County,117404,06037117404,1174.04,Census Tract 1174.04,1765652,0,Disadvantaged Community,High,Urban,0,Yes,"Yes, eligible","No, ineligible",1765651.60427475,5395.56068020573
6239,06,037,Los Angeles County,123203,06037123203,1232.03,Census Tract 1232.03,583709,3900,Disadvantaged Community,Low,Urban,0,Yes,"Yes, eligible","No, ineligible",587607.985961914,3888.24791591005
6240,06,037,Los Angeles County,550000,06037550000,5500,Census Tract 5500,780448,0,Disadvantaged Community,Middle,Urban,504.540867810293,Yes,"No, ineligible","No, ineligible",780451.257171631,4443.61467988831
6241,06,037,Los Angeles County,237600,06037237600,2376,Census Tract 2376,503742,0,Disadvantaged Community,Low,Urban,0,Yes,"Yes, eligible","No, ineligible",503742.526664734,2886.26184294059
6242,06,037,Los Angeles County,204410,06037204410,2044.10,Census Tract 2044.10,296877,0,Disadvantaged Community,Low,Urban,0,Yes,"Yes, eligible","No, ineligible",296875.926322937,2317.18502815014
6243,06,037,Los Angeles County,296220,06037296220,2962.20,Census Tract 2962.20,536366,0,Disadvantaged Community,Low,Urban,157.409489543512,Yes,"No, ineligible","No, ineligible",536366.699279785,2925.3002969905
6244,06,037,Los Angeles County,228500,06037228500,2285,Census Tract 2285,448896,0,Disadvantaged Community,Low,Urban,20.5380981721093,Yes,"Yes, eligible","No, ineligible",448895.28250885,2809.32218816645
6246,06,037,Los Angeles County,183810,06037183810,1838.10,Census Tract 1838.10,454934,0,Disadvantaged Community,Low,Urban,264.232524621667,Yes,"No, ineligible","No, ineligible",454930.476173401,3136.15268447739
6250,06,037,Los Angeles County,575803,06037575803,5758.03,Census Tract 5758.03,199588,0,Disadvantaged Community,Low,Urban,0,Yes,"Yes, eligible","No, ineligible",199588.129524231,2104.33219329356
6253,06,037,Los Angeles County,131400,06037131400,1314,Census Tract 1314,1107142,0,Disadvantaged Community,Low,Urban,94.235903879378,Yes,"Yes, eligible","No, ineligible",1107141.4233284,4361.22429644675
6257,06,037,Los Angeles County,554405,06037554405,5544.05,Census Tract 5544.05,765521,0,Disadvantaged Community,Low,Urban,530.679933665008,Yes,"No, ineligible","No, ineligible",765518.151908875,3578.38548895642
6290,06,037,Los Angeles County,191410,06037191410,1914.10,Census Tract 1914.10,311385,0,Disadvantaged Community,Low,Urban,43.0477830391735,Yes,"Yes, eligible","No, ineligible",311385.634174347,2267.29466395555
6292,06,037,Los Angeles County,541606,06037541606,5416.06,Census Tract 5416.06,340899,0,Disadvantaged Community,Low,Urban,0,Yes,"Yes, eligible","No, ineligible",340899.486328125,2467.72720686289
6293,06,037,Los Angeles County,234800,06037234800,2348,Census Tract 2348,654191,0,Disadvantaged Community,Low,Urban,0,Yes,"Yes, eligible","No, ineligible",654189.190765381,3235.25785030062
6294,06,037,Los Angeles County,500600,06037500600,5006,Census Tract 5006,1172911,2216,Disadvantaged Community,Low,Urban,0,Yes,"Yes, eligible","No, ineligible",1175126.87998199,4506.21462794326
6297,06,037,Los Angeles County,302103,06037302103,3021.03,Census Tract 3021.03,550707,0,Disadvantaged Community,Low,Urban,18.4162062615101,Yes,"Yes, eligible","No, ineligible",550706.159049988,2914.13232259795
6298,06,037,Los Angeles County,570601,06037570601,5706.01,Census Tract 5706.01,780449,0,Disadvantaged Community,Low,Urban,0,Yes,"Yes, eligible","No, ineligible",780447.040298462,3765.91246257794
6302,06,037,Los Angeles County,191720,06037191720,1917.20,Census Tract 1917.20,264327,0,Disadvantaged Community,Low,Urban,124.069478908189,Yes,"No, ineligible","No, ineligible",264327.757392883,2117.24076730709
6304,06,037,Los Angeles County,122420,06037122420,1224.20,Census Tract 1224.20,862717,0,Disadvantaged Community,Low,Urban,22.2074172773706,Yes,"Yes, eligible","No, ineligible",862716.258674622,3775.74040556826
6305,06,037,Los Angeles County,128220,06037128220,1282.20,Census Tract 1282.20,555585,0,Disadvantaged Community,Low,Urban,0,Yes,"Yes, eligible","No, ineligible",555583.307044983,3060.27995098624
6315,06,037,Los Angeles County,115403,06037115403,1154.03,Census Tract 1154.03,703743,0,Disadvantaged Community,Low,Urban,55.8191459670667,Yes,"Yes, eligible","No, ineligible",703743.689201355,3387.28596178056
6316,06,037,Los Angeles County,297201,06037297201,2972.01,Census Tract 2972.01,403962,0,Disadvantaged Community,Low,Urban,66.5926748057714,Yes,"Yes, eligible","No, ineligible",403960.89453125,2523.67237486527
6317,06,037,Los Angeles County,603802,06037603802,6038.02,Census Tract 6038.02,630818,0,Disadvantaged Community,Low,Urban,0,Yes,"Yes, eligible","No, ineligible",630818.140762329,3206.10682459932
6319,06,037,Los Angeles County,127103,06037127103,1271.03,Census Tract 1271.03,280065,5981,Disadvantaged Community,Low,Urban,1029.26986169186,Yes,"No, ineligible","No, ineligible",286045.402271271,2298.77274382184
6320,06,037,Los Angeles County,127603,06037127603,1276.03,Census Tract 1276.03,431404,0,Disadvantaged Community,Low,Urban,32.5945241199478,Yes,"Yes, eligible","No, ineligible",431404.218135834,2964.32574967729
6321,06,037,Los Angeles County,127711,06037127711,1277.11,Census Tract 1277.11,947641,0,Disadvantaged Community,Low,Urban,55.7413600891862,Yes,"Yes, eligible","No, ineligible",947638.898670197,4128.14224727709
6322,06,037,Los Angeles County,127803,06037127803,1278.03,Census Tract 1278.03,640871,0,Disadvantaged Community,Low,Urban,0,Yes,"Yes, eligible","No, ineligible",640872.149971008,3207.13500281419
6323,06,037,Los Angeles County,127806,06037127806,1278.06,Census Tract 1278.06,683182,0,Disadvantaged Community,Low,Urban,0,Yes,"Yes, eligible","No, ineligible",683180.866985321,4109.81348938068
6324,06,037,Los Angeles County,128101,06037128101,1281.01,Census Tract 1281.01,648896,0,Disadvantaged Community,Low,Urban,53.5475234270415,Yes,"Yes, eligible","No, ineligible",648894.626655579,3222.07180146051
6325,06,037,Los Angeles County,128601,06037128601,1286.01,Census Tract 1286.01,681886,0,Disadvantaged Community,Low,Urban,22.8885328450446,Yes,"Yes, eligible","No, ineligible",681884.826339722,4218.38877799456
6328,06,019,Fresno County,003400,06019003400,34,Census Tract 34,1917437,0,Disadvantaged Community,Low,Urban,73.3137829912023,Yes,"Yes, eligible","No, ineligible",1917435.56931162,5668.28383372896
6329,06,037,Los Angeles County,131702,06037131702,1317.02,Census Tract 1317.02,717311,4766,Disadvantaged Community,Low,Urban,0,Yes,"Yes, eligible","No, ineligible",722072.834609985,3409.4955130271
6330,06,037,Los Angeles County,132002,06037132002,1320.02,Census Tract 1320.02,1600216,0,Disadvantaged Community,High,Urban,0,Yes,"Yes, eligible","No, ineligible",1600214.97109985,6414.96882866838
6331,06,037,Los Angeles County,132101,06037132101,1321.01,Census Tract 1321.01,810523,0,Disadvantaged Community,Low,Urban,21.5285252960172,Yes,"Yes, eligible","No, ineligible",810522.32516098,3623.47344868699
6343,06,037,Los Angeles County,231720,06037231720,2317.20,Census Tract 2317.20,472239,0,Disadvantaged Community,Low,Urban,0,Yes,"Yes, eligible","No, ineligible",472239.251739502,2780.11174256069
6346,06,037,Los Angeles County,127102,06037127102,1271.02,Census Tract 1271.02,859240,0,Disadvantaged Community,Low,Urban,86.5201591970929,Yes,"Yes, eligible","No, ineligible",859239.497360229,3749.09536989057
6349,06,037,Los Angeles County,482301,06037482301,4823.01,Census Tract 4823.01,873607,0,Disadvantaged Community,Low,Urban,0,Yes,"Yes, eligible","No, ineligible",873606.493797302,5304.03461085952
6355,06,037,Los Angeles County,297110,06037297110,2971.10,Census Tract 2971.10,487479,0,Disadvantaged Community,Low,Urban,21.5100021510002,Yes,"Yes, eligible","No, ineligible",487481.870628357,2792.84545782303
6357,06,037,Los Angeles County,402200,06037402200,4022,Census Tract 4022,5654048,0,Disadvantaged Community,Middle,Urban,0,Yes,"Yes, eligible","No, ineligible",5654048.86647797,12504.1943509162
6361,06,037,Los Angeles County,408623,06037408623,4086.23,Census Tract 4086.23,953652,0,Disadvantaged Community,Low,Urban,0,Yes,"Yes, eligible","No, ineligible",953648.649543762,3993.41242601352
6381,06,037,Los Angeles County,482401,06037482401,4824.01,Census Tract 4824.01,839067,0,Disadvantaged Community,Low,Urban,0,Yes,"Yes, eligible","No, ineligible",839067.638252258,3801.30454795944
6382,06,037,Los Angeles County,482402,06037482402,4824.02,Census Tract 4824.02,3339808,137469,Disadvantaged Community,Low,Urban,52.8680941052075,Yes,"Yes, eligible","No, ineligible",3477273.22131348,11238.0803061448
6383,06,019,Fresno County,000800,06019000800,8,Census Tract 8,7678832,0,Disadvantaged Community,Low,Rural,232.198142414861,Yes,"No, ineligible","Yes, rural, eligible",7678830.23558187,11231.2765746051
6384,06,019,Fresno County,001000,06019001000,10,Census Tract 10,4894972,0,Disadvantaged Community,Low,Urban,0,Yes,"Yes, eligible","No, ineligible",4894972.0580318,8878.74029022453
6385,06,019,Fresno County,001100,06019001100,11,Census Tract 11,3751352,0,Disadvantaged Community,Low,Urban,71.9424460431655,Yes,"Yes, eligible","No, ineligible",3751348.12565136,9064.16402466543
6387,06,037,Los Angeles County,701902,06037701902,7019.02,Census Tract 7019.02,1790959,439378,Disadvantaged Community,Middle,Urban,4357.15818845246,Yes,"No, ineligible","No, ineligible",2230337.17613983,6013.95774957433
6391,06,037,Los Angeles County,433304,06037433304,4333.04,Census Tract 4333.04,789659,0,Disadvantaged Community,Low,Urban,296.267035354533,Yes,"No, ineligible","No, ineligible",789658.681152344,3885.90810130697
6392,06,037,Los Angeles County,433305,06037433305,4333.05,Census Tract 4333.05,511912,0,Disadvantaged Community,Low,Urban,0,Yes,"Yes, eligible","No, ineligible",511911.66519928,3773.11052756424
6393,06,037,Los Angeles County,433306,06037433306,4333.06,Census Tract 4333.06,434314,0,Disadvantaged Community,Low,Urban,0,Yes,"Yes, eligible","No, ineligible",434314.522834778,3698.19335948549
6395,06,019,Fresno County,001201,06019001201,12.01,Census Tract 12.01,5771182,0,Disadvantaged Community,Low,Urban,0,Yes,"Yes, eligible","No, ineligible",5771183.17619324,11148.435016386
6400,06,075,San Francisco County,017801,06075017801,178.01,Census Tract 178.01,214052,0,Disadvantaged Community,Low,Urban,128.501670521717,Yes,"No, ineligible","No, ineligible",214054.25603056,1881.72619280374
6401,06,075,San Francisco County,017802,06075017802,178.02,Census Tract 178.02,510134,0,Disadvantaged Community,Low,Urban,0,Yes,"Yes, eligible","No, ineligible",510135.565078259,3415.38540885205
6404,06,075,San Francisco County,025702,06075025702,257.02,Census Tract 257.02,533460,0,Disadvantaged Community,Low,Urban,0,Yes,"Yes, eligible","No, ineligible",533456.780529976,3991.30330521031
6412,06,037,Los Angeles County,433402,06037433402,4334.02,Census Tract 4334.02,571562,0,Disadvantaged Community,Low,Urban,0,Yes,"Yes, eligible","No, ineligible",571561.960800171,3103.76294457821
6416,06,037,Los Angeles County,531101,06037531101,5311.01,Census Tract 5311.01,699591,0,Disadvantaged Community,Low,Urban,0,Yes,"Yes, eligible","No, ineligible",699593.866447449,3747.39078421762
6417,06,037,Los Angeles County,533105,06037533105,5331.05,Census Tract 5331.05,190891,0,Disadvantaged Community,Low,Urban,0,Yes,"Yes, eligible","No, ineligible",190889.49621582,1767.36185766763
6418,06,037,Los Angeles County,533701,06037533701,5337.01,Census Tract 5337.01,400466,0,Disadvantaged Community,Low,Urban,0,Yes,"Yes, eligible","No, ineligible",400467.472488403,2524.89237796535
6419,06,037,Los Angeles County,541500,06037541500,5415,Census Tract 5415,811094,0,Disadvantaged Community,Low,Urban,0,Yes,"Yes, eligible","No, ineligible",811095.32585144,3936.39492462872
6420,06,037,Los Angeles County,552601,06037552601,5526.01,Census Tract 5526.01,711380,0,Disadvantaged Community,Low,Urban,0,Yes,"Yes, eligible","No, ineligible",711382.439949036,3386.09512664165
6423,06,037,Los Angeles County,117303,06037117303,1173.03,Census Tract 1173.03,1800594,0,Disadvantaged Community,Low,Urban,106.553010122536,Yes,"No, ineligible","No, ineligible",1800594.74258804,5519.54809816591
6424,06,037,Los Angeles County,117520,06037117520,1175.20,Census Tract 1175.20,321687,4030,Disadvantaged Community,Low,Urban,23.9923224568138,Yes,"Yes, eligible","No, ineligible",325716.439342499,2369.00876021701
6434,06,037,Los Angeles County,572500,06037572500,5725,Census Tract 5725,592705,0,Disadvantaged Community,Low,Urban,0,Yes,"Yes, eligible","No, ineligible",592704.678062439,3245.76567963089
6435,06,037,Los Angeles County,132102,06037132102,1321.02,Census Tract 1321.02,1371329,0,Disadvantaged Community,Low,Urban,37.030179596371,Yes,"Yes, eligible","No, ineligible",1371329.80392075,5754.21373788116
6436,06,037,Los Angeles County,132501,06037132501,1325.01,Census Tract 1325.01,699531,4303,Disadvantaged Community,Low,Urban,21.9010074463425,Yes,"Yes, eligible","No, ineligible",703833.844203949,3364.69380714111
6437,06,037,Los Angeles County,132502,06037132502,1325.02,Census Tract 1325.02,614443,10361,Disadvantaged Community,Low,Urban,50.9943906170321,Yes,"Yes, eligible","No, ineligible",624804.784645081,3346.23738273407
6440,06,037,Los Angeles County,134904,06037134904,1349.04,Census Tract 1349.04,1031889,7874,Disadvantaged Community,Low,Urban,24.7341083353945,Yes,"Yes, eligible","No, ineligible",1039762.57501984,4779.44252065277
6449,06,037,Los Angeles County,980001,06037980001,9800.01,Census Tract 9800.01,2315128,0,Disadvantaged Community,NA,Urban,,Yes,"No, ineligible","No, ineligible",2315128.59460068,6934.74004110269
6450,06,037,Los Angeles County,980002,06037980002,9800.02,Census Tract 9800.02,6773682,208608,Disadvantaged Community,NA,Urban,,Yes,"No, ineligible","No, ineligible",6982289.25291443,11545.3275765217
6453,06,037,Los Angeles County,575103,06037575103,5751.03,Census Tract 5751.03,482518,0,Disadvantaged Community,Low,Urban,0,Yes,"Yes, eligible","No, ineligible",482518.418312073,2804.86645869476
6454,06,037,Los Angeles County,575202,06037575202,5752.02,Census Tract 5752.02,404091,0,Disadvantaged Community,Low,Urban,0,Yes,"Yes, eligible","No, ineligible",404092.120582581,2814.29217547143
6456,06,037,Los Angeles County,980028,06037980028,9800.28,Census Tract 9800.28,17299747,2367417,Disadvantaged Community,NA,Urban,,Yes,"No, ineligible","No, ineligible",19667133.0318489,26157.4755817403
6457,06,037,Los Angeles County,601002,06037601002,6010.02,Census Tract 6010.02,633250,0,Disadvantaged Community,Low,Urban,0,Yes,"Yes, eligible","No, ineligible",633248.694774628,3421.76209520558
6458,06,037,Los Angeles County,603102,06037603102,6031.02,Census Tract 6031.02,745751,0,Disadvantaged Community,Low,Urban,0,Yes,"Yes, eligible","No, ineligible",745750.638702393,3466.22746988093
6461,06,037,Los Angeles County,900701,06037900701,9007.01,Census Tract 9007.01,2093985,0,Disadvantaged Community,Low,Urban,0,Yes,"Yes, eligible","No, ineligible",2093987.17698669,5837.00345331117
6469,06,019,Fresno County,003805,06019003805,38.05,Census Tract 38.05,2249174,0,Disadvantaged Community,Low,Urban,0,Yes,"Yes, eligible","No, ineligible",2249174.52393174,6833.28319843925
6470,06,037,Los Angeles County,433307,06037433307,4333.07,Census Tract 4333.07,430150,0,Disadvantaged Community,Low,Urban,0,Yes,"Yes, eligible","No, ineligible",430147.93460083,3889.89759081242
6471,06,037,Los Angeles County,433504,06037433504,4335.04,Census Tract 4335.04,916206,0,Disadvantaged Community,Low,Urban,0,Yes,"Yes, eligible","No, ineligible",916204.135643005,4832.65241075032
6472,06,037,Los Angeles County,434003,06037434003,4340.03,Census Tract 4340.03,979639,0,Disadvantaged Community,Low,Urban,0,Yes,"Yes, eligible","No, ineligible",979642.427558899,4911.76223740879
6473,06,037,Los Angeles County,434004,06037434004,4340.04,Census Tract 4340.04,684390,0,Disadvantaged Community,Low,Urban,0,Yes,"Yes, eligible","No, ineligible",684387.990264893,3640.88994192082
6475,06,037,Los Angeles County,120300,06037120300,1203,Census Tract 1203,1718660,0,Disadvantaged Community,Low,Urban,0,Yes,"Yes, eligible","No, ineligible",1718659.64955139,5648.38010511812
6476,06,037,Los Angeles County,120400,06037120400,1204,Census Tract 1204,1065824,0,Disadvantaged Community,Low,Urban,206.825232678387,Yes,"No, ineligible","No, ineligible",1065824.24657822,5285.96256983884
6477,06,037,Los Angeles County,121010,06037121010,1210.10,Census Tract 1210.10,1929812,109629,Disadvantaged Community,Low,Urban,20.2675314146737,Yes,"Yes, eligible","No, ineligible",2039441.47862625,5943.38861096063
6478,06,037,Los Angeles County,121020,06037121020,1210.20,Census Tract 1210.20,824523,0,Disadvantaged Community,Low,Urban,0,Yes,"Yes, eligible","No, ineligible",824525.800266266,4002.22559841405
6482,06,037,Los Angeles County,570404,06037570404,5704.04,Census Tract 5704.04,816723,48846,Disadvantaged Community,Low,Urban,217.627856365615,Yes,"No, ineligible","No, ineligible",865568.180778503,4753.91786863676
6490,06,075,San Francisco County,061200,06075061200,612,Census Tract 612,433208,0,Disadvantaged Community,Low,Urban,0,Yes,"Yes, eligible","No, ineligible",433209.250044823,4080.74618916697
6491,06,037,Los Angeles County,121210,06037121210,1212.10,Census Tract 1212.10,1997364,29714,Disadvantaged Community,Low,Urban,34.1763499658236,Yes,"Yes, eligible","No, ineligible",2027078.70410919,5599.89335261276
6492,06,037,Los Angeles County,121600,06037121600,1216,Census Tract 1216,1139500,0,Disadvantaged Community,Low,Urban,0,Yes,"Yes, eligible","No, ineligible",1139497.28773117,4982.87290563827
6494,06,037,Los Angeles County,124102,06037124102,1241.02,Census Tract 1241.02,649220,0,Disadvantaged Community,Low,Urban,28.1610813855252,Yes,"Yes, eligible","No, ineligible",649220.755237579,3222.76516133783
6495,06,037,Los Angeles County,124201,06037124201,1242.01,Census Tract 1242.01,972593,0,Disadvantaged Community,Low,Urban,29.868578255675,Yes,"Yes, eligible","No, ineligible",972592.743148804,4026.56122899904
6496,06,037,Los Angeles County,124300,06037124300,1243,Census Tract 1243,891002,0,Disadvantaged Community,Low,Urban,33.4672021419009,Yes,"Yes, eligible","No, ineligible",891001.849510193,3828.57946595631
6501,06,087,Santa Cruz County,110400,06087110400,1104,Census Tract 1104,5984095,0,Disadvantaged Community,Low,Urban,371.425034047295,Yes,"No, ineligible","No, ineligible",5984103.60969925,11940.8801278663
6512,06,075,San Francisco County,012502,06075012502,125.02,Census Tract 125.02,61277,0,Disadvantaged Community,Low,Urban,0,Yes,"Yes, eligible","No, ineligible",61275.9056053162,1005.38911680013
6520,06,037,Los Angeles County,500300,06037500300,5003,Census Tract 5003,8870614,120986,Disadvantaged Community,High,Urban,0,Yes,"Yes, eligible","No, ineligible",8991597.31079865,13768.3050239138
6535,06,037,Los Angeles County,121900,06037121900,1219,Census Tract 1219,1687515,0,Disadvantaged Community,Low,Urban,26.5886732252061,Yes,"Yes, eligible","No, ineligible",1687513.07521057,6125.19583936039
6542,06,037,Los Angeles County,122000,06037122000,1220,Census Tract 1220,2879762,383141,Disadvantaged Community,Low,Urban,67.8886625933469,Yes,"Yes, eligible","No, ineligible",3262898.93798065,9297.4160062488
6545,06,037,Los Angeles County,122120,06037122120,1221.20,Census Tract 1221.20,719824,0,Disadvantaged Community,Low,Urban,0,Yes,"Yes, eligible","No, ineligible",719824.96421051,4073.70757285586
6546,06,037,Los Angeles County,122200,06037122200,1222,Census Tract 1222,1704843,0,Disadvantaged Community,Low,Urban,28.8267512251369,Yes,"Yes, eligible","No, ineligible",1704844.17115021,5921.82791457741
6547,06,037,Los Angeles County,123020,06037123020,1230.20,Census Tract 1230.20,565646,0,Disadvantaged Community,Low,Urban,0,Yes,"Yes, eligible","No, ineligible",565647.938652039,3009.39461043763
6548,06,037,Los Angeles County,123103,06037123103,1231.03,Census Tract 1231.03,900961,1374,Disadvantaged Community,Low,Urban,0,Yes,"Yes, eligible","No, ineligible",902333.840965271,4090.35995095658
6549,06,037,Los Angeles County,980005,06037980005,9800.05,Census Tract 9800.05,3957818,95526,Disadvantaged Community,NA,Urban,,Yes,"No, ineligible","No, ineligible",4053343.65270996,9652.37633433188
6553,06,059,Orange County,074106,06059074106,741.06,Census Tract 741.06,3750979,98651,Disadvantaged Community,Low,Urban,119.065337103736,Yes,"No, ineligible","No, ineligible",3849622.81752777,8649.08546179547
6556,06,013,Contra Costa County,314103,06013314103,3141.03,Census Tract 3141.03,6026412,1213332,Disadvantaged Community,Low,Urban,0,Yes,"Yes, eligible","No, ineligible",7239742.51361528,11218.141831857
6562,06,013,Contra Costa County,309000,06013309000,3090,Census Tract 3090,9907933,8624530,Disadvantaged Community,Low,Urban,112.803158488438,Yes,"No, ineligible","No, ineligible",18532460.4784856,22921.4494321318
6575,06,013,Contra Costa County,369001,06013369001,3690.01,Census Tract 3690.01,1627104,0,Disadvantaged Community,Low,Urban,344.637441411635,Yes,"No, ineligible","No, ineligible",1627101.4406417,6598.53133006075
6581,06,037,Los Angeles County,113401,06037113401,1134.01,Census Tract 1134.01,2451817,0,Disadvantaged Community,Middle,Urban,0,Yes,"Yes, eligible","No, ineligible",2451814.11724091,6310.46356966638
6582,06,037,Los Angeles County,113421,06037113421,1134.21,Census Tract 1134.21,2196805,8498,Disadvantaged Community,Low,Urban,130.832969908417,Yes,"No, ineligible","No, ineligible",2205304.32155991,6598.24138524682
6600,06,001,Alameda County,408800,06001408800,4088,Census Tract 4088,1204352,0,Disadvantaged Community,Low,Urban,27.9759406910057,Yes,"Yes, eligible","No, ineligible",1204353.62105465,5108.12065019764
6601,06,001,Alameda County,408900,06001408900,4089,Census Tract 4089,802406,0,Disadvantaged Community,Low,Urban,0,Yes,"Yes, eligible","No, ineligible",802408.470458508,4733.78619583444
6602,06,001,Alameda County,409100,06001409100,4091,Census Tract 4091,490550,0,Disadvantaged Community,Low,Urban,0,Yes,"Yes, eligible","No, ineligible",490549.902712345,3083.8443143383
6603,06,001,Alameda County,409200,06001409200,4092,Census Tract 4092,716800,0,Disadvantaged Community,Low,Urban,0,Yes,"Yes, eligible","No, ineligible",716799.009382248,3959.3986977649
6604,06,001,Alameda County,409300,06001409300,4093,Census Tract 4093,1076280,0,Disadvantaged Community,Low,Urban,0,Yes,"Yes, eligible","No, ineligible",1076278.18872404,4463.30455535641
6607,06,037,Los Angeles County,113422,06037113422,1134.22,Census Tract 1134.22,1522529,7193,Disadvantaged Community,Low,Urban,0,Yes,"Yes, eligible","No, ineligible",1529719.92897034,5546.56977500624
6610,06,037,Los Angeles County,115202,06037115202,1152.02,Census Tract 1152.02,1737514,3837,Disadvantaged Community,Low,Urban,35.1864883884588,Yes,"Yes, eligible","No, ineligible",1741355.46258926,5718.14711699567
6613,06,059,Orange County,099904,06059099904,999.04,Census Tract 999.04,1328029,0,Disadvantaged Community,Low,Urban,0,Yes,"Yes, eligible","No, ineligible",1328033.83603668,4888.35596525512
6646,06,001,Alameda County,409400,06001409400,4094,Census Tract 4094,1253613,0,Disadvantaged Community,Low,Urban,0,Yes,"Yes, eligible","No, ineligible",1253615.74619198,5056.28312782708
6647,06,001,Alameda County,409500,06001409500,4095,Census Tract 4095,836612,0,Disadvantaged Community,Low,Urban,0,Yes,"Yes, eligible","No, ineligible",836612.362891674,4475.80283355668
6652,06,095,Solano County,250900,06095250900,2509,Census Tract 2509,812851,158294,Disadvantaged Community,Low,Urban,452.147701582517,Yes,"No, ineligible","No, ineligible",971145.24289608,4080.7207943563
6658,06,095,Solano County,251902,06095251902,2519.02,Census Tract 2519.02,2010649,0,Disadvantaged Community,Low,Urban,0,Yes,"Yes, eligible","No, ineligible",2010648.55228233,5997.57703710618
6660,06,037,Los Angeles County,115401,06037115401,1154.01,Census Tract 1154.01,1905159,0,Disadvantaged Community,Low,Urban,15.6911972383493,Yes,"Yes, eligible","No, ineligible",1905161.42159653,6227.65096771189
6691,06,059,Orange County,099402,06059099402,994.02,Census Tract 994.02,2599299,0,Disadvantaged Community,Low,Urban,36.6300366300366,Yes,"Yes, eligible","No, ineligible",2599295.7798996,6504.6191126403
6713,06,029,Kern County,003206,06029003206,32.06,Census Tract 32.06,50472619,0,Disadvantaged Community,Middle,Urban,0,Yes,"Yes, eligible","No, ineligible",50472618.4128952,38759.7389298741
6716,06,037,Los Angeles County,132300,06037132300,1323,Census Tract 1323,1278601,0,Disadvantaged Community,Low,Urban,50.5561172901921,Yes,"Yes, eligible","No, ineligible",1278601.63003159,4811.89666308419
6717,06,037,Los Angeles County,132700,06037132700,1327,Census Tract 1327,1310875,10477,Disadvantaged Community,Low,Urban,20.5212394828648,Yes,"Yes, eligible","No, ineligible",1321353.6167717,4783.04991519021
6718,06,037,Los Angeles County,132900,06037132900,1329,Census Tract 1329,1184831,9256,Disadvantaged Community,Low,Urban,0,Yes,"Yes, eligible","No, ineligible",1194089.68862152,5546.34611949845
6719,06,037,Los Angeles County,133000,06037133000,1330,Census Tract 1330,997188,5043,Disadvantaged Community,Low,Urban,20.9292591042277,Yes,"Yes, eligible","No, ineligible",1002232.05929947,4315.72144774654
6720,06,037,Los Angeles County,133100,06037133100,1331,Census Tract 1331,1511321,8714,Disadvantaged Community,Low,Urban,71.3139597076128,Yes,"Yes, eligible","No, ineligible",1520034.80332947,5168.24835211053
6721,06,037,Los Angeles County,134103,06037134103,1341.03,Census Tract 1341.03,1040917,9621,Disadvantaged Community,Low,Urban,21.4638334406525,Yes,"Yes, eligible","No, ineligible",1050537.50803757,5314.86203897228
6722,06,037,Los Angeles County,134104,06037134104,1341.04,Census Tract 1341.04,647979,0,Disadvantaged Community,Low,Urban,21.654395842356,Yes,"Yes, eligible","No, ineligible",647979.945674896,3219.57914770478
6728,06,039,Madera County,000201,06039000201,2.01,Census Tract 2.01,105212900,0,Disadvantaged Community,Middle,Rural,0,Yes,"No, ineligible","Yes, rural, eligible",105212907.191497,49438.6071969949
6729,06,039,Madera County,000604,06039000604,6.04,Census Tract 6.04,1765537,0,Disadvantaged Community,Low,Urban,0,Yes,"Yes, eligible","No, ineligible",1765536.91180748,6026.31073836721
6734,06,059,Orange County,089106,06059089106,891.06,Census Tract 891.06,737989,0,Disadvantaged Community,Low,Urban,0,Yes,"Yes, eligible","No, ineligible",737988.292510986,4047.27098630731
6751,06,039,Madera County,000603,06039000603,6.03,Census Tract 6.03,1207812,0,Disadvantaged Community,Low,Urban,0,Yes,"Yes, eligible","No, ineligible",1207814.44861153,6008.18764561243
6786,06,059,Orange County,011714,06059011714,117.14,Census Tract 117.14,5835578,421058,Disadvantaged Community,Low,Urban,1336.30289532294,Yes,"No, ineligible","No, ineligible",6256637.10608673,10864.4173035396
6791,06,059,Orange County,052404,06059052404,524.04,Census Tract 524.04,23563124,0,Disadvantaged Community,High,Urban,1919.43127962085,Yes,"No, ineligible","No, ineligible",23563127.398819,22021.5418277363
6796,06,059,Orange County,052410,06059052410,524.10,Census Tract 524.10,5170290,68055,Disadvantaged Community,Low,Urban,972.120322817315,Yes,"No, ineligible","No, ineligible",5238341.78076172,11699.5860850313
6811,06,037,Los Angeles County,296500,06037296500,2965,Census Tract 2965,902420,6249,Disadvantaged Community,Low,Urban,29.0107339715695,Yes,"Yes, eligible","No, ineligible",908671.062255859,4230.4023341305
6813,06,037,Los Angeles County,297120,06037297120,2971.20,Census Tract 2971.20,426006,0,Disadvantaged Community,Low,Urban,65.5093350802489,Yes,"Yes, eligible","No, ineligible",426003.84828949,3077.48937626744
6819,06,037,Los Angeles County,406800,06037406800,4068,Census Tract 4068,1730193,14903,Disadvantaged Community,High,Urban,0,Yes,"Yes, eligible","No, ineligible",1745097.46464539,7561.16775248888
6820,06,037,Los Angeles County,407001,06037407001,4070.01,Census Tract 4070.01,1071060,23653,Disadvantaged Community,Low,Urban,0,Yes,"Yes, eligible","No, ineligible",1094711.09992218,4732.43109623854
6821,06,037,Los Angeles County,407002,06037407002,4070.02,Census Tract 4070.02,2809995,243696,Disadvantaged Community,Low,Urban,0,Yes,"Yes, eligible","No, ineligible",3053697.82219696,7554.42323507814
6822,06,037,Los Angeles County,407102,06037407102,4071.02,Census Tract 4071.02,922628,0,Disadvantaged Community,Low,Urban,0,Yes,"Yes, eligible","No, ineligible",922627.857955933,4432.01290031221
6823,06,037,Los Angeles County,407200,06037407200,4072,Census Tract 4072,1455297,0,Disadvantaged Community,Low,Urban,0,Yes,"Yes, eligible","No, ineligible",1455299.35359955,6442.18864995713
6832,06,113,Yolo County,010101,06113010101,101.01,Census Tract 101.01,3228435,247357,Disadvantaged Community,Low,Urban,29.4290759270159,Yes,"Yes, eligible","No, ineligible",3475794.18119097,7484.88668975975
6837,06,037,Los Angeles County,407701,06037407701,4077.01,Census Tract 4077.01,1134475,0,Disadvantaged Community,Low,Urban,0,Yes,"Yes, eligible","No, ineligible",1134472.69734955,4725.87114397025
6838,06,037,Los Angeles County,407702,06037407702,4077.02,Census Tract 4077.02,2000417,905,Disadvantaged Community,Low,Urban,29.655990510083,Yes,"Yes, eligible","No, ineligible",2001325.7488327,7114.31591600338
6839,06,037,Los Angeles County,407900,06037407900,4079,Census Tract 4079,1495757,304,Disadvantaged Community,Low,Urban,0,Yes,"Yes, eligible","No, ineligible",1496060.28528595,5347.3172738694
6840,06,037,Los Angeles County,431100,06037431100,4311,Census Tract 4311,3015525,0,Disadvantaged Community,Low,Urban,133.17549570879,Yes,"No, ineligible","No, ineligible",3015519.56874084,8023.45791047845
6851,06,029,Kern County,005204,06029005204,52.04,Census Tract 52.04,935266479,7886247,Disadvantaged Community,Low,Rural,67.0803286936106,Yes,"No, ineligible","Yes, rural, eligible",943152797.334446,216591.935278704
6857,06,029,Kern County,006500,06029006500,65,Census Tract 65,2031989915,2059603,Disadvantaged Community,Low,Rural,266.607420573206,Yes,"No, ineligible","Yes, rural, eligible",2034049586.55419,351234.593487223
6858,06,071,San Bernardino County,003200,06071003200,32,Census Tract 32,2591566,0,Disadvantaged Community,Middle,Urban,0,Yes,"Yes, eligible","No, ineligible",2591567.1596756,6438.38255281321
6862,06,025,Imperial County,010200,06025010200,102,Census Tract 102,187539075,36114014,Disadvantaged Community,Low,Rural,0,Yes,"No, ineligible","Yes, rural, eligible",223653133.520813,82194.8722174073
6863,06,025,Imperial County,010300,06025010300,103,Census Tract 103,467605592,338212,Disadvantaged Community,Middle,Rural,0,Yes,"No, ineligible","Yes, rural, eligible",467943781.167252,132458.028583582
6864,06,025,Imperial County,011100,06025011100,111,Census Tract 111,201633523,146453,Disadvantaged Community,Low,Rural,0,Yes,"No, ineligible","Yes, rural, eligible",201779974.815857,58980.6020322361
6868,06,025,Imperial County,011000,06025011000,110,Census Tract 110,180074669,59691,Disadvantaged Community,Middle,Rural,0,Yes,"No, ineligible","Yes, rural, eligible",180134358.6521,74652.2221449542
6869,06,025,Imperial County,011300,06025011300,113,Census Tract 113,128721904,0,Disadvantaged Community,Low,Rural,171.013253527148,Yes,"No, ineligible","Yes, rural, eligible",128721904.507706,63603.6419863473
6871,06,025,Imperial County,011900,06025011900,119,Census Tract 119,224952640,0,Disadvantaged Community,Low,Rural,0,Yes,"No, ineligible","Yes, rural, eligible",224952301.987152,93251.6312105129
6872,06,037,Los Angeles County,402403,06037402403,4024.03,Census Tract 4024.03,2032376,0,Disadvantaged Community,Low,Urban,0,Yes,"Yes, eligible","No, ineligible",2032375.94205475,9721.25828074694
6873,06,037,Los Angeles County,408133,06037408133,4081.33,Census Tract 4081.33,1057185,0,Disadvantaged Community,Low,Urban,0,Yes,"Yes, eligible","No, ineligible",1057184.0620575,5612.06458766069
6874,06,025,Imperial County,011600,06025011600,116,Census Tract 116,2047643,0,Disadvantaged Community,Low,Rural Center,0,Yes,"No, ineligible","Yes, rural center, eligible",2047644.11048889,5814.56353761783
6875,06,025,Imperial County,011700,06025011700,117,Census Tract 117,2004781,0,Disadvantaged Community,Low,Rural Center,0,Yes,"No, ineligible","Yes, rural center, eligible",2004782.81085205,6427.45205207821
6880,06,075,San Francisco County,980600,06075980600,9806,Census Tract 9806,2132296,2016109,Disadvantaged Community,Low,Urban,0,Yes,"Yes, eligible","No, ineligible",4148411.04936886,9893.70672475735
6887,06,037,Los Angeles County,402404,06037402404,4024.04,Census Tract 4024.04,4184003,8226,Disadvantaged Community,Low,Urban,2148.22771213749,Yes,"No, ineligible","No, ineligible",4192230.30921173,11321.7715698496
6888,06,037,Los Angeles County,402501,06037402501,4025.01,Census Tract 4025.01,1015920,0,Disadvantaged Community,Low,Urban,0,Yes,"Yes, eligible","No, ineligible",1015921.09104156,4880.95048970932
6889,06,037,Los Angeles County,402502,06037402502,4025.02,Census Tract 4025.02,1474650,0,Disadvantaged Community,Low,Urban,0,Yes,"Yes, eligible","No, ineligible",1474648.0303421,5522.21156702042
6890,06,037,Los Angeles County,402600,06037402600,4026,Census Tract 4026,2281996,0,Disadvantaged Community,Low,Urban,26.6915788068864,Yes,"Yes, eligible","No, ineligible",2281998.03304291,6899.93571346558
6891,06,037,Los Angeles County,402702,06037402702,4027.02,Census Tract 4027.02,1500489,0,Disadvantaged Community,Low,Urban,0,Yes,"Yes, eligible","No, ineligible",1500488.56690216,5612.48656012605
6893,06,037,Los Angeles County,277400,06037277400,2774,Census Tract 2774,638934,0,Disadvantaged Community,Low,Urban,0,Yes,"Yes, eligible","No, ineligible",638936.071884155,3181.65917351889
6894,06,037,Los Angeles County,240020,06037240020,2400.20,Census Tract 2400.20,719413,403,Disadvantaged Community,Low,Urban,0,Yes,"Yes, eligible","No, ineligible",719816.419487,3916.96934920258
6895,06,037,Los Angeles County,533103,06037533103,5331.03,Census Tract 5331.03,346349,0,Disadvantaged Community,Low,Urban,0,Yes,"Yes, eligible","No, ineligible",346350.173500061,2422.99623714896
6906,06,073,San Diego County,004700,06073004700,47,Census Tract 47,348489,0,Disadvantaged Community,Low,Urban,0,Yes,"Yes, eligible","No, ineligible",348489.759887695,2383.68009691885
6907,06,073,San Diego County,004800,06073004800,48,Census Tract 48,562968,0,Disadvantaged Community,Low,Urban,0,Yes,"Yes, eligible","No, ineligible",562969.294937134,3004.03307763155
6908,06,073,San Diego County,004900,06073004900,49,Census Tract 49,775746,0,Disadvantaged Community,Low,Urban,0,Yes,"Yes, eligible","No, ineligible",775746.928894043,4220.2010669712
6917,06,081,San Mateo County,606200,06081606200,6062,Census Tract 6062,1204547,0,Disadvantaged Community,Low,Urban,0,Yes,"Yes, eligible","No, ineligible",1204545.87961674,5348.87080722713
6926,06,081,San Mateo County,610202,06081610202,6102.02,Census Tract 6102.02,1708986,22376,Disadvantaged Community,Middle,Urban,1943.68303015201,Yes,"No, ineligible","No, ineligible",1731362.02018738,8346.45305356534
6938,06,073,San Diego County,005100,06073005100,51,Census Tract 51,1619215,0,Disadvantaged Community,Low,Urban,168.787327966762,Yes,"No, ineligible","No, ineligible",1619216.34855652,7730.81116299767
6939,06,073,San Diego County,005200,06073005200,52,Census Tract 52,739296,0,Disadvantaged Community,Low,Urban,183.434457457316,Yes,"No, ineligible","No, ineligible",739299.201782227,3546.54531431702
6940,06,073,San Diego County,005300,06073005300,53,Census Tract 53,871344,0,Disadvantaged Community,Low,Urban,3831.02445698649,Yes,"No, ineligible","No, ineligible",871345.93649292,3734.03194051295
6943,06,073,San Diego County,005700,06073005700,57,Census Tract 57,272352,0,Disadvantaged Community,Low,Urban,0,Yes,"Yes, eligible","No, ineligible",272354.03742981,2173.91137118748
6970,06,019,Fresno County,001407,06019001407,14.07,Census Tract 14.07,1292432,0,Disadvantaged Community,Low,Urban,0,Yes,"Yes, eligible","No, ineligible",1292432.46727371,4819.77600638428
6984,06,073,San Diego County,011802,06073011802,118.02,Census Tract 118.02,898427,0,Disadvantaged Community,Low,Urban,0,Yes,"Yes, eligible","No, ineligible",898424.747253418,4122.96280553419
7022,06,037,Los Angeles County,402904,06037402904,4029.04,Census Tract 4029.04,1903989,0,Disadvantaged Community,Low,Urban,0,Yes,"Yes, eligible","No, ineligible",1903988.60585785,6359.49002888425
7029,06,073,San Diego County,010009,06073010009,100.09,Census Tract 100.09,3530104,532114,Disadvantaged Community,Low,Urban,157.638291774147,Yes,"No, ineligible","No, ineligible",4062217.47773743,9852.29193953807
7031,06,073,San Diego County,010013,06073010013,100.13,Census Tract 100.13,896530,0,Disadvantaged Community,Low,Urban,0,Yes,"Yes, eligible","No, ineligible",896529.306640625,4621.69354457712
7034,06,073,San Diego County,012102,06073012102,121.02,Census Tract 121.02,1126798,0,Disadvantaged Community,Low,Urban,295.420974889217,Yes,"No, ineligible","No, ineligible",1126797.06256104,5740.26610884294
7039,06,037,Los Angeles County,226420,06037226420,2264.20,Census Tract 2264.20,426940,0,Disadvantaged Community,Low,Urban,0,Yes,"Yes, eligible","No, ineligible",426939.716773987,2675.80382175339
7040,06,073,San Diego County,012402,06073012402,124.02,Census Tract 124.02,896878,0,Disadvantaged Community,Low,Urban,117.485803798708,Yes,"No, ineligible","No, ineligible",896878.904876709,4038.67590718042
7047,06,037,Los Angeles County,219010,06037219010,2190.10,Census Tract 2190.10,440857,0,Disadvantaged Community,Low,Urban,0,Yes,"Yes, eligible","No, ineligible",440855.318470001,2858.83234102919
7048,06,037,Los Angeles County,530006,06037530006,5300.06,Census Tract 5300.06,659020,1580,Disadvantaged Community,Low,Urban,90.293453724605,Yes,"Yes, eligible","No, ineligible",660599.841011047,4034.58989353023
7049,06,037,Los Angeles County,209520,06037209520,2095.20,Census Tract 2095.20,231173,0,Disadvantaged Community,Low,Urban,1537.36145870576,Yes,"No, ineligible","No, ineligible",231173.160202026,1971.55759265233
7050,06,037,Los Angeles County,208720,06037208720,2087.20,Census Tract 2087.20,164736,0,Disadvantaged Community,Low,Urban,23.1535077564251,Yes,"Yes, eligible","No, ineligible",164735.132026672,2108.93321727168
7052,06,037,Los Angeles County,404902,06037404902,4049.02,Census Tract 4049.02,694549,0,Disadvantaged Community,Low,Urban,0,Yes,"Yes, eligible","No, ineligible",694547.745933533,3586.10051025147
7053,06,037,Los Angeles County,481401,06037481401,4814.01,Census Tract 4814.01,1206569,0,Disadvantaged Community,Low,Urban,638.263922131801,Yes,"No, ineligible","No, ineligible",1206569.07674408,4963.27800427552
7054,06,037,Los Angeles County,190901,06037190901,1909.01,Census Tract 1909.01,490199,0,Disadvantaged Community,Low,Urban,610.420754305646,Yes,"No, ineligible","No, ineligible",490198.786117554,2831.92081229388
7064,06,073,San Diego County,010111,06073010111,101.11,Census Tract 101.11,603505,0,Disadvantaged Community,Low,Urban,0,Yes,"Yes, eligible","No, ineligible",603502.279449463,3611.84544938785
7068,06,073,San Diego County,012600,06073012600,126,Census Tract 126,3043392,4112897,Disadvantaged Community,Low,Urban,0,Yes,"Yes, eligible","No, ineligible",7156291.89552307,11238.8918459594
7069,06,073,San Diego County,012700,06073012700,127,Census Tract 127,1159147,0,Disadvantaged Community,Low,Urban,225.965488907149,Yes,"No, ineligible","No, ineligible",1159147.56169128,4841.85445861926
7086,06,073,San Diego County,013205,06073013205,132.05,Census Tract 132.05,1777331,4485,Disadvantaged Community,Low,Urban,0,Yes,"Yes, eligible","No, ineligible",1781815.00332642,5714.21689116573
7088,06,073,San Diego County,013103,06073013103,131.03,Census Tract 131.03,1769619,190418,Disadvantaged Community,Low,Urban,79.8084596967279,Yes,"Yes, eligible","No, ineligible",1960037.7895813,5987.24319822724
7095,06,081,San Mateo County,610201,06081610201,6102.01,Census Tract 6102.01,1447140,0,Disadvantaged Community,Low,Urban,1400.86206896552,Yes,"No, ineligible","No, ineligible",1447141.54651356,7303.14508735216
7120,06,065,Riverside County,042516,06065042516,425.16,Census Tract 425.16,973130,0,Disadvantaged Community,Low,Urban,0,Yes,"Yes, eligible","No, ineligible",973131.807403564,4027.32871652619
7123,06,065,Riverside County,042800,06065042800,428,Census Tract 428,5469300,0,Disadvantaged Community,Low,Urban,52.5486074619023,Yes,"Yes, eligible","No, ineligible",5469294.96951294,13082.7804540372
7124,06,065,Riverside County,042902,06065042902,429.02,Census Tract 429.02,43401015,0,Disadvantaged Community,Low,Rural,0,Yes,"No, ineligible","Yes, rural, eligible",43401021.6348572,37789.2213991818
7126,06,065,Riverside County,043006,06065043006,430.06,Census Tract 430.06,7305379,0,Disadvantaged Community,Low,Urban,37.0233246945576,Yes,"Yes, eligible","No, ineligible",7305378.23291779,13299.4533693372
7130,06,065,Riverside County,042300,06065042300,423,Census Tract 423,10032235,0,Disadvantaged Community,Low,Urban,0,Yes,"Yes, eligible","No, ineligible",10032238.139801,20775.7474880484
7131,06,065,Riverside County,042511,06065042511,425.11,Census Tract 425.11,1612409,0,Disadvantaged Community,Low,Urban,0,Yes,"Yes, eligible","No, ineligible",1612410.29592133,5608.27417959895
7132,06,039,Madera County,000202,06039000202,2.02,Census Tract 2.02,289848340,753599,Disadvantaged Community,Middle,Rural,383.408853258975,Yes,"No, ineligible","Yes, rural, eligible",290601941.604549,111033.469620916
7133,06,001,Alameda County,401700,06001401700,4017,Census Tract 4017,5744704,5759028,Disadvantaged Community,Middle,Urban,5500.33134526176,Yes,"No, ineligible","No, ineligible",11503731.0869131,16460.9312829801
7154,06,037,Los Angeles County,294301,06037294301,2943.01,Census Tract 2943.01,713041,0,Disadvantaged Community,Low,Urban,40.4694455685957,Yes,"Yes, eligible","No, ineligible",713041.633857727,3558.43783806678
7155,06,037,Los Angeles County,294302,06037294302,2943.02,Census Tract 2943.02,840310,0,Disadvantaged Community,Low,Urban,22.8206298493838,Yes,"Yes, eligible","No, ineligible",840308.581108093,4461.31821465866
7156,06,037,Los Angeles County,294421,06037294421,2944.21,Census Tract 2944.21,673257,0,Disadvantaged Community,Low,Urban,311.310965063992,Yes,"No, ineligible","No, ineligible",673258.54989624,5002.26112139625
7157,06,037,Los Angeles County,294701,06037294701,2947.01,Census Tract 2947.01,1753940,0,Disadvantaged Community,Low,Urban,0,Yes,"Yes, eligible","No, ineligible",1753941.0971756,6047.66370715893
7170,06,073,San Diego County,003601,06073003601,36.01,Census Tract 36.01,897314,0,Disadvantaged Community,Low,Urban,0,Yes,"Yes, eligible","No, ineligible",897314.840957642,4545.97827516795
7194,06,037,Los Angeles County,186302,06037186302,1863.02,Census Tract 1863.02,1685262,0,Disadvantaged Community,Low,Urban,19.6232339089482,Yes,"Yes, eligible","No, ineligible",1685261.46081543,5457.68611418514
7196,06,037,Los Angeles County,296902,06037296902,2969.02,Census Tract 2969.02,493111,0,Disadvantaged Community,Low,Urban,0,Yes,"Yes, eligible","No, ineligible",493111.507156372,3658.11054820321
7200,06,037,Los Angeles County,104204,06037104204,1042.04,Census Tract 1042.04,2664512,3735,Disadvantaged Community,Low,Urban,54.3625985322098,Yes,"Yes, eligible","No, ineligible",2668243.90731812,9233.59511729159
7202,06,037,Los Angeles County,121102,06037121102,1211.02,Census Tract 1211.02,7457714,82268,Disadvantaged Community,Low,Urban,0,Yes,"Yes, eligible","No, ineligible",7539982.16623306,11471.2282716608
7203,06,037,Los Angeles County,124104,06037124104,1241.04,Census Tract 1241.04,324444,0,Disadvantaged Community,Low,Urban,0,Yes,"Yes, eligible","No, ineligible",324443.865249634,2416.12469431083
7208,06,037,Los Angeles County,406702,06037406702,4067.02,Census Tract 4067.02,2783390,39521,Disadvantaged Community,Low,Urban,235.294117647059,Yes,"No, ineligible","No, ineligible",2822911.07062531,7400.704937926
7209,06,037,Los Angeles County,302505,06037302505,3025.05,Census Tract 3025.05,536495,0,Disadvantaged Community,Low,Urban,0,Yes,"Yes, eligible","No, ineligible",536493.657974243,4846.94900626144
7210,06,037,Los Angeles County,302506,06037302506,3025.06,Census Tract 3025.06,905396,853,Disadvantaged Community,Low,Urban,0,Yes,"Yes, eligible","No, ineligible",906249.423080444,4582.38738756714
7213,06,037,Los Angeles County,576001,06037576001,5760.01,Census Tract 5760.01,1769545,1325186,Disadvantaged Community,Middle,Urban,2570.54503285659,Yes,"No, ineligible","No, ineligible",3094740.67139435,8014.48068527404
7218,06,037,Los Angeles County,186403,06037186403,1864.03,Census Tract 1864.03,539643,0,Disadvantaged Community,Low,Urban,0,Yes,"Yes, eligible","No, ineligible",539643.967422485,3652.11914066942
7219,06,073,San Diego County,022000,06073022000,220,Census Tract 220,782181,0,Disadvantaged Community,Low,Urban,0,Yes,"Yes, eligible","No, ineligible",782179.819625854,5286.66262672255
7224,06,037,Los Angeles County,186404,06037186404,1864.04,Census Tract 1864.04,401149,0,Disadvantaged Community,Low,Urban,0,Yes,"Yes, eligible","No, ineligible",401147.906669617,2702.80209454456
7225,06,037,Los Angeles County,187101,06037187101,1871.01,Census Tract 1871.01,760497,27646,Disadvantaged Community,Low,Urban,0,Yes,"Yes, eligible","No, ineligible",788142.725753784,3935.2784578698
7227,06,037,Los Angeles County,189101,06037189101,1891.01,Census Tract 1891.01,395232,0,Disadvantaged Community,Middle,Urban,357.001190003967,Yes,"No, ineligible","No, ineligible",395233.427658081,2516.64425825826
7230,06,037,Los Angeles County,190802,06037190802,1908.02,Census Tract 1908.02,486762,0,Disadvantaged Community,Low,Urban,402.414486921529,Yes,"No, ineligible","No, ineligible",486762.325572968,2819.38508108859
7231,06,037,Los Angeles County,191301,06037191301,1913.01,Census Tract 1913.01,273535,0,Disadvantaged Community,Low,Urban,449.640287769784,Yes,"No, ineligible","No, ineligible",273535.765071869,2603.79223124444
7232,06,037,Los Angeles County,191302,06037191302,1913.02,Census Tract 1913.02,422484,0,Disadvantaged Community,Low,Urban,0,Yes,"Yes, eligible","No, ineligible",422484.099437714,2851.75652969657
7233,06,037,Los Angeles County,191901,06037191901,1919.01,Census Tract 1919.01,773162,0,Disadvantaged Community,Low,Urban,2091.50326797386,Yes,"No, ineligible","No, ineligible",773163.332794189,3622.08925829416
7237,06,037,Los Angeles County,533703,06037533703,5337.03,Census Tract 5337.03,692853,78552,Disadvantaged Community,Low,Urban,0,Yes,"Yes, eligible","No, ineligible",771400.882980347,4097.42618683673
7239,06,019,Fresno County,003302,06019003302,33.02,Census Tract 33.02,1298706,0,Disadvantaged Community,Low,Urban,0,Yes,"Yes, eligible","No, ineligible",1298706.65044212,4827.86630607552
7241,06,019,Fresno County,001303,06019001303,13.03,Census Tract 13.03,643426,0,Disadvantaged Community,Low,Urban,0,Yes,"Yes, eligible","No, ineligible",643424.109728336,3211.94433069035
7243,06,037,Los Angeles County,500404,06037500404,5004.04,Census Tract 5004.04,1192852,0,Disadvantaged Community,Low,Urban,0,Yes,"Yes, eligible","No, ineligible",1192853.92790222,4467.536158651
7244,06,037,Los Angeles County,501001,06037501001,5010.01,Census Tract 5010.01,773488,115356,Disadvantaged Community,Low,Urban,0,Yes,"Yes, eligible","No, ineligible",888843.551628113,3918.68149052278
7245,06,037,Los Angeles County,501002,06037501002,5010.02,Census Tract 5010.02,1470883,0,Disadvantaged Community,High,Urban,0,Yes,"Yes, eligible","No, ineligible",1470881.21179199,5073.59945938941
7252,06,073,San Diego County,012501,06073012501,125.01,Census Tract 125.01,461087,0,Disadvantaged Community,Low,Urban,0,Yes,"Yes, eligible","No, ineligible",461089.617034912,2755.30150944545
7254,06,037,Los Angeles County,543306,06037543306,5433.06,Census Tract 5433.06,4396872,102473,Disadvantaged Community,Low,Urban,139.895714104032,Yes,"No, ineligible","No, ineligible",4499351.3345108,12790.6624877398
7255,06,037,Los Angeles County,576301,06037576301,5763.01,Census Tract 5763.01,548534,0,Disadvantaged Community,Low,Urban,144.05762304922,Yes,"No, ineligible","No, ineligible",548532.859977722,2972.77165194888
7256,06,037,Los Angeles County,576903,06037576903,5769.03,Census Tract 5769.03,324706,0,Disadvantaged Community,Low,Urban,0,Yes,"Yes, eligible","No, ineligible",324703.993659973,2419.50252810291
7258,06,037,Los Angeles County,502802,06037502802,5028.02,Census Tract 5028.02,3862043,4442,Disadvantaged Community,Low,Urban,0,Yes,"Yes, eligible","No, ineligible",3866479.48215485,11545.636092357
7264,06,019,Fresno County,000902,06019000902,9.02,Census Tract 9.02,1970493,0,Disadvantaged Community,Low,Urban,288.961664419187,Yes,"No, ineligible","No, ineligible",1970494.15060592,6570.99293254013
7265,06,019,Fresno County,001408,06019001408,14.08,Census Tract 14.08,1218706,0,Disadvantaged Community,Low,Urban,0,Yes,"Yes, eligible","No, ineligible",1218709.02865911,4727.25945048875
7266,06,019,Fresno County,001304,06019001304,13.04,Census Tract 13.04,1307803,0,Disadvantaged Community,Low,Urban,0,Yes,"Yes, eligible","No, ineligible",1307803.80721784,4857.57836620047
7267,06,019,Fresno County,000901,06019000901,9.01,Census Tract 9.01,1954608,0,Disadvantaged Community,Low,Urban,0,Yes,"Yes, eligible","No, ineligible",1954608.58599877,6463.77482214064
7268,06,019,Fresno County,001410,06019001410,14.10,Census Tract 14.10,7933094,0,Disadvantaged Community,Middle,Urban,0,Yes,"Yes, eligible","No, ineligible",7933099.19639421,11384.7008380575
7279,06,073,San Diego County,012502,06073012502,125.02,Census Tract 125.02,2817953,1531909,Disadvantaged Community,Low,Urban,92.378752886836,Yes,"Yes, eligible","No, ineligible",4349854.74940491,8948.05338055453
7289,06,037,Los Angeles County,195804,06037195804,1958.04,Census Tract 1958.04,335855,0,Disadvantaged Community,Low,Urban,39.4788787998421,Yes,"Yes, eligible","No, ineligible",335856.309112549,2349.56686711925
7292,06,037,Los Angeles County,195903,06037195903,1959.03,Census Tract 1959.03,238084,0,Disadvantaged Community,Low,Urban,0,Yes,"Yes, eligible","No, ineligible",238084.244010925,2054.05183964443
7293,06,037,Los Angeles County,201601,06037201601,2016.01,Census Tract 2016.01,540413,0,Disadvantaged Community,Low,Urban,0,Yes,"Yes, eligible","No, ineligible",540411.531616211,3389.14349335669
7294,06,037,Los Angeles County,201602,06037201602,2016.02,Census Tract 2016.02,1065765,0,Disadvantaged Community,Low,Urban,0,Yes,"Yes, eligible","No, ineligible",1065768.11185455,5778.75997121751
7295,06,037,Los Angeles County,543321,06037543321,5433.21,Census Tract 5433.21,4880852,0,Disadvantaged Community,Middle,Urban,440.690414983474,Yes,"No, ineligible","No, ineligible",4880852.21260071,9140.08050340194
7309,06,037,Los Angeles County,207103,06037207103,2071.03,Census Tract 2071.03,324130,0,Disadvantaged Community,Low,Urban,334.308399498537,Yes,"No, ineligible","No, ineligible",324128.481704712,2936.49788002947
7311,06,037,Los Angeles County,237102,06037237102,2371.02,Census Tract 2371.02,459964,0,Disadvantaged Community,Low,Urban,29.3513354857646,Yes,"Yes, eligible","No, ineligible",459961.791900635,2747.15890108231
7312,06,037,Los Angeles County,240401,06037240401,2404.01,Census Tract 2404.01,693040,0,Disadvantaged Community,Low,Urban,15.6764383132152,Yes,"Yes, eligible","No, ineligible",693039.555351257,3449.49909124507
7318,06,019,Fresno County,004216,06019004216,42.16,Census Tract 42.16,3415541,118929,Disadvantaged Community,Middle,Urban,144.759698899826,Yes,"No, ineligible","No, ineligible",3534471.3438856,9972.0828026695
7319,06,019,Fresno County,005804,06019005804,58.04,Census Tract 58.04,2536494,0,Disadvantaged Community,Middle,Urban,0,Yes,"Yes, eligible","No, ineligible",2536493.18304563,6335.04409726516
7320,06,019,Fresno County,001411,06019001411,14.11,Census Tract 14.11,2509842,0,Disadvantaged Community,Low,Urban,0,Yes,"Yes, eligible","No, ineligible",2509844.67204785,6339.70849509488
7322,06,019,Fresno County,002904,06019002904,29.04,Census Tract 29.04,1307697,0,Disadvantaged Community,Low,Urban,0,Yes,"Yes, eligible","No, ineligible",1307699.06724524,4850.60593232526
7324,06,019,Fresno County,002905,06019002905,29.05,Census Tract 29.05,1261605,0,Disadvantaged Community,Low,Urban,0,Yes,"Yes, eligible","No, ineligible",1261607.41379499,4815.83058088116
7332,06,037,Los Angeles County,650901,06037650901,6509.01,Census Tract 6509.01,3545230,0,Disadvantaged Community,Middle,Urban,130.450987700335,Yes,"No, ineligible","No, ineligible",3545236.72293854,9016.66417522801
7333,06,037,Los Angeles County,500403,06037500403,5004.03,Census Tract 5004.03,2057391,189585,Disadvantaged Community,Low,Urban,0,Yes,"Yes, eligible","No, ineligible",2246974.63108826,9003.0274627672
7334,06,037,Los Angeles County,570402,06037570402,5704.02,Census Tract 5704.02,1431094,98015,Disadvantaged Community,Low,Urban,0,Yes,"Yes, eligible","No, ineligible",1529110.90375519,6378.18965485997
7335,06,037,Los Angeles County,570501,06037570501,5705.01,Census Tract 5705.01,1485935,0,Disadvantaged Community,Low,Urban,24.869435463815,Yes,"Yes, eligible","No, ineligible",1485932.04512787,5129.88896479404
7336,06,037,Los Angeles County,570602,06037570602,5706.02,Census Tract 5706.02,1042498,0,Disadvantaged Community,Low,Urban,0,Yes,"Yes, eligible","No, ineligible",1042496.16754913,4409.2976622412
7337,06,037,Los Angeles County,570603,06037570603,5706.03,Census Tract 5706.03,734714,0,Disadvantaged Community,Low,Urban,0,Yes,"Yes, eligible","No, ineligible",734715.62109375,3811.99784404024
7339,06,073,San Diego County,016504,06073016504,165.04,Census Tract 165.04,1307294,0,Disadvantaged Community,Low,Urban,0,Yes,"Yes, eligible","No, ineligible",1307295.03945923,4607.24619011703
7344,06,073,San Diego County,002711,06073002711,27.11,Census Tract 27.11,1360226,68328,Disadvantaged Community,Low,Urban,0,Yes,"Yes, eligible","No, ineligible",1428549.00457764,5841.50655807923
7345,06,037,Los Angeles County,503104,06037503104,5031.04,Census Tract 5031.04,541380,5382,Disadvantaged Community,Low,Urban,0,Yes,"Yes, eligible","No, ineligible",546760.513160706,3333.42435076971
7346,06,037,Los Angeles County,552302,06037552302,5523.02,Census Tract 5523.02,961503,0,Disadvantaged Community,Low,Urban,0,Yes,"Yes, eligible","No, ineligible",961503.482704163,4592.29169687489
7348,06,037,Los Angeles County,571704,06037571704,5717.04,Census Tract 5717.04,481587,0,Disadvantaged Community,Low,Urban,0,Yes,"Yes, eligible","No, ineligible",481587.403923035,3412.32059264946
7349,06,037,Los Angeles County,573003,06037573003,5730.03,Census Tract 5730.03,401152,46959,Disadvantaged Community,Low,Urban,0,Yes,"Yes, eligible","No, ineligible",448111.914459229,2758.19474082063
7364,06,019,Fresno County,004002,06019004002,40.02,Census Tract 40.02,20679755,0,Disadvantaged Community,Low,Rural Center,27.7430989041476,Yes,"No, ineligible","Yes, rural center, eligible",20679755.9003642,19341.0498321807
7365,06,019,Fresno County,003808,06019003808,38.08,Census Tract 38.08,4573634,0,Disadvantaged Community,Middle,Urban,79.3335977786593,Yes,"Yes, eligible","No, ineligible",4573635.52360773,8913.82508993563
7371,06,037,Los Angeles County,104404,06037104404,1044.04,Census Tract 1044.04,539620,0,Disadvantaged Community,Low,Urban,0,Yes,"Yes, eligible","No, ineligible",539620.711223602,3333.30227296792
7372,06,037,Los Angeles County,104703,06037104703,1047.03,Census Tract 1047.03,1168606,0,Disadvantaged Community,Low,Urban,45.9981600735971,Yes,"Yes, eligible","No, ineligible",1168604.262146,4677.85496536825
7373,06,037,Los Angeles County,104704,06037104704,1047.04,Census Tract 1047.04,1662660,0,Disadvantaged Community,Low,Urban,46.2855820411942,Yes,"Yes, eligible","No, ineligible",1662660.7232933,5173.29386575193
7375,06,037,Los Angeles County,106407,06037106407,1064.07,Census Tract 1064.07,232127,0,Disadvantaged Community,Low,Urban,0,Yes,"Yes, eligible","No, ineligible",232126.577358246,1937.30879392351
7379,06,019,Fresno County,003301,06019003301,33.01,Census Tract 33.01,1307911,0,Disadvantaged Community,Low,Urban,0,Yes,"Yes, eligible","No, ineligible",1307911.16330671,4856.25135048791
7380,06,019,Fresno County,002906,06019002906,29.06,Census Tract 29.06,1373039,0,Disadvantaged Community,Low,Urban,267.737617135207,Yes,"No, ineligible","No, ineligible",1373041.34792328,4907.95970638754
7381,06,073,San Diego County,003304,06073003304,33.04,Census Tract 33.04,588939,0,Disadvantaged Community,Low,Urban,0,Yes,"Yes, eligible","No, ineligible",588939.354064941,3196.440812006
7385,06,037,Los Angeles County,106648,06037106648,1066.48,Census Tract 1066.48,792930,0,Disadvantaged Community,Low,Urban,0,Yes,"Yes, eligible","No, ineligible",792926.417514801,4162.46609738982
7391,06,037,Los Angeles County,104403,06037104403,1044.03,Census Tract 1044.03,693083,0,Disadvantaged Community,Low,Urban,29.9311583358276,Yes,"Yes, eligible","No, ineligible",693080.427619934,4898.95403300224
7393,06,037,Los Angeles County,501803,06037501803,5018.03,Census Tract 5018.03,592458,0,Disadvantaged Community,Low,Urban,0,Yes,"Yes, eligible","No, ineligible",592456.422477722,3390.3163821759
7394,06,037,Los Angeles County,501804,06037501804,5018.04,Census Tract 5018.04,532320,0,Disadvantaged Community,Low,Urban,0,Yes,"Yes, eligible","No, ineligible",532318.590019226,3399.62221525519
7399,06,037,Los Angeles County,502003,06037502003,5020.03,Census Tract 5020.03,643593,0,Disadvantaged Community,Low,Urban,0,Yes,"Yes, eligible","No, ineligible",643590.857429504,3253.89080473612
7400,06,037,Los Angeles County,502004,06037502004,5020.04,Census Tract 5020.04,1334191,0,Disadvantaged Community,Low,Urban,0,Yes,"Yes, eligible","No, ineligible",1334188.16562653,5364.04669241754
7401,06,037,Los Angeles County,502005,06037502005,5020.05,Census Tract 5020.05,1055899,0,Disadvantaged Community,Low,Urban,0,Yes,"Yes, eligible","No, ineligible",1055898.19377136,4979.0006323724
7402,06,037,Los Angeles County,404201,06037404201,4042.01,Census Tract 4042.01,927530,0,Disadvantaged Community,Low,Urban,28.4171639670361,Yes,"Yes, eligible","No, ineligible",927530.663719177,4112.05315131142
7406,06,037,Los Angeles County,405302,06037405302,4053.02,Census Tract 4053.02,1797003,0,Disadvantaged Community,Low,Urban,0,Yes,"Yes, eligible","No, ineligible",1797006.65687561,6683.19963670806
7408,06,019,Fresno County,005204,06019005204,52.04,Census Tract 52.04,1303842,0,Disadvantaged Community,Low,Urban,0,Yes,"Yes, eligible","No, ineligible",1303844.57679963,4840.52177595784
7409,06,019,Fresno County,004802,06019004802,48.02,Census Tract 48.02,1454397,0,Disadvantaged Community,Low,Urban,0,Yes,"Yes, eligible","No, ineligible",1454398.30766928,5689.28010512517
7410,06,019,Fresno County,003702,06019003702,37.02,Census Tract 37.02,1463899,0,Disadvantaged Community,Low,Urban,0,Yes,"Yes, eligible","No, ineligible",1463900.55024707,5526.93767461419
7411,06,019,Fresno County,003807,06019003807,38.07,Census Tract 38.07,4524363,0,Disadvantaged Community,Low,Urban,0,Yes,"Yes, eligible","No, ineligible",4524362.91153443,8878.81723105675
7412,06,019,Fresno County,003809,06019003809,38.09,Census Tract 38.09,2786411,0,Disadvantaged Community,Low,Urban,0,Yes,"Yes, eligible","No, ineligible",2786411.44414616,7099.76933344308
7417,06,037,Los Angeles County,117101,06037117101,1171.01,Census Tract 1171.01,771814,7676,Disadvantaged Community,Low,Urban,0,Yes,"Yes, eligible","No, ineligible",779490.338581085,3566.44238582729
7418,06,037,Los Angeles County,117201,06037117201,1172.01,Census Tract 1172.01,791647,0,Disadvantaged Community,Low,Urban,19.2641109612791,Yes,"Yes, eligible","No, ineligible",791647.242599487,4171.63180825004
7419,06,037,Los Angeles County,117407,06037117407,1174.07,Census Tract 1174.07,198334,0,Disadvantaged Community,Low,Urban,0,Yes,"Yes, eligible","No, ineligible",198333.649723053,1796.441285576
7420,06,037,Los Angeles County,117408,06037117408,1174.08,Census Tract 1174.08,376512,0,Disadvantaged Community,Low,Urban,162.707452001302,Yes,"No, ineligible","No, ineligible",376511.807189941,2513.86734814182
7421,06,037,Los Angeles County,119342,06037119342,1193.42,Census Tract 1193.42,219079,0,Disadvantaged Community,Low,Urban,0,Yes,"Yes, eligible","No, ineligible",219079.399711609,1860.77598462928
7422,06,037,Los Angeles County,120103,06037120103,1201.03,Census Tract 1201.03,138471,0,Disadvantaged Community,Low,Urban,28.9687137891078,Yes,"Yes, eligible","No, ineligible",138471.207134247,1718.07890992242
7426,06,037,Los Angeles County,402406,06037402406,4024.06,Census Tract 4024.06,1167577,0,Disadvantaged Community,Low,Urban,0,Yes,"Yes, eligible","No, ineligible",1167573.09797668,4379.97720270306
7427,06,047,Merced County,000301,06047000301,3.01,Census Tract 3.01,26007136,23715,Disadvantaged Community,Low,Rural,0,Yes,"No, ineligible","Yes, rural, eligible",26030849.7974677,25193.6494106224
7428,06,077,San Joaquin County,005129,06077005129,51.29,Census Tract 51.29,1185771,0,Disadvantaged Community,Low,Urban,320.046552225778,Yes,"No, ineligible","No, ineligible",1185767.72242856,4857.34939434188
7430,06,077,San Joaquin County,002201,06077002201,22.01,Census Tract 22.01,2205702,0,Disadvantaged Community,Low,Urban,0,Yes,"Yes, eligible","No, ineligible",2205701.6743952,8093.20555023799
7431,06,077,San Joaquin County,002202,06077002202,22.02,Census Tract 22.02,2230857,0,Disadvantaged Community,Low,Urban,0,Yes,"Yes, eligible","No, ineligible",2230858.90554649,7993.0855478827
7439,06,047,Merced County,000505,06047000505,5.05,Census Tract 5.05,45531609,0,Disadvantaged Community,Low,Rural,0,Yes,"No, ineligible","Yes, rural, eligible",45531610.1834724,39281.6457420858
7440,06,047,Merced County,001002,06047001002,10.02,Census Tract 10.02,17224119,13591,Disadvantaged Community,Middle,Urban,25.1556505880133,Yes,"Yes, eligible","No, ineligible",17237704.5391431,19094.7829244551
7441,06,047,Merced County,000901,06047000901,9.01,Census Tract 9.01,762157969,5414063,Disadvantaged Community,Low,Rural,0,Yes,"No, ineligible","Yes, rural, eligible",767572075.579966,158755.912525937
7442,06,047,Merced County,000503,06047000503,5.03,Census Tract 5.03,117542971,399640,Disadvantaged Community,Low,Urban,0,Yes,"Yes, eligible","No, ineligible",117942615.433075,61233.0959265163
7443,06,047,Merced County,000303,06047000303,3.03,Census Tract 3.03,113229598,229036,Disadvantaged Community,Middle,Rural,0,Yes,"No, ineligible","Yes, rural, eligible",113458643.011054,54614.3538485434
7444,06,047,Merced County,001502,06047001502,15.02,Census Tract 15.02,834701,0,Disadvantaged Community,Low,Urban,0,Yes,"Yes, eligible","No, ineligible",834702.907797813,4157.10748237387
7445,06,077,San Joaquin County,003407,06077003407,34.07,Census Tract 34.07,1450257,0,Disadvantaged Community,Low,Urban,74.8783227255709,Yes,"Yes, eligible","No, ineligible",1450255.02364462,7738.8239692976
7446,06,071,San Bernardino County,000826,06071000826,8.26,Census Tract 8.26,1699039,0,Disadvantaged Community,Middle,Urban,0,Yes,"Yes, eligible","No, ineligible",1699041.11650085,5463.86849739424
7447,06,071,San Bernardino County,000824,06071000824,8.24,Census Tract 8.24,1442086,0,Disadvantaged Community,Low,Urban,0,Yes,"Yes, eligible","No, ineligible",1442087.180336,5960.66904974273
7449,06,071,San Bernardino County,000904,06071000904,9.04,Census Tract 9.04,1157833,0,Disadvantaged Community,Low,Urban,0,Yes,"Yes, eligible","No, ineligible",1157833.06118774,4929.50355691639
7450,06,071,San Bernardino County,001104,06071001104,11.04,Census Tract 11.04,1792399,0,Disadvantaged Community,Middle,Urban,0,Yes,"Yes, eligible","No, ineligible",1792399.92764282,5866.02734748053
7451,06,071,San Bernardino County,000823,06071000823,8.23,Census Tract 8.23,1898550,0,Disadvantaged Community,Low,Urban,0,Yes,"Yes, eligible","No, ineligible",1898548.87345886,6129.02265609293
7453,06,037,Los Angeles County,115404,06037115404,1154.04,Census Tract 1154.04,946597,6707,Disadvantaged Community,Low,Urban,178.571428571429,Yes,"No, ineligible","No, ineligible",953303.140781403,3966.28364142607
7455,06,037,Los Angeles County,119001,06037119001,1190.01,Census Tract 1190.01,1016688,56537,Disadvantaged Community,Low,Urban,0,Yes,"Yes, eligible","No, ineligible",1073225.33181,4256.66180139211
7456,06,037,Los Angeles County,119002,06037119002,1190.02,Census Tract 1190.02,1684825,16416,Disadvantaged Community,Low,Urban,0,Yes,"Yes, eligible","No, ineligible",1701237.8885994,6585.60118711299
7457,06,037,Los Angeles County,119202,06037119202,1192.02,Census Tract 1192.02,959100,10578,Disadvantaged Community,Low,Urban,0,Yes,"Yes, eligible","No, ineligible",969678.82995224,5140.67133515678
7458,06,037,Los Angeles County,121801,06037121801,1218.01,Census Tract 1218.01,485688,0,Disadvantaged Community,Low,Urban,0,Yes,"Yes, eligible","No, ineligible",485685.599594116,3218.86979494342
7459,06,037,Los Angeles County,121802,06037121802,1218.02,Census Tract 1218.02,950695,0,Disadvantaged Community,Low,Urban,0,Yes,"Yes, eligible","No, ineligible",950696.498092651,4545.93018737318
7460,06,037,Los Angeles County,123901,06037123901,1239.01,Census Tract 1239.01,1291196,0,Disadvantaged Community,Low,Urban,1490.63032367973,Yes,"No, ineligible","No, ineligible",1291197.85784912,4581.38534799525
7463,06,037,Los Angeles County,533002,06037533002,5330.02,Census Tract 5330.02,485248,0,Disadvantaged Community,Low,Urban,0,Yes,"Yes, eligible","No, ineligible",485248.928062439,2823.55704887446
7464,06,037,Los Angeles County,536103,06037536103,5361.03,Census Tract 5361.03,1180316,0,Disadvantaged Community,Low,Urban,0,Yes,"Yes, eligible","No, ineligible",1180316.37321472,4969.3805422228
7465,06,037,Los Angeles County,543322,06037543322,5433.22,Census Tract 5433.22,1964091,0,Disadvantaged Community,High,Urban,0,Yes,"Yes, eligible","No, ineligible",1964091.69441223,5588.67104146489
7466,06,037,Los Angeles County,543400,06037543400,5434,Census Tract 5434,2923903,180426,Disadvantaged Community,Low,Urban,107.209863307424,Yes,"No, ineligible","No, ineligible",3104333.03556061,8249.86426040325
7467,06,037,Los Angeles County,543501,06037543501,5435.01,Census Tract 5435.01,2660821,6246,Disadvantaged Community,Low,Urban,0,Yes,"Yes, eligible","No, ineligible",2667060.31069183,10568.3391126518
7468,06,037,Los Angeles County,543502,06037543502,5435.02,Census Tract 5435.02,1100784,21187,Disadvantaged Community,Low,Urban,0,Yes,"Yes, eligible","No, ineligible",1121967.0138092,4864.66884509087
7469,06,047,Merced County,002202,06047002202,22.02,Census Tract 22.02,12600612,0,Disadvantaged Community,Low,Rural Center,0,Yes,"No, ineligible","Yes, rural center, eligible",12600609.7022152,14375.9588815518
7473,06,071,San Bernardino County,007110,06071007110,71.10,Census Tract 71.10,2480848,0,Disadvantaged Community,Middle,Urban,177.025963808025,Yes,"No, ineligible","No, ineligible",2480851.22863007,6524.64032989831
7477,06,037,Los Angeles County,502801,06037502801,5028.01,Census Tract 5028.01,2223659,0,Disadvantaged Community,Low,Urban,0,Yes,"Yes, eligible","No, ineligible",2223665.39838409,6024.79934009923
7478,06,037,Los Angeles County,503103,06037503103,5031.03,Census Tract 5031.03,1085703,3536,Disadvantaged Community,Low,Urban,0,Yes,"Yes, eligible","No, ineligible",1089240.3170929,4721.39528728408
7479,06,037,Los Angeles County,503105,06037503105,5031.05,Census Tract 5031.05,1097315,13269,Disadvantaged Community,Low,Urban,0,Yes,"Yes, eligible","No, ineligible",1110580.49993134,5118.79279708158
7481,06,037,Los Angeles County,301801,06037301801,3018.01,Census Tract 3018.01,712358,10923,Disadvantaged Community,Low,Urban,171.167744389502,Yes,"No, ineligible","No, ineligible",723279.291221619,3395.66159074186
7482,06,037,Los Angeles County,301802,06037301802,3018.02,Census Tract 3018.02,479027,0,Disadvantaged Community,Low,Urban,177.147918511957,Yes,"No, ineligible","No, ineligible",479026.802646637,2880.53893503196
7483,06,037,Los Angeles County,302004,06037302004,3020.04,Census Tract 3020.04,339801,0,Disadvantaged Community,Low,Urban,0,Yes,"Yes, eligible","No, ineligible",339800.293151855,2352.14931528279
7484,06,037,Los Angeles County,302401,06037302401,3024.01,Census Tract 3024.01,1371142,0,Disadvantaged Community,Low,Urban,311.020960108181,Yes,"No, ineligible","No, ineligible",1371138.31489182,5486.95084029885
7485,06,037,Los Angeles County,302503,06037302503,3025.03,Census Tract 3025.03,326627,0,Disadvantaged Community,Low,Urban,0,Yes,"Yes, eligible","No, ineligible",326625.8204422,3037.46106332241
7486,06,037,Los Angeles County,302504,06037302504,3025.04,Census Tract 3025.04,377187,0,Disadvantaged Community,Low,Urban,0,Yes,"Yes, eligible","No, ineligible",377186.113578796,3490.46291451558
7487,06,037,Los Angeles County,120104,06037120104,1201.04,Census Tract 1201.04,453888,0,Disadvantaged Community,Low,Urban,0,Yes,"Yes, eligible","No, ineligible",453888.253501892,3101.85235974397
7488,06,037,Los Angeles County,120107,06037120107,1201.07,Census Tract 1201.07,202442,4839,Disadvantaged Community,Low,Urban,25.6871307474955,Yes,"Yes, eligible","No, ineligible",207280.604297638,1851.7454407327
7489,06,037,Los Angeles County,120108,06037120108,1201.08,Census Tract 1201.08,376444,10489,Disadvantaged Community,Low,Urban,0,Yes,"Yes, eligible","No, ineligible",386933.917678833,2575.63144214295
7491,06,047,Merced County,001901,06047001901,19.01,Census Tract 19.01,263303397,2049455,Disadvantaged Community,Low,Rural,36.2515860068878,Yes,"No, ineligible","Yes, rural, eligible",265352864.070395,78496.1157800494
7492,06,047,Merced County,002000,06047002000,20,Census Tract 20,584110889,22314730,Disadvantaged Community,Middle,Rural,0,Yes,"No, ineligible","Yes, rural, eligible",606425666.776299,155601.45086041
7493,06,047,Merced County,001902,06047001902,19.02,Census Tract 19.02,291521987,0,Disadvantaged Community,Low,Rural,0,Yes,"No, ineligible","Yes, rural, eligible",291522007.884325,85589.7837104765
7494,06,047,Merced County,000601,06047000601,6.01,Census Tract 6.01,4150736,0,Disadvantaged Community,Low,Urban,0,Yes,"Yes, eligible","No, ineligible",4150737.45797944,10821.6294275291
7495,06,047,Merced County,001503,06047001503,15.03,Census Tract 15.03,1246394,0,Disadvantaged Community,Low,Urban,0,Yes,"Yes, eligible","No, ineligible",1246395.41848183,4636.01120325048
7496,06,047,Merced County,000304,06047000304,3.04,Census Tract 3.04,7172503,0,Disadvantaged Community,Low,Rural Center,0,Yes,"No, ineligible","Yes, rural center, eligible",7172503.20458937,12297.4417700093
7504,06,037,Los Angeles County,121101,06037121101,1211.01,Census Tract 1211.01,472252,0,Disadvantaged Community,Low,Urban,34.9406009783368,Yes,"Yes, eligible","No, ineligible",472250.988170624,3271.26858605547
7505,06,037,Los Angeles County,121221,06037121221,1212.21,Census Tract 1212.21,504267,0,Disadvantaged Community,Low,Urban,0,Yes,"Yes, eligible","No, ineligible",504266.431365967,3369.24230190002
7506,06,037,Los Angeles County,121222,06037121222,1212.22,Census Tract 1212.22,1334916,0,Disadvantaged Community,Low,Urban,0,Yes,"Yes, eligible","No, ineligible",1334914.73555374,5550.55225764921
7507,06,037,Los Angeles County,124103,06037124103,1241.03,Census Tract 1241.03,323950,0,Disadvantaged Community,Low,Urban,51.2820512820513,Yes,"Yes, eligible","No, ineligible",323951.487068176,2414.55630835306
7508,06,037,Los Angeles County,124105,06037124105,1241.05,Census Tract 1241.05,324531,0,Disadvantaged Community,Low,Urban,39.4011032308905,Yes,"Yes, eligible","No, ineligible",324531.064025879,2416.71079465984
7509,06,037,Los Angeles County,124203,06037124203,1242.03,Census Tract 1242.03,324261,0,Disadvantaged Community,Low,Urban,0,Yes,"Yes, eligible","No, ineligible",324259.405391693,2416.1212818342
7511,06,037,Los Angeles County,127604,06037127604,1276.04,Census Tract 1276.04,434538,0,Disadvantaged Community,Low,Urban,31.675641431739,Yes,"Yes, eligible","No, ineligible",434539.730308533,3009.80953701197
7512,06,037,Los Angeles County,127606,06037127606,1276.06,Census Tract 1276.06,543716,0,Disadvantaged Community,Low,Urban,0,Yes,"Yes, eligible","No, ineligible",543714.953468323,2966.67746461987
7513,06,037,Los Angeles County,127712,06037127712,1277.12,Census Tract 1277.12,570007,0,Disadvantaged Community,Low,Urban,56.1797752808989,Yes,"Yes, eligible","No, ineligible",570008.023807526,2994.59421319339
7514,06,037,Los Angeles County,131701,06037131701,1317.01,Census Tract 1317.01,659667,0,Disadvantaged Community,Low,Urban,0,Yes,"Yes, eligible","No, ineligible",659667.674922943,3248.82931114805
7515,06,037,Los Angeles County,134521,06037134521,1345.21,Census Tract 1345.21,351786,0,Disadvantaged Community,Low,Urban,54.1858574911948,Yes,"Yes, eligible","No, ineligible",351786.124198914,2495.5201365537
7523,06,037,Los Angeles County,571600,06037571600,5716,Census Tract 5716,288944,0,Disadvantaged Community,Low,Urban,0,Yes,"Yes, eligible","No, ineligible",288945.671134949,2959.55563555823
7524,06,037,Los Angeles County,571701,06037571701,5717.01,Census Tract 5717.01,1704375,194867,Disadvantaged Community,Low,Urban,16.0076836881703,Yes,"Yes, eligible","No, ineligible",1899245.01742554,7469.77581545225
7526,06,071,San Bernardino County,001002,06071001002,10.02,Census Tract 10.02,1203157,0,Disadvantaged Community,Low,Urban,0,Yes,"Yes, eligible","No, ineligible",1203159.90779877,4407.17333182843
7527,06,071,San Bernardino County,000208,06071000208,2.08,Census Tract 2.08,1300365,0,Disadvantaged Community,Middle,Urban,0,Yes,"Yes, eligible","No, ineligible",1300366.58836365,4838.31005005521
7528,06,071,San Bernardino County,000205,06071000205,2.05,Census Tract 2.05,1621774,0,Disadvantaged Community,Middle,Urban,36.7039823820885,Yes,"Yes, eligible","No, ineligible",1621770.02030182,5052.75677741634
7529,06,071,San Bernardino County,001001,06071001001,10.01,Census Tract 10.01,1445447,0,Disadvantaged Community,Low,Urban,0,Yes,"Yes, eligible","No, ineligible",1445445.82386017,4901.55277167055
7530,06,071,San Bernardino County,000207,06071000207,2.07,Census Tract 2.07,1257678,0,Disadvantaged Community,Middle,Urban,0,Yes,"Yes, eligible","No, ineligible",1257676.95128632,4763.13715471275
7531,06,071,San Bernardino County,001504,06071001504,15.04,Census Tract 15.04,1283698,0,Disadvantaged Community,Low,Urban,0,Yes,"Yes, eligible","No, ineligible",1283699.69615936,4813.63179951005
7532,06,037,Los Angeles County,408138,06037408138,4081.38,Census Tract 4081.38,885783,0,Disadvantaged Community,Low,Urban,0,Yes,"Yes, eligible","No, ineligible",885781.498725891,4841.61606688748
7533,06,037,Los Angeles County,408139,06037408139,4081.39,Census Tract 4081.39,785108,0,Disadvantaged Community,Low,Urban,0,Yes,"Yes, eligible","No, ineligible",785106.970916748,3982.34282784092
7534,06,037,Los Angeles County,408630,06037408630,4086.30,Census Tract 4086.30,678480,0,Disadvantaged Community,Low,Urban,0,Yes,"Yes, eligible","No, ineligible",678482.247070312,3852.24200359822
7548,06,047,Merced County,002302,06047002302,23.02,Census Tract 23.02,34611401,1298156,Disadvantaged Community,Middle,Rural Center,37.6175548589342,Yes,"No, ineligible","Yes, rural center, eligible",35909569.2076516,27346.1321990692
7549,06,029,Kern County,004401,06029004401,44.01,Census Tract 44.01,3079850,0,Disadvantaged Community,Low,Rural Center,0,Yes,"No, ineligible","Yes, rural center, eligible",3079853.75893974,8455.44539543375
7550,06,071,San Bernardino County,007109,06071007109,71.09,Census Tract 71.09,2622468,0,Disadvantaged Community,Low,Urban,30.252609287551,Yes,"Yes, eligible","No, ineligible",2622466.59658051,8212.23533700664
7551,06,071,San Bernardino County,006204,06071006204,62.04,Census Tract 62.04,1129808,0,Disadvantaged Community,Low,Urban,0,Yes,"Yes, eligible","No, ineligible",1129807.34546661,4598.14170838792
7552,06,071,San Bernardino County,006203,06071006203,62.03,Census Tract 62.03,1294481,0,Disadvantaged Community,Low,Urban,0,Yes,"Yes, eligible","No, ineligible",1294479.15841675,5070.71750463978
7553,06,071,San Bernardino County,006601,06071006601,66.01,Census Tract 66.01,2069668,0,Disadvantaged Community,Low,Urban,0,Yes,"Yes, eligible","No, ineligible",2069669.04902649,6052.1459659573
7560,06,037,Los Angeles County,542104,06037542104,5421.04,Census Tract 5421.04,580637,0,Disadvantaged Community,Low,Urban,0,Yes,"Yes, eligible","No, ineligible",580634.428939819,3369.63997010824
7561,06,037,Los Angeles County,433102,06037433102,4331.02,Census Tract 4331.02,658412,0,Disadvantaged Community,Low,Urban,0,Yes,"Yes, eligible","No, ineligible",658414.272254944,3754.49066195767
7562,06,037,Los Angeles County,552301,06037552301,5523.01,Census Tract 5523.01,1249186,0,Disadvantaged Community,Low,Urban,66.9344042838019,Yes,"Yes, eligible","No, ineligible",1249183.45465851,5298.08739502531
7570,06,037,Los Angeles County,573004,06037573004,5730.04,Census Tract 5730.04,410913,0,Disadvantaged Community,Low,Urban,0,Yes,"Yes, eligible","No, ineligible",410913.462425232,2633.60162430011
7573,06,037,Los Angeles County,206032,06037206032,2060.32,Census Tract 2060.32,959084,24034,Disadvantaged Community,Low,Urban,17.5839634253561,Yes,"Yes, eligible","No, ineligible",983122.345207214,4166.80911214313
7574,06,037,Los Angeles County,208302,06037208302,2083.02,Census Tract 2083.02,439970,0,Disadvantaged Community,Low,Urban,75.9157335357753,Yes,"Yes, eligible","No, ineligible",439968.032295227,3003.21221797411
7575,06,037,Los Angeles County,208401,06037208401,2084.01,Census Tract 2084.01,229680,0,Disadvantaged Community,Low,Urban,0,Yes,"Yes, eligible","No, ineligible",229675.799156189,1916.6477442598
7576,06,037,Los Angeles County,208402,06037208402,2084.02,Census Tract 2084.02,340750,0,Disadvantaged Community,Low,Urban,276.243093922652,Yes,"No, ineligible","No, ineligible",340749.018829346,2627.94326626904
7577,06,037,Los Angeles County,208502,06037208502,2085.02,Census Tract 2085.02,261043,0,Disadvantaged Community,Low,Urban,0,Yes,"Yes, eligible","No, ineligible",261043.285171509,2066.25738006519
7578,06,037,Los Angeles County,208801,06037208801,2088.01,Census Tract 2088.01,234245,34211,Disadvantaged Community,Low,Urban,198.216055500496,Yes,"No, ineligible","No, ineligible",268455.571723938,2378.16883942574
7579,06,037,Los Angeles County,209103,06037209103,2091.03,Census Tract 2091.03,124015,0,Disadvantaged Community,Low,Urban,0,Yes,"Yes, eligible","No, ineligible",124016.21232605,1430.70629848086
7580,06,037,Los Angeles County,209104,06037209104,2091.04,Census Tract 2091.04,69958,0,Disadvantaged Community,Low,Urban,0,Yes,"Yes, eligible","No, ineligible",69957.8973846436,1170.80437704167
7583,06,037,Los Angeles County,310501,06037310501,3105.01,Census Tract 3105.01,1965651,0,Disadvantaged Community,Low,Urban,639.449090014757,Yes,"No, ineligible","No, ineligible",1965651.43751526,7608.29148348739
7584,06,037,Los Angeles County,310601,06037310601,3106.01,Census Tract 3106.01,1027668,0,Disadvantaged Community,Low,Urban,125.332915556948,Yes,"No, ineligible","No, ineligible",1027667.06733704,5734.24096324691
7585,06,037,Los Angeles County,533803,06037533803,5338.03,Census Tract 5338.03,783172,0,Disadvantaged Community,Low,Urban,0,Yes,"Yes, eligible","No, ineligible",783171.149131775,4697.13524250243
7586,06,037,Los Angeles County,533804,06037533804,5338.04,Census Tract 5338.04,510302,0,Disadvantaged Community,Low,Urban,0,Yes,"Yes, eligible","No, ineligible",510303.752601624,3393.28805701712
7587,06,037,Los Angeles County,533901,06037533901,5339.01,Census Tract 5339.01,762871,0,Disadvantaged Community,Low,Urban,0,Yes,"Yes, eligible","No, ineligible",762874.717170715,4783.47253382638
7588,06,115,Yuba County,040302,06115040302,403.02,Census Tract 403.02,2847685,53189,Disadvantaged Community,Low,Urban,0,Yes,"Yes, eligible","No, ineligible",2900872.60527229,10804.9108525802
7595,06,037,Los Angeles County,320201,06037320201,3202.01,Census Tract 3202.01,918376,0,Disadvantaged Community,Low,Urban,0,Yes,"Yes, eligible","No, ineligible",918379.973262787,5014.58629214106
7596,06,037,Los Angeles County,320202,06037320202,3202.02,Census Tract 3202.02,1615102,0,Disadvantaged Community,Low,Urban,65.0300764103398,Yes,"Yes, eligible","No, ineligible",1615099.08877945,5644.79791868871
7597,06,037,Los Angeles County,120105,06037120105,1201.05,Census Tract 1201.05,550918,0,Disadvantaged Community,Low,Urban,35.3107344632768,Yes,"Yes, eligible","No, ineligible",550919.511497498,4803.36054676435
7599,06,037,Los Angeles County,543905,06037543905,5439.05,Census Tract 5439.05,2742579,1393,Disadvantaged Community,Low,Urban,0,Yes,"Yes, eligible","No, ineligible",2743968.45870972,7393.21278769354
7600,06,037,Los Angeles County,544001,06037544001,5440.01,Census Tract 5440.01,1851104,18703,Disadvantaged Community,Low,Urban,0,Yes,"Yes, eligible","No, ineligible",1869804.9892807,5963.01246424262
7601,06,037,Los Angeles County,544002,06037544002,5440.02,Census Tract 5440.02,1603872,0,Disadvantaged Community,Low,Urban,125.509883903357,Yes,"No, ineligible","No, ineligible",1603871.56034851,6152.15129119392
7602,06,037,Los Angeles County,550201,06037550201,5502.01,Census Tract 5502.01,533403,0,Disadvantaged Community,Low,Urban,0,Yes,"Yes, eligible","No, ineligible",533402.592842102,3628.58135902549
7603,06,037,Los Angeles County,533902,06037533902,5339.02,Census Tract 5339.02,761152,0,Disadvantaged Community,Low,Urban,0,Yes,"Yes, eligible","No, ineligible",761148.774665833,4420.1346551682
7604,06,037,Los Angeles County,534001,06037534001,5340.01,Census Tract 5340.01,784919,0,Disadvantaged Community,Low,Urban,0,Yes,"Yes, eligible","No, ineligible",784919.928520203,4098.59931975277
7607,06,067,Sacramento County,009201,06067009201,92.01,Census Tract 92.01,56006119,11789,Disadvantaged Community,Low,Urban,77.65482430596,Yes,"Yes, eligible","No, ineligible",56017900.8730512,38851.4489323374
7614,06,067,Sacramento County,003204,06067003204,32.04,Census Tract 32.04,1599411,0,Disadvantaged Community,Low,Urban,0,Yes,"Yes, eligible","No, ineligible",1599410.40713024,5199.77101691311
7619,06,037,Los Angeles County,550202,06037550202,5502.02,Census Tract 5502.02,1260097,0,Disadvantaged Community,Low,Urban,0,Yes,"Yes, eligible","No, ineligible",1260097.51353455,5087.20970810464
7625,06,037,Los Angeles County,980025,06037980025,9800.25,Census Tract 9800.25,2954487,13050,Disadvantaged Community,NA,Urban,,Yes,"No, ineligible","No, ineligible",2967537.41516113,9188.17420025991
7626,06,019,Fresno County,000300,06019000300,3,Census Tract 3,1887566,0,Disadvantaged Community,Low,Urban,331.360946745562,Yes,"No, ineligible","No, ineligible",1887564.23867083,6161.69220710118
7627,06,071,San Bernardino County,001312,06071001312,13.12,Census Tract 13.12,2634307,66913,Disadvantaged Community,Middle,Urban,0,Yes,"Yes, eligible","No, ineligible",2701222.82834625,7866.67315595761
7628,06,071,San Bernardino County,002206,06071002206,22.06,Census Tract 22.06,1984320,22016,Disadvantaged Community,Middle,Urban,0,Yes,"Yes, eligible","No, ineligible",2006339.70497894,5597.79415630746
7629,06,071,San Bernardino County,000604,06071000604,6.04,Census Tract 6.04,2267250,0,Disadvantaged Community,Middle,Urban,0,Yes,"Yes, eligible","No, ineligible",2267253.49202728,7245.47053313117
7637,06,037,Los Angeles County,211201,06037211201,2112.01,Census Tract 2112.01,139369,0,Disadvantaged Community,Low,Urban,0,Yes,"Yes, eligible","No, ineligible",139368.316020966,1498.35677020413
7640,06,037,Los Angeles County,543503,06037543503,5435.03,Census Tract 5435.03,1663214,12126,Disadvantaged Community,Low,Urban,158.005617977528,Yes,"No, ineligible","No, ineligible",1675338.92243958,6188.50700237598
7642,06,071,San Bernardino County,007604,06071007604,76.04,Census Tract 76.04,7236261,317225,Disadvantaged Community,Middle,Urban,0,Yes,"Yes, eligible","No, ineligible",7553486.98505402,12377.5957962942
7652,06,037,Los Angeles County,218701,06037218701,2187.01,Census Tract 2187.01,549908,0,Disadvantaged Community,Low,Urban,0,Yes,"Yes, eligible","No, ineligible",549908.122211456,3257.3990573904
7653,06,037,Los Angeles County,218702,06037218702,2187.02,Census Tract 2187.02,359671,0,Disadvantaged Community,Low,Urban,0,Yes,"Yes, eligible","No, ineligible",359670.514518738,3134.86142516744
7654,06,037,Los Angeles County,219902,06037219902,2199.02,Census Tract 2199.02,798150,2669,Disadvantaged Community,Low,Urban,26.2536098713573,Yes,"Yes, eligible","No, ineligible",800816.43252182,4052.54301779127
7655,06,037,Los Angeles County,221304,06037221304,2213.04,Census Tract 2213.04,227251,0,Disadvantaged Community,Low,Urban,0,Yes,"Yes, eligible","No, ineligible",227251.076831818,1922.25029419414
7656,06,037,Los Angeles County,221401,06037221401,2214.01,Census Tract 2214.01,542311,0,Disadvantaged Community,Low,Urban,0,Yes,"Yes, eligible","No, ineligible",542310.164524078,2933.22303958579
7657,06,037,Los Angeles County,122122,06037122122,1221.22,Census Tract 1221.22,1017280,15394,Disadvantaged Community,Low,Urban,36.6568914956012,Yes,"Yes, eligible","No, ineligible",1032676.09272003,4673.17602819259
7658,06,037,Los Angeles County,127805,06037127805,1278.05,Census Tract 1278.05,614498,0,Disadvantaged Community,Low,Urban,27.5709953129308,Yes,"Yes, eligible","No, ineligible",614496.24956131,4024.53521125316
7663,06,037,Los Angeles County,543604,06037543604,5436.04,Census Tract 5436.04,2603075,24156,Disadvantaged Community,High,Urban,229.621125143513,Yes,"No, ineligible","No, ineligible",2627229.79425812,6885.08584834203
7665,06,037,Los Angeles County,543801,06037543801,5438.01,Census Tract 5438.01,2162306,41547,Disadvantaged Community,Low,Urban,77.5344058926149,Yes,"Yes, eligible","No, ineligible",2203852.73841095,6849.05946522017
7667,06,065,Riverside County,040101,06065040101,401.01,Census Tract 401.01,12680371,340882,Disadvantaged Community,Middle,Urban,220.167327168648,Yes,"No, ineligible","No, ineligible",13021254.4020233,15226.1065350728
7668,06,025,Imperial County,012002,06025012002,120.02,Census Tract 120.02,4903395,0,Disadvantaged Community,Middle,Rural Center,0,Yes,"No, ineligible","Yes, rural center, eligible",4903398.09082031,9793.71908605664
7669,06,037,Los Angeles County,186301,06037186301,1863.01,Census Tract 1863.01,1162538,0,Disadvantaged Community,Low,Urban,0,Yes,"Yes, eligible","No, ineligible",1162538.14266968,5463.07596547001
7670,06,037,Los Angeles County,206031,06037206031,2060.31,Census Tract 2060.31,4592037,138115,Disadvantaged Community,High,Urban,1888.1626724764,Yes,"No, ineligible","No, ineligible",4730157.66577911,11282.9106883464
7671,06,037,Los Angeles County,531503,06037531503,5315.03,Census Tract 5315.03,1162716,0,Disadvantaged Community,Low,Urban,0,Yes,"Yes, eligible","No, ineligible",1162717.11956024,4424.64088925589
7672,06,037,Los Angeles County,531504,06037531504,5315.04,Census Tract 5315.04,502788,0,Disadvantaged Community,Low,Urban,0,Yes,"Yes, eligible","No, ineligible",502787.732727051,3269.44957296804
7674,06,037,Los Angeles County,551101,06037551101,5511.01,Census Tract 5511.01,1686391,0,Disadvantaged Community,Low,Urban,1261.35216952573,Yes,"No, ineligible","No, ineligible",1686391.74243164,6713.94815390769
7675,06,037,Los Angeles County,551102,06037551102,5511.02,Census Tract 5511.02,1641502,43620,Disadvantaged Community,Low,Urban,92.1319329279528,Yes,"Yes, eligible","No, ineligible",1685125.22280884,6288.46259257718
7678,06,071,San Bernardino County,000403,06071000403,4.03,Census Tract 4.03,3422931,0,Disadvantaged Community,Middle,Urban,0,Yes,"Yes, eligible","No, ineligible",3422930.26668549,8033.0770165801
7682,06,037,Los Angeles County,552001,06037552001,5520.01,Census Tract 5520.01,802787,0,Disadvantaged Community,Low,Urban,0,Yes,"Yes, eligible","No, ineligible",802787.113929749,3773.42568181502
7683,06,037,Los Angeles County,552002,06037552002,5520.02,Census Tract 5520.02,706344,283,Disadvantaged Community,Low,Urban,0,Yes,"Yes, eligible","No, ineligible",706629.904396057,3526.89939157349
7689,06,037,Los Angeles County,572201,06037572201,5722.01,Census Tract 5722.01,1533448,20731,Disadvantaged Community,Low,Urban,0,Yes,"Yes, eligible","No, ineligible",1554181.21355438,5626.37325897818
7691,06,037,Los Angeles County,572301,06037572301,5723.01,Census Tract 5723.01,816036,0,Disadvantaged Community,Low,Urban,0,Yes,"Yes, eligible","No, ineligible",816039.619789124,5883.38533521469
7692,06,037,Los Angeles County,572302,06037572302,5723.02,Census Tract 5723.02,703569,46680,Disadvantaged Community,Low,Urban,0,Yes,"Yes, eligible","No, ineligible",750249.167221069,3467.43256370788
7693,06,037,Los Angeles County,572600,06037572600,5726,Census Tract 5726,1223342,49301,Disadvantaged Community,Low,Urban,0,Yes,"Yes, eligible","No, ineligible",1272644.15985107,4795.26489327452
7694,06,037,Los Angeles County,572700,06037572700,5727,Census Tract 5727,1002316,72082,Disadvantaged Community,Low,Urban,0,Yes,"Yes, eligible","No, ineligible",1074394.54188538,4272.50366905155
7695,06,037,Los Angeles County,572800,06037572800,5728,Census Tract 5728,1074786,0,Disadvantaged Community,Low,Urban,304.259634888438,Yes,"No, ineligible","No, ineligible",1074786.06311035,5060.36196301499
7696,06,037,Los Angeles County,572900,06037572900,5729,Census Tract 5729,697747,74411,Disadvantaged Community,Low,Urban,0,Yes,"Yes, eligible","No, ineligible",772156.952194214,3635.87048039308
7697,06,037,Los Angeles County,573100,06037573100,5731,Census Tract 5731,1139973,52679,Disadvantaged Community,Low,Urban,0,Yes,"Yes, eligible","No, ineligible",1192652.37817383,4566.37635284445
7698,06,037,Los Angeles County,573201,06037573201,5732.01,Census Tract 5732.01,601726,0,Disadvantaged Community,Low,Urban,0,Yes,"Yes, eligible","No, ineligible",601727.625228882,3158.2882440169
7699,06,037,Los Angeles County,573300,06037573300,5733,Census Tract 5733,786715,0,Disadvantaged Community,Low,Urban,0,Yes,"Yes, eligible","No, ineligible",786714.075340271,4039.15516452442
7701,06,071,San Bernardino County,000606,06071000606,6.06,Census Tract 6.06,970274,0,Disadvantaged Community,Middle,Urban,0,Yes,"Yes, eligible","No, ineligible",970273.310844421,4022.71556407425
7703,06,071,San Bernardino County,000603,06071000603,6.03,Census Tract 6.03,2253129,0,Disadvantaged Community,Middle,Urban,36.3108206245461,Yes,"Yes, eligible","No, ineligible",2253129.28315735,7148.27772236896
7707,06,037,Los Angeles County,980010,06037980010,9800.10,Census Tract 9800.10,3757604,76091,Disadvantaged Community,Low,Urban,4210.52631578947,Yes,"No, ineligible","No, ineligible",3833698.89091492,11149.9227306814
7708,06,037,Los Angeles County,980013,06037980013,9800.13,Census Tract 9800.13,5308530,0,Disadvantaged Community,NA,Urban,,Yes,"No, ineligible","No, ineligible",5308526.86167145,10446.7387990595
7709,06,037,Los Angeles County,980014,06037980014,9800.14,Census Tract 9800.14,6478839,973261,Disadvantaged Community,Low,Urban,0,Yes,"Yes, eligible","No, ineligible",7452106.1306076,20785.7217298206
7710,06,037,Los Angeles County,222002,06037222002,2220.02,Census Tract 2220.02,655700,0,Disadvantaged Community,Low,Urban,0,Yes,"Yes, eligible","No, ineligible",655699.362884521,3304.61309727357
7711,06,037,Los Angeles County,226001,06037226001,2260.01,Census Tract 2260.01,1034766,0,Disadvantaged Community,Low,Urban,0,Yes,"Yes, eligible","No, ineligible",1034766.07284546,5813.79897349295
7712,06,037,Los Angeles County,226002,06037226002,2260.02,Census Tract 2260.02,2568345,0,Disadvantaged Community,Low,Urban,1538.46153846154,Yes,"No, ineligible","No, ineligible",2568345.64147949,6522.85887146791
7713,06,037,Los Angeles County,221402,06037221402,2214.02,Census Tract 2214.02,532313,0,Disadvantaged Community,Low,Urban,35.0754121360926,Yes,"Yes, eligible","No, ineligible",532314.377075195,3917.72726334259
7720,06,071,San Bernardino County,009905,06071009905,99.05,Census Tract 99.05,9960843,123985,Disadvantaged Community,Low,Urban,0,Yes,"Yes, eligible","No, ineligible",10084833.9045563,14606.9660886351
7723,06,037,Los Angeles County,402303,06037402303,4023.03,Census Tract 4023.03,944282,0,Disadvantaged Community,Low,Urban,0,Yes,"Yes, eligible","No, ineligible",944287.049682617,4160.19500579531
7724,06,037,Los Angeles County,207101,06037207101,2071.01,Census Tract 2071.01,300182,0,Disadvantaged Community,Low,Urban,26.9034167339252,Yes,"Yes, eligible","No, ineligible",300184.5962677,2353.14071447375
7725,06,037,Los Angeles County,207102,06037207102,2071.02,Census Tract 2071.02,415045,0,Disadvantaged Community,Low,Urban,478.468899521531,Yes,"No, ineligible","No, ineligible",415045.188323975,3020.49721947129
7726,06,037,Los Angeles County,207301,06037207301,2073.01,Census Tract 2073.01,430089,0,Disadvantaged Community,Low,Urban,264.711871309306,Yes,"No, ineligible","No, ineligible",430089.712028503,3715.86416831749
7727,06,037,Los Angeles County,207502,06037207502,2075.02,Census Tract 2075.02,418374,0,Disadvantaged Community,Low,Urban,2423.82271468144,Yes,"No, ineligible","No, ineligible",418376.601104736,2790.65350500252
7729,06,037,Los Angeles County,212701,06037212701,2127.01,Census Tract 2127.01,469617,0,Disadvantaged Community,Low,Urban,43.9367311072056,Yes,"Yes, eligible","No, ineligible",469619.205295563,3257.34646728538
7731,06,037,Los Angeles County,533806,06037533806,5338.06,Census Tract 5338.06,949588,280270,Disadvantaged Community,Low,Urban,0,Yes,"Yes, eligible","No, ineligible",1229856.94722748,8769.94710886943
7732,06,037,Los Angeles County,535002,06037535002,5350.02,Census Tract 5350.02,483255,0,Disadvantaged Community,Low,Urban,0,Yes,"Yes, eligible","No, ineligible",483256.589492798,2842.42659385662
7733,06,099,Stanislaus County,002401,06099002401,24.01,Census Tract 24.01,792231,0,Disadvantaged Community,Low,Urban,0,Yes,"Yes, eligible","No, ineligible",792233.39375329,4782.78098360929
7735,06,099,Stanislaus County,003804,06099003804,38.04,Census Tract 38.04,2945169,0,Disadvantaged Community,Low,Urban,26.9650802211137,Yes,"Yes, eligible","No, ineligible",2945168.29427266,7311.61648533965
7741,06,037,Los Angeles County,534002,06037534002,5340.02,Census Tract 5340.02,897694,0,Disadvantaged Community,Low,Urban,0,Yes,"Yes, eligible","No, ineligible",897693.383216858,5141.45608052374
7742,06,037,Los Angeles County,534101,06037534101,5341.01,Census Tract 5341.01,514818,0,Disadvantaged Community,Low,Urban,0,Yes,"Yes, eligible","No, ineligible",514816.039070129,4450.0420133167
7743,06,037,Los Angeles County,534202,06037534202,5342.02,Census Tract 5342.02,583070,0,Disadvantaged Community,Low,Urban,0,Yes,"Yes, eligible","No, ineligible",583066.494598389,3497.36525676817
7747,06,071,San Bernardino County,000203,06071000203,2.03,Census Tract 2.03,1471872,0,Disadvantaged Community,Middle,Urban,45.9875833524948,Yes,"Yes, eligible","No, ineligible",1471870.6812439,5305.61987486665
7752,06,071,San Bernardino County,001707,06071001707,17.07,Census Tract 17.07,1709523,0,Disadvantaged Community,Middle,Urban,91.9540229885057,Yes,"Yes, eligible","No, ineligible",1709524.47413635,5476.67595018728
7753,06,071,San Bernardino County,001706,06071001706,17.06,Census Tract 17.06,1114625,0,Disadvantaged Community,Middle,Urban,31.8319274232055,Yes,"Yes, eligible","No, ineligible",1114626.04159546,4802.49203965707
7757,06,037,Los Angeles County,543802,06037543802,5438.02,Census Tract 5438.02,1355929,0,Disadvantaged Community,Low,Urban,123.494905835134,Yes,"No, ineligible","No, ineligible",1355929.02224731,4987.72635519059
7759,06,071,San Bernardino County,009904,06071009904,99.04,Census Tract 99.04,8248937,0,Disadvantaged Community,Low,Urban,172.685637059839,Yes,"No, ineligible","No, ineligible",8248942.2902298,14195.4242396769
7764,06,065,Riverside County,040405,06065040405,404.05,Census Tract 404.05,5918587,14857,Disadvantaged Community,High,Urban,0,Yes,"Yes, eligible","No, ineligible",5933444.61943817,10711.1516827798
7766,06,071,San Bernardino County,004004,06071004004,40.04,Census Tract 40.04,21297229,975944,Disadvantaged Community,Middle,Urban,0,Yes,"Yes, eligible","No, ineligible",22273174.4559326,23357.772350892
7767,06,071,San Bernardino County,000901,06071000901,9.01,Census Tract 9.01,1826385,0,Disadvantaged Community,Middle,Urban,0,Yes,"Yes, eligible","No, ineligible",1826387.37480164,6001.90721512398
7773,06,071,San Bernardino County,010025,06071010025,100.25,Census Tract 100.25,6887040,0,Disadvantaged Community,Low,Urban,0,Yes,"Yes, eligible","No, ineligible",6887043.21638489,11339.6443616373
7774,06,071,San Bernardino County,009912,06071009912,99.12,Census Tract 99.12,2824747,0,Disadvantaged Community,Low,Urban,126.448893572181,Yes,"No, ineligible","No, ineligible",2824745.29841614,7053.89393853681
7776,06,071,San Bernardino County,001311,06071001311,13.11,Census Tract 13.11,1537807,0,Disadvantaged Community,Middle,Urban,89.5522388059701,Yes,"Yes, eligible","No, ineligible",1537808.66054535,5492.07754249935
7779,06,037,Los Angeles County,573402,06037573402,5734.02,Census Tract 5734.02,2961722,0,Disadvantaged Community,Low,Urban,203.634085213033,Yes,"No, ineligible","No, ineligible",2961718.76347351,10517.8845180159
7788,06,071,San Bernardino County,002110,06071002110,21.10,Census Tract 21.10,12624662,0,Disadvantaged Community,Middle,Urban,241.286863270777,Yes,"No, ineligible","No, ineligible",12624661.1847153,15258.5677419866
7791,06,071,San Bernardino County,001308,06071001308,13.08,Census Tract 13.08,1077531,0,Disadvantaged Community,Low,Urban,0,Yes,"Yes, eligible","No, ineligible",1077527.31587982,4793.89974937573
7792,06,071,San Bernardino County,001309,06071001309,13.09,Census Tract 13.09,1302383,0,Disadvantaged Community,Middle,Urban,0,Yes,"Yes, eligible","No, ineligible",1302381.15013123,5780.12629570106
7794,06,071,San Bernardino County,007603,06071007603,76.03,Census Tract 76.03,1677400,0,Disadvantaged Community,Low,Urban,58.0720092915215,Yes,"Yes, eligible","No, ineligible",1677397.40344238,6477.5639303653
7796,06,071,San Bernardino County,000903,06071000903,9.03,Census Tract 9.03,1303742,0,Disadvantaged Community,Low,Urban,46.0405156537753,Yes,"Yes, eligible","No, ineligible",1303741.90409088,6040.24585629104
7800,06,037,Los Angeles County,534301,06037534301,5343.01,Census Tract 5343.01,863448,0,Disadvantaged Community,Low,Urban,0,Yes,"Yes, eligible","No, ineligible",863446.392944336,4389.2741924323
7801,06,037,Los Angeles County,534302,06037534302,5343.02,Census Tract 5343.02,388013,0,Disadvantaged Community,Low,Urban,0,Yes,"Yes, eligible","No, ineligible",388013.131744385,2975.15141544933
7802,06,037,Los Angeles County,534203,06037534203,5342.03,Census Tract 5342.03,753166,11524,Disadvantaged Community,Low,Urban,0,Yes,"Yes, eligible","No, ineligible",764691.091781616,4474.132984241
7803,06,037,Los Angeles County,534404,06037534404,5344.04,Census Tract 5344.04,411048,0,Disadvantaged Community,Low,Urban,0,Yes,"Yes, eligible","No, ineligible",411045.490158081,2952.94594257446
7804,06,037,Los Angeles County,534405,06037534405,5344.05,Census Tract 5344.05,530210,0,Disadvantaged Community,Low,Urban,0,Yes,"Yes, eligible","No, ineligible",530208.66619873,3224.24682917168
7808,06,071,San Bernardino County,001305,06071001305,13.05,Census Tract 13.05,1178835,0,Disadvantaged Community,Low,Urban,0,Yes,"Yes, eligible","No, ineligible",1178833.67817688,6647.70555386272
7809,06,071,San Bernardino County,001310,06071001310,13.10,Census Tract 13.10,1417533,0,Disadvantaged Community,Middle,Urban,0,Yes,"Yes, eligible","No, ineligible",1417531.43147278,5318.39978389084
7810,06,071,San Bernardino County,001103,06071001103,11.03,Census Tract 11.03,1672684,0,Disadvantaged Community,Middle,Urban,0,Yes,"Yes, eligible","No, ineligible",1672686.52212524,5931.67966812758
7811,06,071,San Bernardino County,001307,06071001307,13.07,Census Tract 13.07,1281879,0,Disadvantaged Community,Middle,Urban,0,Yes,"Yes, eligible","No, ineligible",1281880.85267639,4796.79127056103
7812,06,071,San Bernardino County,001813,06071001813,18.13,Census Tract 18.13,1549570,0,Disadvantaged Community,Low,Urban,0,Yes,"Yes, eligible","No, ineligible",1549568.88209534,6379.1899552857
7814,06,001,Alameda County,444601,06001444601,4446.01,Census Tract 4446.01,3055836,0,Disadvantaged Community,High,Urban,0,Yes,"Yes, eligible","No, ineligible",3055837.87363052,7399.68857477921
7815,06,037,Los Angeles County,541605,06037541605,5416.05,Census Tract 5416.05,867709,0,Disadvantaged Community,Low,Urban,0,Yes,"Yes, eligible","No, ineligible",867709.483139038,4272.90432248647
7816,06,037,Los Angeles County,541801,06037541801,5418.01,Census Tract 5418.01,714941,0,Disadvantaged Community,Low,Urban,0,Yes,"Yes, eligible","No, ineligible",714940.146369934,3732.60384048907
7817,06,071,San Bernardino County,000605,06071000605,6.05,Census Tract 6.05,1279384,0,Disadvantaged Community,Low,Urban,78.6318065657559,Yes,"Yes, eligible","No, ineligible",1279381.14501953,4822.51950761295
7818,06,071,San Bernardino County,001704,06071001704,17.04,Census Tract 17.04,2036200,0,Disadvantaged Community,Middle,Urban,0,Yes,"Yes, eligible","No, ineligible",2036200.24713898,5759.98259306382
7819,06,071,San Bernardino County,001810,06071001810,18.10,Census Tract 18.10,988342,0,Disadvantaged Community,Middle,Urban,37.9290726341741,Yes,"Yes, eligible","No, ineligible",988342.240577698,4075.16828064537
7822,06,071,San Bernardino County,001101,06071001101,11.01,Census Tract 11.01,791646,0,Disadvantaged Community,Low,Urban,0,Yes,"Yes, eligible","No, ineligible",791644.302947998,3817.98458980382
7823,06,071,San Bernardino County,001804,06071001804,18.04,Census Tract 18.04,1522367,0,Disadvantaged Community,Middle,Urban,0,Yes,"Yes, eligible","No, ineligible",1522366.94775391,4941.46342914625
7827,06,037,Los Angeles County,541802,06037541802,5418.02,Census Tract 5418.02,1094514,0,Disadvantaged Community,Low,Urban,0,Yes,"Yes, eligible","No, ineligible",1094517.07630157,4569.55138951681
7828,06,037,Los Angeles County,542000,06037542000,5420,Census Tract 5420,978727,0,Disadvantaged Community,Low,Urban,0,Yes,"Yes, eligible","No, ineligible",978726.652076721,4239.54817471106
7831,06,071,San Bernardino County,001809,06071001809,18.09,Census Tract 18.09,2351658,0,Disadvantaged Community,Middle,Urban,40.2010050251256,Yes,"Yes, eligible","No, ineligible",2351659.53078461,6557.45768050873
7836,06,071,San Bernardino County,001806,06071001806,18.06,Census Tract 18.06,1460912,0,Disadvantaged Community,High,Urban,0,Yes,"Yes, eligible","No, ineligible",1460912.20502472,4936.67390249969
7837,06,001,Alameda County,405902,06001405902,4059.02,Census Tract 4059.02,487280,0,Disadvantaged Community,Low,Urban,0,Yes,"Yes, eligible","No, ineligible",487279.411705494,2997.87485492956
7838,06,001,Alameda County,410500,06001410500,4105,Census Tract 4105,724476,0,Disadvantaged Community,Low,Urban,0,Yes,"Yes, eligible","No, ineligible",724478.382436037,4066.42685823289
7839,06,001,Alameda County,425104,06001425104,4251.04,Census Tract 4251.04,1088891,0,Disadvantaged Community,Low,Urban,84.7697089573326,Yes,"Yes, eligible","No, ineligible",1088885.33577824,4657.84464966438
7841,06,071,San Bernardino County,001808,06071001808,18.08,Census Tract 18.08,1130298,0,Disadvantaged Community,Middle,Urban,0,Yes,"Yes, eligible","No, ineligible",1130297.51765442,4793.20962663011
7842,06,071,San Bernardino County,001812,06071001812,18.12,Census Tract 18.12,888388,0,Disadvantaged Community,Low,Urban,0,Yes,"Yes, eligible","No, ineligible",888389.463172913,4236.93628311753
7870,06,071,San Bernardino County,002107,06071002107,21.07,Census Tract 21.07,1443034,0,Disadvantaged Community,Low,Urban,0,Yes,"Yes, eligible","No, ineligible",1443033.55055237,5601.86127198806
7877,06,071,San Bernardino County,003509,06071003509,35.09,Census Tract 35.09,1949167,0,Disadvantaged Community,Low,Urban,0,Yes,"Yes, eligible","No, ineligible",1949165.52005005,7253.69014121759
7880,06,067,Sacramento County,004501,06067004501,45.01,Census Tract 45.01,1802495,0,Disadvantaged Community,Low,Urban,0,Yes,"Yes, eligible","No, ineligible",1802495.38780451,5550.63190447276
7881,06,067,Sacramento County,004502,06067004502,45.02,Census Tract 45.02,2702032,0,Disadvantaged Community,Low,Urban,0,Yes,"Yes, eligible","No, ineligible",2702031.46114349,7137.8506824514
7882,06,067,Sacramento County,004701,06067004701,47.01,Census Tract 47.01,1401597,0,Disadvantaged Community,Low,Urban,120.554550934298,Yes,"No, ineligible","No, ineligible",1401596.23149729,5659.51489155136
7883,06,067,Sacramento County,004702,06067004702,47.02,Census Tract 47.02,1539656,0,Disadvantaged Community,Low,Urban,0,Yes,"Yes, eligible","No, ineligible",1539657.14409399,5892.70733327618
7887,06,029,Kern County,004702,06029004702,47.02,Census Tract 47.02,6380404,0,Disadvantaged Community,Low,Rural Center,345.652751927679,Yes,"No, ineligible","Yes, rural center, eligible",6380403.37594032,10463.6311048952
7890,06,071,San Bernardino County,004101,06071004101,41.01,Census Tract 41.01,3960231,0,Disadvantaged Community,Low,Urban,0,Yes,"Yes, eligible","No, ineligible",3960233.43975067,8347.79750436522
7891,06,071,San Bernardino County,004104,06071004104,41.04,Census Tract 41.04,5650961,732489,Disadvantaged Community,Low,Urban,0,Yes,"Yes, eligible","No, ineligible",6383446.48113251,15547.2449411811
7894,06,071,San Bernardino County,002704,06071002704,27.04,Census Tract 27.04,16488918,0,Disadvantaged Community,High,Urban,0,Yes,"Yes, eligible","No, ineligible",16488918.2408981,20024.8206243517
7895,06,071,San Bernardino County,002207,06071002207,22.07,Census Tract 22.07,7970614,0,Disadvantaged Community,Low,Urban,198.091121916081,Yes,"No, ineligible","No, ineligible",7970614.23519897,12402.8910582612
7897,06,071,San Bernardino County,003609,06071003609,36.09,Census Tract 36.09,2186009,0,Disadvantaged Community,Low,Urban,37.2925601342532,Yes,"Yes, eligible","No, ineligible",2186007.23268127,6041.70963074717
7899,06,071,San Bernardino County,004301,06071004301,43.01,Census Tract 43.01,1421690,0,Disadvantaged Community,Low,Urban,0,Yes,"Yes, eligible","No, ineligible",1421690.5194931,4971.53741765538
7901,06,001,Alameda County,428700,06001428700,4287,Census Tract 4287,7749248,4534587,Disadvantaged Community,Low,Urban,201.252236135957,Yes,"No, ineligible","No, ineligible",12283835.9280181,17300.4821810801
7904,06,071,San Bernardino County,007305,06071007305,73.05,Census Tract 73.05,1610434,0,Disadvantaged Community,Low,Urban,0,Yes,"Yes, eligible","No, ineligible",1610433.31158447,5996.34786034812
7905,06,029,Kern County,001000,06029001000,10,Census Tract 10,46640125,0,Disadvantaged Community,Middle,Urban,18.7934598759632,Yes,"Yes, eligible","No, ineligible",46640118.6474323,27675.8048880678
7906,06,029,Kern County,006304,06029006304,63.04,Census Tract 63.04,3964935,0,Disadvantaged Community,Low,Rural Center,0,Yes,"No, ineligible","Yes, rural center, eligible",3964934.36621284,8137.87501666341
7907,06,029,Kern County,004604,06029004604,46.04,Census Tract 46.04,541302226,1821724,Disadvantaged Community,Low,Rural,6.73854447439353,Yes,"No, ineligible","Yes, rural, eligible",543123964.319822,147751.351662757
7908,06,029,Kern County,005004,06029005004,50.04,Census Tract 50.04,2805230,0,Disadvantaged Community,Low,Rural Center,0,Yes,"No, ineligible","Yes, rural center, eligible",2805234.5180397,7667.16035792303
7909,06,029,Kern County,004701,06029004701,47.01,Census Tract 47.01,9348876,0,Disadvantaged Community,Low,Rural Center,0,Yes,"No, ineligible","Yes, rural center, eligible",9348872.81265068,12356.8805177573
7913,06,029,Kern County,005003,06029005003,50.03,Census Tract 50.03,8582300,0,Disadvantaged Community,Low,Rural Center,105.346326046879,Yes,"No, ineligible","Yes, rural center, eligible",8582300.16099167,13767.7639768229
7914,06,037,Los Angeles County,542401,06037542401,5424.01,Census Tract 5424.01,1293383,0,Disadvantaged Community,Low,Urban,0,Yes,"Yes, eligible","No, ineligible",1293382.3650589,4798.63008244274
7915,06,037,Los Angeles County,542402,06037542402,5424.02,Census Tract 5424.02,1567564,0,Disadvantaged Community,Low,Urban,0,Yes,"Yes, eligible","No, ineligible",1567566.98221588,5773.25866901573
7916,06,037,Los Angeles County,542502,06037542502,5425.02,Census Tract 5425.02,985367,9566,Disadvantaged Community,Low,Urban,0,Yes,"Yes, eligible","No, ineligible",994931.409950256,4329.75695153793
7918,06,071,San Bernardino County,002606,06071002606,26.06,Census Tract 26.06,2776214,0,Disadvantaged Community,Middle,Urban,0,Yes,"Yes, eligible","No, ineligible",2776216.33087921,8241.78508394352
7922,06,071,San Bernardino County,003503,06071003503,35.03,Census Tract 35.03,3911282,0,Disadvantaged Community,Middle,Urban,103.860135018176,Yes,"Yes, eligible","No, ineligible",3911281.53358459,8155.26622696125
7925,06,071,San Bernardino County,005701,06071005701,57.01,Census Tract 57.01,3483781,0,Disadvantaged Community,Low,Urban,1329.11392405063,Yes,"No, ineligible","No, ineligible",3483785.36947632,8732.78795371157
7937,06,071,San Bernardino County,003507,06071003507,35.07,Census Tract 35.07,1630743,0,Disadvantaged Community,Middle,Urban,0,Yes,"Yes, eligible","No, ineligible",1630745.40695953,5648.29269549348
7938,06,071,San Bernardino County,003510,06071003510,35.10,Census Tract 35.10,2587044,0,Disadvantaged Community,Low,Urban,0,Yes,"Yes, eligible","No, ineligible",2587043.24809265,6429.47073203913
7940,06,071,San Bernardino County,003405,06071003405,34.05,Census Tract 34.05,934272,0,Disadvantaged Community,Low,Urban,0,Yes,"Yes, eligible","No, ineligible",934273.352241516,4236.5952716841
7941,06,071,San Bernardino County,003102,06071003102,31.02,Census Tract 31.02,1298054,0,Disadvantaged Community,Low,Urban,0,Yes,"Yes, eligible","No, ineligible",1298054.46735382,4838.31216815916
7942,06,071,San Bernardino County,002803,06071002803,28.03,Census Tract 28.03,1000098,0,Disadvantaged Community,Low,Urban,0,Yes,"Yes, eligible","No, ineligible",1000098.50305939,4096.27460014216
7955,06,071,San Bernardino County,003301,06071003301,33.01,Census Tract 33.01,1938149,0,Disadvantaged Community,Low,Urban,0,Yes,"Yes, eligible","No, ineligible",1938150.81163788,5635.48960623722
7956,06,071,San Bernardino County,003101,06071003101,31.01,Census Tract 31.01,1378997,0,Disadvantaged Community,Middle,Urban,0,Yes,"Yes, eligible","No, ineligible",1378997.45046997,4934.96015111188
7964,06,037,Los Angeles County,602600,06037602600,6026,Census Tract 6026,1899614,47515,Disadvantaged Community,Low,Urban,0,Yes,"Yes, eligible","No, ineligible",1947130.53064728,6449.04467072042
7965,06,037,Los Angeles County,602700,06037602700,6027,Census Tract 6027,2470466,11599,Disadvantaged Community,High,Urban,636.604774535809,Yes,"No, ineligible","No, ineligible",2482065.10644531,6577.43164505874
7966,06,037,Los Angeles County,602900,06037602900,6029,Census Tract 6029,2796887,1146,Disadvantaged Community,Low,Urban,45.0146297546703,Yes,"Yes, eligible","No, ineligible",2798035.62947845,8311.1233734557
7967,06,037,Los Angeles County,603001,06037603001,6030.01,Census Tract 6030.01,1138427,0,Disadvantaged Community,Low,Urban,0,Yes,"Yes, eligible","No, ineligible",1138430.82697296,4945.76408589869
7968,06,037,Los Angeles County,603004,06037603004,6030.04,Census Tract 6030.04,225573,0,Disadvantaged Community,Low,Urban,64.5577792123951,Yes,"Yes, eligible","No, ineligible",225573.484474182,2505.18680373788
7969,06,071,San Bernardino County,003302,06071003302,33.02,Census Tract 33.02,2697454,0,Disadvantaged Community,Low,Urban,387.596899224806,Yes,"No, ineligible","No, ineligible",2697453.95389557,7046.64047980542
7970,06,071,San Bernardino County,003606,06071003606,36.06,Census Tract 36.06,2515415,0,Disadvantaged Community,Low,Urban,0,Yes,"Yes, eligible","No, ineligible",2515411.62992859,6961.20086775154
7971,06,071,San Bernardino County,003612,06071003612,36.12,Census Tract 36.12,2930734,0,Disadvantaged Community,Low,Urban,278.015397775877,Yes,"No, ineligible","No, ineligible",2930731.62995911,9193.9611337745
7972,06,071,San Bernardino County,004003,06071004003,40.03,Census Tract 40.03,7552848,14094,Disadvantaged Community,Low,Urban,0,Yes,"Yes, eligible","No, ineligible",7566943.52040863,12738.519176483
7973,06,071,San Bernardino County,004001,06071004001,40.01,Census Tract 40.01,3258717,0,Disadvantaged Community,Low,Urban,0,Yes,"Yes, eligible","No, ineligible",3258717.46446228,8407.26843650694
7979,06,067,Sacramento County,005205,06067005205,52.05,Census Tract 52.05,8886022,0,Disadvantaged Community,Low,Urban,416.666666666667,Yes,"No, ineligible","No, ineligible",8886020.76209736,15457.356649054
7981,06,071,San Bernardino County,004103,06071004103,41.03,Census Tract 41.03,2924463,0,Disadvantaged Community,Low,Urban,0,Yes,"Yes, eligible","No, ineligible",2924461.64176941,7950.90121132458
7982,06,071,San Bernardino County,003607,06071003607,36.07,Census Tract 36.07,1827431,0,Disadvantaged Community,Low,Urban,0,Yes,"Yes, eligible","No, ineligible",1827432.83603668,6468.69951933765
7984,06,071,San Bernardino County,003804,06071003804,38.04,Census Tract 38.04,3239850,323975,Disadvantaged Community,Low,Urban,0,Yes,"Yes, eligible","No, ineligible",3563824.06761932,10462.2595787607
7985,06,071,San Bernardino County,004302,06071004302,43.02,Census Tract 43.02,2980750,35200,Disadvantaged Community,Low,Urban,0,Yes,"Yes, eligible","No, ineligible",3015951.60807037,9087.53313051135
7992,06,071,San Bernardino County,003803,06071003803,38.03,Census Tract 38.03,1651030,0,Disadvantaged Community,Low,Urban,0,Yes,"Yes, eligible","No, ineligible",1651028.08844757,6472.51937422264
7993,06,071,San Bernardino County,006604,06071006604,66.04,Census Tract 66.04,976514,0,Disadvantaged Community,Low,Urban,0,Yes,"Yes, eligible","No, ineligible",976511.779899597,6341.25506053235
7994,06,071,San Bernardino County,006603,06071006603,66.03,Census Tract 66.03,1829529,0,Disadvantaged Community,Middle,Urban,0,Yes,"Yes, eligible","No, ineligible",1829526.12194061,6342.34896123513
7995,06,071,San Bernardino County,004403,06071004403,44.03,Census Tract 44.03,1347379,0,Disadvantaged Community,Low,Urban,0,Yes,"Yes, eligible","No, ineligible",1347378.09049988,6104.533810877
7999,06,067,Sacramento County,005301,06067005301,53.01,Census Tract 53.01,5827225,439612,Disadvantaged Community,Low,Urban,2377.97246558198,Yes,"No, ineligible","No, ineligible",6266835.14793539,13914.5826241775
8004,06,037,Los Angeles County,503902,06037503902,5039.02,Census Tract 5039.02,5251504,17325,Disadvantaged Community,High,Urban,101.235067827495,Yes,"Yes, eligible","No, ineligible",5268823.67451477,10698.737059524
8006,06,037,Los Angeles County,542601,06037542601,5426.01,Census Tract 5426.01,551960,0,Disadvantaged Community,Low,Urban,0,Yes,"Yes, eligible","No, ineligible",551958.977264404,3236.78758991572
8007,06,037,Los Angeles County,542602,06037542602,5426.02,Census Tract 5426.02,872253,0,Disadvantaged Community,Low,Urban,0,Yes,"Yes, eligible","No, ineligible",872250.148658752,3782.46619905007
8008,06,037,Los Angeles County,542700,06037542700,5427,Census Tract 5427,977123,17821,Disadvantaged Community,Low,Urban,0,Yes,"Yes, eligible","No, ineligible",994942.38469696,4145.0562418653
8009,06,037,Los Angeles County,542800,06037542800,5428,Census Tract 5428,776448,0,Disadvantaged Community,Low,Urban,0,Yes,"Yes, eligible","No, ineligible",776448.113090515,3562.31078441873
8011,06,065,Riverside County,048800,06065048800,488,Census Tract 488,4298716,129659,Disadvantaged Community,Low,Urban,0,Yes,"Yes, eligible","No, ineligible",4428370.26976013,12146.2447900618
8012,06,065,Riverside County,031602,06065031602,316.02,Census Tract 316.02,1748887,0,Disadvantaged Community,Low,Urban,0,Yes,"Yes, eligible","No, ineligible",1748890.08331299,5788.97312929249
8016,06,037,Los Angeles County,542900,06037542900,5429,Census Tract 5429,807163,0,Disadvantaged Community,Low,Urban,0,Yes,"Yes, eligible","No, ineligible",807162.323295593,4352.25639345958
8017,06,037,Los Angeles County,543000,06037543000,5430,Census Tract 5430,1314897,0,Disadvantaged Community,Low,Urban,0,Yes,"Yes, eligible","No, ineligible",1314898.55434418,4641.17632767245
8018,06,059,Orange County,087901,06059087901,879.01,Census Tract 879.01,1110740,0,Disadvantaged Community,Low,Urban,74.4416873449131,Yes,"Yes, eligible","No, ineligible",1110736.85929871,4384.05922561037
8020,06,059,Orange County,087404,06059087404,874.04,Census Tract 874.04,517079,0,Disadvantaged Community,Low,Urban,102.801336417373,Yes,"Yes, eligible","No, ineligible",517081.577865601,3342.67302168553
8021,06,037,Los Angeles County,575201,06037575201,5752.01,Census Tract 5752.01,566596,0,Disadvantaged Community,Low,Urban,0,Yes,"Yes, eligible","No, ineligible",566594.992156982,3217.61625622741
8022,06,037,Los Angeles County,575401,06037575401,5754.01,Census Tract 5754.01,821449,68477,Disadvantaged Community,Low,Urban,0,Yes,"Yes, eligible","No, ineligible",889923.311737061,3836.96759746568
8023,06,037,Los Angeles County,575402,06037575402,5754.02,Census Tract 5754.02,323805,0,Disadvantaged Community,Low,Urban,0,Yes,"Yes, eligible","No, ineligible",323808.079544067,2417.50680905631
8024,06,037,Los Angeles County,575500,06037575500,5755,Census Tract 5755,1316269,59886,Disadvantaged Community,Low,Urban,2150.5376344086,Yes,"No, ineligible","No, ineligible",1376155.50370026,5416.71533187385
8026,06,037,Los Angeles County,575802,06037575802,5758.02,Census Tract 5758.02,320941,0,Disadvantaged Community,Low,Urban,0,Yes,"Yes, eligible","No, ineligible",320938.690544128,2408.18363374067
8027,06,037,Los Angeles County,575901,06037575901,5759.01,Census Tract 5759.01,417611,68001,Disadvantaged Community,Low,Urban,0,Yes,"Yes, eligible","No, ineligible",485613.220001221,2955.42922445191
8028,06,037,Los Angeles County,575902,06037575902,5759.02,Census Tract 5759.02,350515,0,Disadvantaged Community,Low,Urban,0,Yes,"Yes, eligible","No, ineligible",350517.0258255,2386.85393906559
8029,06,037,Los Angeles County,576200,06037576200,5762,Census Tract 5762,696660,0,Disadvantaged Community,Low,Urban,432.006010518407,Yes,"No, ineligible","No, ineligible",696669.540237427,3418.7698075764
8030,06,037,Los Angeles County,603101,06037603101,6031.01,Census Tract 6031.01,881550,0,Disadvantaged Community,Low,Urban,0,Yes,"Yes, eligible","No, ineligible",881553.661987305,3856.16302418703
8031,06,037,Los Angeles County,603200,06037603200,6032,Census Tract 6032,1105767,33318,Disadvantaged Community,Low,Urban,0,Yes,"Yes, eligible","No, ineligible",1139081.46644592,6686.86836847987
8032,06,037,Los Angeles County,603301,06037603301,6033.01,Census Tract 6033.01,974749,0,Disadvantaged Community,Low,Urban,0,Yes,"Yes, eligible","No, ineligible",974750.777412415,4316.52471949518
8033,06,037,Los Angeles County,603302,06037603302,6033.02,Census Tract 6033.02,1124528,10554,Disadvantaged Community,Low,Urban,0,Yes,"Yes, eligible","No, ineligible",1135081.01725006,4656.05024376289
8034,06,037,Los Angeles County,603400,06037603400,6034,Census Tract 6034,1134323,0,Disadvantaged Community,Low,Urban,97.2526136639922,Yes,"Yes, eligible","No, ineligible",1134326.52330017,4754.04515599378
8035,06,037,Los Angeles County,603500,06037603500,6035,Census Tract 6035,794497,1096,Disadvantaged Community,Low,Urban,0,Yes,"Yes, eligible","No, ineligible",795592.212028503,3988.4431602567
8037,06,085,Santa Clara County,512603,06085512603,5126.03,Census Tract 5126.03,2088703,0,Disadvantaged Community,Low,Urban,43.1592576607682,Yes,"Yes, eligible","No, ineligible",2088707.06883812,7545.09057575476
8041,06,037,Los Angeles County,603702,06037603702,6037.02,Census Tract 6037.02,2539340,73275,Disadvantaged Community,Low,Urban,0,Yes,"Yes, eligible","No, ineligible",2612616.09923553,6679.68272649196
