PWS ID,PWS Name,PWS Type,Primary Source,Counties Served,Cities Served,Population Served Count,# of Facilities,# of Violations,# of Site Visits
NC0347102,401 MOBILE HOME PARK,Community water system,Ground water,Hoke,RAEFORD,75,4,74,52
NC1022007,64 EAST APARTMENTS,Community water system,Ground water,Clay,HAYESVILLE,50,4,1,6
NC0392107,70 EAST MOBILE ACRES,Community water system,Ground water,Wake,GARNER,140,7,26,21
NC0392222,A COUNTRY PLACE,Community water system,Ground water,Wake,WAKE FOREST,89,10,20,19
NC0363020,"ABERDEEN, TOWN OF",Community water system,Ground water,Moore,ABERDEEN,"12,473",46,28,151
NC0234191,ABINGTON S/D,Community water system,Ground water,Forsyth,KERNERSVILLE,"1,506",21,11,72
NC1045041,ACONY BELL COMMUNITY,Community water system,Ground water,Henderson,HENDERSONVILLE,82,7,2,14
NC0392101,ACRES OF SPACE MHP,Community water system,Ground water,Wake,KNIGHTDALE,332,12,151,31
NC0351120,ADAMS MHP,Community water system,Ground water,Johnston,MIDDLESEX,80,6,432,36
NC0446010,"AHOSKIE, TOWN OF",Community water system,Ground water,Hertford,AHOSKIE,"5,479",25,43,78
NC0241150,ALAMANCE MHP LLC,Community water system,Ground water,Guilford,GREENSBORO,66,3,74,33
NC0136102,ALAN ACRES,Community water system,Ground water,Gaston,GASTONIA,366,7,50,34
NC0351194,ALBANY ACRES S/D,Community water system,Ground water,Johnston,CLAYTON,81,4,2,13
NC0184010,"ALBEMARLE, CITY OF",Community water system,Surface water,Stanly,ALBEMARLE,"17,506",12,25,415
NC0102020,ALEXANDER CO WTR DIST,Community water system,Surface water purchased,Alexander,TAYLORSVILLE,"13,064",7,5,184
NC0392102,ALL STAR MHP,Community water system,Ground water,Wake,RALEIGH,530,14,161,34
NC0136103,ALLEN MHP LLC,Community water system,Ground water,Gaston,CHERRYVILLE,64,4,55,36
NC0286144,ALLEN WOODS VILLAGE,Community water system,Ground water,Surry,ELKIN,81,6,97,32
NC0276207,ALLENDALE HEIGHTS,Community water system,Ground water,Randolph,SOPHIA,78,5,25,46
NC0392323,ALTICE ESTATES S/D,Community water system,Ground water,Wake,RALEIGH,330,9,5,21
NC0392236,AMBER ACRES,Community water system,Ground water,Wake,KNIGHTDALE,239,7,69,20
NC0392346,AMBER ACRES NORTH S/D,Community water system,Ground water,Wake,KNIGHTDALE,752,12,85,26
NC4392182,AMBER RIDGE S/D,Community water system,Ground water,Wake,KNIGHTDALE,742,10,77,21
NC0392095,AMHERST S/D,Community water system,Ground water,Wake,FUQUAY-VARINA,325,6,32,22
NC0136339,AMY ACRES S/D,Community water system,Ground water,Gaston,GASTONIA,490,9,146,44
NC0120020,"ANDREWS, TOWN OF",Community water system,Surface water,Cherokee,ANDREWS,"3,284",9,59,151
NC0343015,"ANGIER, TOWN OF",Community water system,Surface water purchased,Harnett,ANGIER,"13,302",5,17,77
NC0304010,ANSON COUNTY WATER SYSTEM,Community water system,Surface water,Anson,LILESVILLE,"13,880",9,169,191
NC0304012,ANSONVILLE WATER SYSTEM,Community water system,Surface water purchased,Anson,ANSONVILLE,"1,262",4,78,63
NC0392045,"APEX, TOWN OF",Community water system,Surface water purchased,Wake,APEX,"83,001",9,36,51
NC0195101,APPALACHIAN STATE UNIV WTP,Community water system,Surface water,Watauga,BOONE,"11,150",10,62,100
NC0234179,APPLEGATE WATER SYSTEM,Community water system,Ground water,Forsyth,KERNERSVILLE,442,13,190,53
NC0368108,ARBOR HILL MHP,Community water system,Ground water,Orange,DURHAM,96,4,215,33
NC3041039,ARBOR RUN/CHARLES PLACE S/D,Community water system,Ground water,Guilford,OAK RIDGE,576,11,3,35
NC0276030,"ARCHDALE, CITY OF",Community water system,Surface water purchased,Randolph,ARCHDALE,"12,700",8,38,70
NC0136252,ARCHDALE/TRYON MHP,Community water system,Ground water,Gaston,CHERRYVILLE,74,6,82,61
NC4092184,ARLINGTON S/D,Community water system,Ground water,Wake,RALEIGH,46,4,1,4
NC3041054,ARMFIELD S/D PHASE IA,Community water system,Ground water,Guilford,SUMMERFIELD,132,6,2,29
NC3041055,ARMFIELD S/D PHASE IB,Community water system,Ground water,Guilford,SUMMERFIELD,86,7,1,22
NC0392374,ARROW SPRINGS,Community water system,Ground water,Wake,RALEIGH,53,4,4,20
NC3041103,ASHCROFT PARK,Community water system,Ground water,Guilford,GREENSBORO,175,11,9,15
NC3076008,ASHEBORO COUNTRY CLUB ESTATES,Community water system,Ground water,Randolph,ASHEBORO,26,4,400,14
NC0276010,"ASHEBORO, CITY OF",Community water system,Surface water,Randolph,ASHEBORO,"27,819",15,6,105
NC0136104,ASHEBROOK PARK,Community water system,Ground water,Gaston,GASTONIA,241,9,19,37
NC4092081,ASHEBROOK S/D,Community water system,Ground water,Wake,,53,4,1,11
NC0276101,ASHEBROOK WOODS,Community water system,Surface water purchased,Randolph,ARCHDALE,96,7,26,37
NC0111010,ASHEVILLE CITY OF,Community water system,Surface water,Buncombe,ASHEVILLE,"157,431",13,9,440
NC0392341,ASHLEY HILLS NORTH S/D,Community water system,Ground water,Wake,KNIGHTDALE,602,10,92,25
NC0392318,ASHLEY HILLS S/D,Community water system,Ground water,Wake,KNIGHTDALE,453,15,77,24
NC0149191,ASHLEY WOODS S/D,Community water system,Ground water,Iredell,MOORESVILLE,97,4,1,27
NC0416035,"ATLANTIC BEACH, TOWN OF",Community water system,Ground water,Carteret,ATLANTIC BEACH,"6,380",13,11,113
NC0416160,ATLANTIC MHP,Community water system,Ground water,Carteret,NEWPORT,113,6,40,42
NC0416166,ATLANTIC MHP II,Community water system,Ground water,Carteret,NEWPORT,106,7,27,49
NC0416192,ATLANTIC VILLAGE MHP,Community water system,Ground water,Carteret,NEWPORT,175,8,22,52
NC4392159,AUBURN HILLS S/D,Community water system,Ground water,Wake,KNIGHTDALE,94,4,26,14
NC0408015,"AULANDER, TOWN OF",Community water system,Ground water,Bertie,AULANDER,"1,438",7,19,58
NC0407020,AURORA WATER SYSTEM,Community water system,Ground water purchased,Beaufort,AURORA,805,7,60,124
NC0382045,"AUTRYVILLE, TOWN OF",Community water system,Ground water purchased,Sampson,AUTRYVILLE,527,5,9,48
NC0136294,AUTUMN ACRES S/D,Community water system,Ground water,Gaston,GASTONIA,84,8,30,38
NC0241103,AUTUMN FOREST MHP,Community water system,Ground water,Guilford,BROWN SUMMIT,686,15,74,61
NC3041109,AUTUMN RIDGE S/D,Community water system,Ground water,Guilford,OAK RIDGE,56,4,3,17
NC0111134,AVALON ACRES MHP,Community water system,Ground water,Buncombe,FAIRVIEW,65,5,424,58
NC4092165,AVALYN S/D,Community water system,Ground water,Wake,WAKE FOREST,58,4,2,3
NC4092107,AVOCET S/D,Community water system,Ground water,Wake,HOLLY SPRINGS,566,20,3,29
NC0474025,AYDEN TOWN OF,Community water system,Surface water purchased,Pitt,AYDEN,"6,366",12,8,98
NC0136286,AZALEA HILLS MHP,Community water system,Ground water,Gaston,GASTONIA,80,4,40,56
NC6027009,BACKWOODS-SADDLEBROOK COMM WS,Community water system,Ground water,Currituck,MOYOCK,122,7,7,18
NC0362120,BADIN SHORES RESORT,Community water system,Surface water purchased,Montgomery,NEW LONDON,"2,743",2,54,44
NC0160203,BAHIA BAY S/D,Community water system,Ground water,Mecklenburg,CORNELIUS,350,10,23,39
NC4035019,BAILEY FARMS SUBDIVISION,Community water system,Ground water,Franklin,LOUISBURG,181,6,3,10
NC0464035,"BAILEY, TOWN OF",Community water system,Ground water,Nash,BAILEY,566,9,150,42
NC4092160,BAILEY`S AT GLENMOOR S/D,Community water system,Ground water,Wake,RALEIGH,59,4,0,6
NC4392192,BAILEY`S LANDING S/D,Community water system,Ground water,Wake,RALEIGH,114,8,2,16
NC4035028,BAKER S/D,Community water system,Ground water,Franklin,BUNN,187,8,0,2
NC0161015,"BAKERSVILLE, TOWN OF",Community water system,Ground water,Mitchell,BAKERSVILLE,725,13,146,101
NC3041034,BALLARD FARMS S/D,Community water system,Ground water,Guilford,OAK RIDGE,125,4,2,16
NC0416101,BALLOU MHP,Community water system,Ground water,Carteret,MOREHEAD CITY,95,4,95,41
NC0150102,BALLOUGH HILLS,Community water system,Ground water,Jackson,BALSAM,95,6,44,27
NC0106015,"BANNER ELK, TOWN OF",Community water system,Ground water,Avery,BANNER ELK,"1,164",13,111,105
NC0286101,BANNERTOWN HILLS S/D,Community water system,Ground water,Surry,MT AIRY,74,7,91,41
NC0392211,BARCLAY DOWNS S/D,Community water system,Ground water,Wake,KNIGHTDALE,459,10,3,21
NC0180501,BARGER PARK,Community water system,Ground water,Rowan,CHINA GROVE,58,3,24,71
NC4092066,BARRINGTON HILLS S/D,Community water system,Ground water,Wake,GARNER,122,7,1,13
NC0464101,BASS MH COURT,Community water system,Ground water,Nash,NASHVILLE,97,4,198,27
NC0407030,BATH WATER SYSTEM,Community water system,Ground water purchased,Beaufort,BATH,290,7,17,79
NC0114025,BATON WATER CORPORATION,Community water system,Surface water purchased,Caldwell,GRANITE FALLS,"7,874",6,1,70
NC4392109,BAY LAUREL S/D,Community water system,Ground water,Wake,WAKE FOREST,58,4,2,18
NC0118118,BAY POINTE S/D,Community water system,Ground water,Catawba,SHERILLS FORD,99,4,7,25
NC0136364,BAYBERRY S/D,Community water system,Ground water,Gaston,GASTONIA,66,4,3,30
NC0392373,BAYLEAF MASTER,Community water system,Ground water,Wake,RALEIGH,"16,715",330,156,161
NC0392218,BAYWOOD FOREST S/D,Community water system,Ground water,Wake,KNIGHTDALE,533,10,99,19
NC3041086,BEACON HILL S/D,Community water system,Ground water,Guilford,,116,4,0,17
NC0136389,BEACON HILLS SD,Community water system,Ground water,Gaston,GASTONIA,109,4,7,43
NC0149186,BEACON POINTE S/D,Community water system,Ground water,Iredell,MOORESVILLE,125,4,53,27
NC0156129,BEAR DEN ACRES,Community water system,Ground water,McDowell,SPRUCE PINE,140,6,6,19
NC1050057,BEAR LAKE RESERVE 1B,Community water system,Ground water,Jackson,,396,13,9,23
NC1050034,BEAR LAKE RESERVE GOLDEN FARMS,Community water system,Ground water,Jackson,CULLOWHEE,117,4,14,22
NC0120103,BEAR PAW RESORT,Community water system,Ground water,Cherokee,MURPHY,909,13,30,38
NC0145178,BEAR WALLOW VALLEY MHP,Community water system,Ground water,Henderson,EDNEYVILLE,124,4,14,25
NC0276158,BEARD ACRES,Community water system,Surface water purchased,Randolph,SOPHIA,140,2,119,48
NC0407035,BEAUFORT CO NORTHSIDE REGIONAL WATER,Community water system,Ground water purchased,Beaufort,WASHINGTON,"22,405",18,5,97
NC0407040,BEAUFORT CO SOUTHSIDE,Community water system,Ground water,Beaufort,EDWARD,"9,369",19,80,101
NC0416010,"BEAUFORT, TOWN OF",Community water system,Ground water,Carteret,BEAUFORT,"4,452",17,16,126
NC0195104,"BEECH MOUNTAIN, TOWN OF",Community water system,Surface water,Watauga,BEECH MOUNTAIN,"2,468",19,32,79
NC0136106,BEECHBROOK S/D,Community water system,Ground water,Gaston,MCADENVILLE,97,6,72,39
NC0319110,BEECHWOOD COVE/POLKS LANDING,Community water system,Surface water purchased,Chatham,CHAPEL HILL,406,7,135,34
NC3079023,BELEWS LANDING S/D,Community water system,Ground water,Rockingham,,206,6,0,29
NC0407015,BELHAVEN WATER SYSTEM,Community water system,Ground water,Beaufort,BELHAVEN,"1,960",10,31,103
NC0474045,BELL ARTHUR WATER CORP,Community water system,Surface water purchased,Pitt,BELLARTHUR,"11,765",20,38,77
NC4092128,BELLA VISTA S/D,Community water system,Ground water,Wake,RALEIGH,186,6,1,8
NC0118101,BELLE MEADE S/D,Community water system,Surface water purchased,Catawba,HICKORY,66,8,42,32
NC0392358,BELLE RIDGE S/D,Community water system,Ground water,Wake,APEX,143,6,2,18
NC0136107,BELMONT ABBEY COLLEGE,Community water system,Ground water,Gaston,BELMONT,"1,325",5,53,48
NC0136015,"BELMONT, CITY OF",Community water system,Surface water,Gaston,BELMONT,"17,477",11,11,408
NC0471111,BELVEDERE PLANTATION,Community water system,Ground water,Pender,HAMPSTEAD,"3,462",7,63,85
NC0279161,BENAJA CROSSING MH S/D,Community water system,Ground water,Rockingham,REIDSVILLE,99,4,37,28
NC0351025,"BENSON, TOWN OF",Community water system,Surface water purchased,Johnston,BENSON,"4,802",9,18,45
NC0111102,BENT CREEK WATER SYSTEM,Community water system,Ground water,Buncombe,BENT CREEK,800,11,17,43
NC4092158,BERKLEE RESERVE,Community water system,Ground water,Wake,WAKE FOREST,123,6,0,7
NC0136360,BERKLEY OAKS LLC,Community water system,Ground water,Gaston,GASTONIA,213,7,20,45
NC0392320,BERKSHIRE DOWNS,Community water system,Ground water,Wake,RALEIGH,277,6,18,24
NC0408085,BERTIE COUNTY REGIONAL WATER,Community water system,Ground water,Bertie,WINDSOR,"13,736",49,44,99
NC0136025,"BESSEMER CITY, CITY OF",Community water system,Surface water,Gaston,BESSEMER CITY,"5,730",11,64,442
NC0180186,BETHAVEN WATER SYSTEM,Community water system,Ground water,Rowan,SALISBURY,66,5,88,39
NC0474030,"BETHEL, TOWN OF",Community water system,Surface water purchased,Pitt,BETHEL,"1,640",10,22,53
NC0118284,BETTS BROOKE S/D WATER SYSTEM,Community water system,Surface water purchased,Catawba,NEWTON,46,2,9,19
NC0431020,"BEULAVILLE, TOWN OF",Community water system,Ground water,Duplin,BEULAVILLE,"1,326",17,34,55
NC0136108,BEVERLY ACRES.,Community water system,Ground water,Gaston,GASTONIA,137,5,83,44
NC0150170,BIG RIDGE S/D,Community water system,Ground water,Jackson,CASHIERS,76,9,146,33
NC0150169,BIG SHEEP CLIFF,Community water system,Ground water,Jackson,CASHIERS,175,15,124,39
NC0111030,"BILTMORE FOREST,  TOWN OF",Community water system,Surface water purchased,Buncombe,ASHEVILLE,"1,356",2,13,27
NC0368188,BINGHAM WOODS MHP,Community water system,Ground water,Orange,CHAPEL HILL,190,13,68,43
NC0392325,BIRCH FALLS S/D,Community water system,Ground water,Wake,RALEIGH,76,4,3,20
NC0368105,BIRCHWOOD MHP,Community water system,Ground water,Orange,DURHAM,312,13,204,29
NC4092020,BIRKLANDS S/D,Community water system,Ground water,Wake,CARY,64,4,0,13
NC0362035,"BISCOE, TOWN OF",Community water system,Surface water purchased,Montgomery,BISCOE,"2,735",5,18,70
NC0234197,BISHOPS RIDGE S/D,Community water system,Ground water,Forsyth,RURAL HALL,173,7,6,47
NC1056031,BLACK BEAR DEVELOPMENT,Community water system,Ground water,McDowell,NEBO,343,6,2,14
NC0498035,"BLACK CREEK, TOWN OF",Community water system,Ground water,Wilson,BLACK CREEK,"1,795",22,66,48
NC0111020,"BLACK MOUNTAIN, TOWN OF",Community water system,Surface water purchased,Buncombe,BLACK MOUNTAIN,"11,976",39,115,150
NC4092091,BLACKSTONE MEADOWS,Community water system,Ground water,Wake,WAKE FOREST,246,6,0,10
NC0309060,BLADEN CO WTR DIST-EAST BLADEN,Community water system,Ground water,Bladen,WHITE LAKE,"4,310",12,74,78
NC0309055,BLADEN CO WTR DIST-WEST BLADEN,Community water system,Ground water,Bladen,ELIZABETHTOWN,"14,408",31,56,156
NC0309015,"BLADENBORO, TOWN OF",Community water system,Ground water,Bladen,BLADENBORO,"3,175",11,23,92
NC4092097,BLALOCK FOREST S/D,Community water system,Ground water,Wake,WILLOW SPRINGS,287,6,0,9
NC4092134,BLANEY FARMS S/D,Community water system,Ground water,Wake,APEX,395,11,3,13
NC0326118,BLAWELL S/D,Community water system,Surface water purchased,Cumberland,STEDMAN,96,6,28,67
NC0195136,BLOOMFIELD APARTMENTS,Community water system,Ground water,Watauga,BOONE,31,4,63,30
NC4092201,BLOOMFIELD ESTATES,Community water system,Ground water,Wake,RALEIGH,84,5,1,4
NC0195020,"BLOWING ROCK, TOWN OF",Community water system,Surface water,Watauga,BLOWING ROCK,"1,637",8,14,92
NC3095004,BLUE RIDGE ESTATES,Community water system,Ground water,Watauga,BLOWING ROCK,51,9,457,34
NC0105101,BLUE RIDGE MANOR ASH LAKE-HOLIDAY LN SEC,Community water system,Ground water,Ashe,WEST JEFFERSON,46,6,168,38
NC0105104,BLUE RIDGE MANOR-NIKANOR SECT,Community water system,Ground water,Ashe,WEST JEFFERSON,320,5,82,59
NC0105109,BLUE RIDGE MNR ASHE LAKE BEAVER CRK SEC,Community water system,Ground water,Ashe,WEST JEFFERSON,51,5,35,32
NC3097018,BLUE RIDGE MTN CLUB,Community water system,Ground water,Wilkes,FERGUSON,685,9,7,10
NC0195169,BLUE RIDGE PRESERVATION INC,Community water system,Ground water,Watauga,BOONE,150,8,5,29
NC0106116,BLUE RIDGE VILLAGE,Community water system,Ground water,Avery,BANNER ELK,343,6,25,47
NC0197030,BLUE RIDGE WATER ASSOCIATION,Community water system,Surface water purchased,Wilkes,HAYS,"8,486",8,4,37
NC0392321,BLUE SKIES MH LIVING,Community water system,Ground water,Wake,APEX,115,11,24,27
NC3034012,BLUE WATER COVE S/D,Community water system,Ground water,Forsyth,STOKESDALE,38,4,11,24
NC0424075,"BOARDMAN, TOWN OF",Community water system,Ground water purchased,Columbus,BOARDMAN,165,3,22,38
NC0416028,BOGUE BANKS WATER CORPORATION,Community water system,Ground water,Carteret,EMERALD ISLE,"4,995",35,75,139
NC0123025,"BOILING SPRINGS, TOWN OF",Community water system,Surface water purchased,Cleveland,BOILING SPRINGS,"4,769",4,17,82
NC0424050,"BOLTON, TOWN OF",Community water system,Ground water,Columbus,BOLTON,668,6,73,57
NC0241193,BON AIRE ACRES,Community water system,Ground water,Guilford,GREENSBORO,81,5,44,33
NC0195010,"BOONE, TOWN OF",Community water system,Surface water,Watauga,BOONE,"19,811",18,28,138
NC0299020,"BOONVILLE, TOWN OF",Community water system,Ground water,Yadkin,BOONVILLE,"2,007",14,51,76
NC0180104,BOSTIAN HEIGHTS WTR SYSTEM,Community water system,Ground water,Rowan,CHINA GROVE,112,4,91,53
NC0181040,"BOSTIC,  TOWN OF",Community water system,Surface water purchased,Rutherford,BOSTIC,953,4,46,27
NC0464132,BOTTOMS FARM MHP,Community water system,Ground water,Nash,BAILEY,99,4,35,20
NC4092080,BRACKENRIDGE ESTATES S/D,Community water system,Ground water,Wake,HOLLY SPRINGS,48,4,0,14
NC0160264,BRADFIELD FARMS S/D,Community water system,Ground water,Mecklenburg,CHARLOTTE,"3,015",23,273,71
NC0195106,BRADFORD PARK,Community water system,Ground water,Watauga,BOONE,310,8,65,54
NC4392145,BRADFORD PLACE S/D,Community water system,Ground water,Wake,GARNER,95,4,2,12
NC0113148,BRAFFORD FARMS WATER SYSTEM,Community water system,Ground water,Cabarrus,CONCORD,152,7,137,40
NC0326122,BRAGG ESTATES WATER SYSTEM,Community water system,Ground water,Cumberland,SPRING LAKE,360,7,97,72
NC0416163,BRANDYWINE BAY,Community water system,Ground water,Carteret,MOREHEAD CITY,"2,245",9,61,70
NC0326124,BRAXTON HILLS/SIMMONS HEIGHTS,Community water system,Ground water,Cumberland,FAYETTEVILLE,680,6,48,38
NC4092110,BRAXTON POINTE S/D,Community water system,Ground water,Wake,GARNER,89,4,1,7
NC4392164,BRAYTON PARK S/D,Community water system,Ground water,Wake,HOLLY SPRINGS,145,6,3,16
NC0276449,BRENNAN PLACE MHP,Community water system,Ground water,Randolph,RANDLEMAN,48,4,85,65
NC0136235,BRENTWOOD MHP,Community water system,Ground water,Gaston,GASTONIA,99,4,32,40
NC0332117,BRENTWOOD S/D,Community water system,Ground water,Durham,DURHAM,69,5,7,29
NC0112103,BRENTWOOD WATER ASSOCIATION,Community water system,Surface water purchased,Burke,GLEN ALPINE,"6,038",5,6,45
NC0112104,BRENTWOOD-JAMESTOWN ROAD,Community water system,Surface water purchased,Burke,MORGANTON,"6,035",4,3,28
NC0326286,BRETTONWOOD HILLS S/D,Community water system,Surface water purchased,Cumberland,FAYETTEVILLE,187,3,26,36
NC0188010,"BREVARD, CITY OF",Community water system,Surface water,Transylvania,BREVARD,"11,336",6,10,205
NC0392383,BRIARWOOD/KILDAIRE,Community water system,Ground water,Wake,RALEIGH,517,16,4,21
NC1050040,BRIDGE CREEK,Community water system,Ground water,Jackson,CASHIERS,25,6,4,14
NC0181103,BRIDGES S/D,Community water system,Ground water,Rutherford,FOREST CITY,200,6,111,22
NC0279174,BRIDLE WOOD S/D,Community water system,Ground water,Rockingham,STOKESDALE,25,4,5,16
NC1075006,BRIGHTS CREEK WATER SYSTEM,Community water system,Ground water,Polk,MILL SPRING,99,11,3,15
NC0286148,BRITISH WOODS,Community water system,Ground water,Surry,MT AIRY,51,4,74,40
NC0181035,BROAD RIVER WATER AUTHORITY,Community water system,Surface water,Rutherford,RUTHERFORDTON,"19,136",6,23,166
NC4392129,BROADHURST/TURNER DOWNS S/D,Community water system,Ground water,Wake,GARNER,597,9,3,22
NC0197035,BROADWAY WATER ASSOCIATION,Community water system,Surface water purchased,Wilkes,N WILKESBORO,"3,556",6,64,35
NC0353015,"BROADWAY, TOWN OF",Community water system,Surface water purchased,Lee,BROADWAY,"1,783",8,36,50
NC4092180,BROOK MEADOW S/D,Community water system,Ground water,Wake,APEX,30,4,0,5
NC2013008,BROOKDALE DEVELOPMENT,Community water system,Surface water purchased,Cabarrus,HARRISBURG,81,3,7,42
NC0286158,BROOKDALE S/D,Community water system,Ground water,Surry,MT AIRY,46,4,40,31
NC4392112,BROOKSTONE S/D,Community water system,Ground water,Wake,RALEIGH,399,12,2,22
NC0326127,BROOKWOOD COMM WTR SYSTEM,Community water system,Ground water,Cumberland,FAYETTEVILLE,"15,380",101,305,140
NC0118103,BROOKWOOD S/D,Community water system,Surface water purchased,Catawba,CONOVER,46,5,43,25
NC5026018,BROOKWOOD SOUTH/FAYETTEVILLE PWC,Community water system,Surface water purchased,Cumberland,,"2,357",6,2,21
NC0410045,BRUNSWICK COUNTY WATER SYSTEM,Community water system,Surface water,Brunswick,LELAND,"151,357",32,57,375
NC0410070,BRUNSWICK REGIONAL WATER AND SEWER H2GO,Community water system,Ground water,Brunswick,LELAND,"51,252",23,16,179
NC0424040,"BRUNSWICK, TOWN OF",Community water system,Ground water,Columbus,BRUNSWICK,495,8,13,58
NC0187010,"BRYSON CITY, TOWN OF",Community water system,Surface water,Swain,BRYSON CITY,"4,395",6,130,150
NC0293115,BUCK SPRING PLANTATION I,Community water system,Ground water,Warren,LITTLETON,147,7,18,34
NC4092198,BUCKHORN S/D,Community water system,Ground water,Wake,HOLLY SPRINGS,90,6,0,9
NC0351189,BUFFALO CREEK S/D,Community water system,Ground water,Johnston,ZEBULON,721,11,27,21
NC0105102,BUFFALO MEADOWS S/D,Community water system,Ground water,Ashe,JEFFERSON,120,5,141,39
NC0149141,BUFFALO SHOALS PARK,Community water system,Ground water,Iredell,STATESVILLE,97,4,115,31
NC0392144,BUFFALOE ROAD MHP,Community water system,Ground water,Wake,RALEIGH,162,7,403,33
NC0118280,BUNKER HILL ESTATES S/D,Community water system,Ground water,Catawba,CLAREMONT,178,6,220,53
NC0235025,"BUNN, TOWN OF",Community water system,Surface water purchased,Franklin,BUNN,950,15,101,35
NC0471010,"BURGAW, TOWN OF",Community water system,Ground water,Pender,BURGAW,"4,250",10,26,85
NC0112080,BURKE CO-AIRPORT RHODHISS,Community water system,Surface water purchased,Burke,HICKORY,559,3,13,24
NC0112075,BURKE CO. WATER-SOUTH,Community water system,Surface water purchased,Burke,MORGANTON,"5,207",8,4,49
NC0112065,BURKE COUNTY OMARA,Community water system,Surface water purchased,Burke,RUTHERFORD COL,350,2,7,33
NC0201010,"BURLINGTON, CITY OF",Community water system,Surface water,Alamance,BURLINGTON,"61,365",14,122,132
NC0392212,BURNETTE`S MHP,Community water system,Ground water,Wake,GARNER,47,5,174,26
NC0100010,"BURNSVILLE, TOWN OF",Community water system,Surface water,Yancey,BURNSVILLE,"4,069",8,138,158
NC0276104,BUSY-B MHP,Community water system,Ground water,Randolph,RANDLEMAN,83,6,89,37
NC0299112,C W MOBILE HOME PARK,Community water system,Ground water,Yadkin,EAST BEND,97,7,17,39
NC0113146,CABARRUS ACRES WATER SYSTEM,Community water system,Ground water,Cabarrus,MIDLAND,41,6,92,41
NC0114047,CALDWELL CO WATER SYSTEM-SE,Community water system,Surface water purchased,Caldwell,HUDSON,"15,710",6,15,69
NC0114048,CALDWELL COUNTY WATER--NORTH,Community water system,Surface water purchased,Caldwell,HUDSON,287,3,6,31
NC0114045,CALDWELL COUNTY WATER--WEST,Community water system,Surface water purchased,Caldwell,HUDSON,"8,763",6,12,34
NC1014001,CALDWELL COUNTY- ADDISON LANE,Community water system,Surface water purchased,Caldwell,HUDSON,152,3,12,20
NC0431045,"CALYPSO, TOWN OF",Community water system,Ground water,Duplin,CALYPSO,660,13,47,56
NC4092151,CAMBERLY S/D,Community water system,Ground water,Wake,WAKE FOREST,203,11,1,6
NC0392251,CAMBRIDGE S/D,Community water system,Ground water,Wake,RALEIGH,185,7,11,18
NC0392110,CAMELOT MHP,Community water system,Ground water,Wake,KNIGHTDALE,34,4,52,22
NC0145169,CAMELOT S/D,Community water system,Surface water purchased,Henderson,HENDERSONVILLE,70,2,12,17
NC0392111,CAMELOT S/D,Community water system,Ground water,Wake,GARNER,607,11,14,25
NC0136397,CAMERON POINT S/D,Community water system,Ground water,Gaston,GASTONIA,86,4,8,28
NC0363040,"CAMERON, TOWN OF",Community water system,Ground water,Moore,CAMERON,502,15,893,125
NC0362030,"CANDOR, TOWN OF",Community water system,Surface water purchased,Montgomery,CANDOR,875,5,34,57
NC0279147,CANDY CREEK ESTATES,Community water system,Ground water,Rockingham,GREENSBORO,99,5,20,33
NC3001008,CANE CREEK S/D,Community water system,Ground water,Alamance,SNOW CAMP,394,6,6,20
NC0332122,CANTERBURY ESTATES,Community water system,Ground water,Durham,DURHAM,293,6,12,23
NC0276125,CANTERBURY TRAILS,Community water system,Ground water,Randolph,CLIMAX,279,8,35,41
NC0184135,CANTON HEIGHTS MHP,Community water system,Ground water,Stanly,ALBEMARLE,132,7,27,41
NC0144015,"CANTON, TOWN OF",Community water system,Surface water,Haywood,CANTON,"7,850",6,79,211
NC0332126,CARDENS CREEK S/D,Community water system,Ground water,Durham,DURHAM,183,8,44,31
NC0149104,CARDINAL ACRES,Community water system,Ground water,Iredell,MOORESVILLE,127,7,44,33
NC0326776,CARDINAL CARE OF HOPE MILLS,Community water system,Ground water,Cumberland,HOPE MILLS,28,4,138,37
NC0136112,CARMEL PARK,Community water system,Ground water,Gaston,GASTONIA,107,6,112,32
NC0368125,CAROLANTIC PARK,Community water system,Ground water,Orange,HILLSBOROUGH,40,8,164,43
NC0465015,CAROLINA BEACH WATER SYSTEM,Community water system,Ground water,New Hanover,CAROLINA BEACH,"6,864",30,278,262
NC0362106,CAROLINA FOREST  WATER SYSTEM,Community water system,Surface water purchased,Montgomery,TROY,596,3,45,32
NC0157112,CAROLINA HIGHLANDS RETIRE PARK,Community water system,Ground water,Macon,FRANKLIN,45,6,54,36
NC0353101,CAROLINA TRACE WATER SYSTEM,Community water system,Surface water purchased,Lee,SANFORD,"4,516",9,8,44
NC0150111,CAROLINA VILLAGE APARTMENTS,Community water system,Ground water,Jackson,CULLOWHEE,78,4,78,29
NC0427103,CAROLINA VILLAGE MHP,Community water system,Ground water,Currituck,MOYOCK,305,7,118,103
NC0150152,CAROL`S CABINS,Community water system,Ground water,Jackson,SYLVA,51,5,90,42
NC3041111,CARRIAGE COVE S/D,Community water system,Ground water,Guilford,GREENSBORO,51,6,2,18
NC3041045,CARRIAGE WAY  S/D,Community water system,Ground water,Guilford,BURLINGTON,51,7,6,31
NC0363025,"CARTHAGE, TOWN OF",Community water system,Surface water,Moore,CARTHAGE,"4,307",8,192,250
NC0392020,"CARY, TOWN OF",Community water system,Surface water,Wake,CARY,"227,300",22,16,110
NC0150163,CASHIERS VILLAGE,Community water system,Ground water,Jackson,CASHIERS,89,5,97,33
NC7071018,CASTLE BAY S/D,Community water system,Ground water,Pender,HAMPSTEAD,777,7,55,43
NC0465195,CASTLE CREEK MEMORY CARE,Community water system,Ground water,New Hanover,CASTLE HAYNE,86,4,111,67
NC0136345,CASTLEWOOD S/D,Community water system,Ground water,Gaston,GASTONIA,46,4,19,31
NC0188133,CATATOGA AT LAKE TOXAWAY,Community water system,Ground water,Transylvania,LAKE TOXAWAY,35,5,71,29
NC0118040,"CATAWBA, TOWN OF",Community water system,Surface water purchased,Catawba,CATAWBA,"1,617",4,8,75
NC0276202,CEDAR CREEK S/D,Community water system,Ground water,Randolph,ASHEBORO,105,4,8,28
NC0150161,CEDAR CREEK WOODS,Community water system,Ground water,Jackson,CASHIERS,122,10,33,28
NC0180194,CEDAR GLENN MHP INC,Community water system,Ground water,Rowan,CLEVELAND,198,6,218,70
NC0136249,CEDAR GROVE S/D,Community water system,Ground water,Gaston,GASTONIA,462,13,111,42
NC0150175,CEDAR HILL,Community water system,Ground water,Jackson,CASHIERS,244,7,19,26
NC0279176,CEDAR HOLLOW S/D,Community water system,Ground water,Rockingham,STOKESDALE,224,6,2,42
NC0319128,CEDAR LAKE CONDO,Community water system,Ground water,Chatham,CHAPEL HILL,40,4,116,29
NC0464317,CEDAR LAKE MHP,Community water system,Ground water,Nash,MIDDLESEX,124,4,28,18
NC3041128,CEDAR OAKS SOUTH S/D,Community water system,Ground water,Guilford,GREENSBORO,45,6,6,5
NC0241105,CEDAR PARK MHP,Community water system,Ground water,Guilford,GREENSBORO,112,7,137,34
NC0150178,CEDAR RIDGE ESTATES,Community water system,Ground water,Jackson,CASHIERS,107,8,67,27
NC0319132,CEDAR TERRACE APARTMENTS,Community water system,Ground water,Chatham,CHAPEL HILL,123,4,32,29
NC0136250,CEDAR VALLEY,Community water system,Ground water,Gaston,DALLAS,66,4,24,27
NC0118166,CEDAR VALLEY WATER SYSTEM,Community water system,Ground water,Catawba,CONOVER,134,7,125,30
NC0319130,CEDAR VILLAGE II,Community water system,Ground water,Chatham,CHAPEL HILL,46,4,104,26
NC0102129,CEDAR WOOD ESTATES,Community water system,Surface water purchased,Alexander,TAYLORSVILLE,109,5,33,41
NC0156126,CEDARBROOK RESIDENTIAL HOME,Community water system,Ground water,McDowell,NEBO,80,6,52,36
NC0136114,CEDARWOOD ACRES,Community water system,Ground water,Gaston,DALLAS,162,11,75,55
NC4064005,CENTRAL NASH WATER & SEWER,Community water system,Surface water purchased,Nash,NASHVILLE,"7,675",9,19,38
NC0424055,"CERRO GORDO, TOWN OF",Community water system,Ground water,Columbus,CERRO GORDO,246,7,19,49
NC0465020,CFPUA - WRIGHTSVILLE BEACH,Community water system,Surface water purchased,New Hanover,WRIGHTSVILLE BEACH,"5,300",22,20,105
NC0465010,CFPUA-WILMINGTON,Community water system,Surface water,New Hanover,WILMINGTON,"212,227",119,14,562
NC0424020,"CHADBOURN, TOWN OF",Community water system,Ground water,Columbus,CHADBOURN,"2,370",10,22,77
NC7010054,CHADWICK MHP,Community water system,Ground water,Brunswick,LELAND,90,4,2,43
NC7067005,CHANDA`S RIDGE,Community water system,Ground water,Onslow,MAPLE HILL,70,4,1,30
NC0136111,CHAPEL GROVE MHP,Community water system,Ground water,Gaston,GASTONIA,110,5,133,62
NC0195108,CHAPEL HILL S/D,Community water system,Ground water,Watauga,BOONE,216,7,38,31
NC4019009,CHAPEL RIDGE S/D,Community water system,Surface water purchased,Chatham,PITTSBORO,"2,098",3,12,22
NC0118238,CHAPEL VIEW CIRCLE WATER SYS,Community water system,Ground water,Catawba,NEWTON,48,7,122,29
NC0136115,CHAPELWOOD ACRES S/D,Community water system,Ground water,Gaston,GASTONIA,41,4,110,37
NC0106123,CHARLES A CANNON MEMORIAL HOSPITAL,Community water system,Ground water,Avery,LINVILLE,320,7,15,44
NC0155132,CHARLESTON TRAIL ESTATES,Community water system,Ground water,Lincoln,VALE,110,4,75,32
NC0160010,CHARLOTTE WATER,Community water system,Surface water,Mecklenburg,CHARLOTTE,"1,206,285",30,10,616
NC4019010,CHATHAM CO-ASBURY,Community water system,Surface water purchased,Chatham,PITTSBORO,"1,540",7,31,28
NC0319126,CHATHAM CO-NORTH,Community water system,Surface water,Chatham,APEX,"23,088",14,72,233
NC0319050,CHATHAM CO-SW CHATHAM,Community water system,Surface water purchased,Chatham,PITTSBORO,"2,470",11,76,50
NC0319120,CHATHAM PINES LLC,Community water system,Ground water,Chatham,CHAPEL HILL,98,5,35,32
NC0319104,CHATHAM S/D,Community water system,Surface water purchased,Chatham,CHAPEL HILL,365,7,112,36
NC0150179,CHATTOOGA CLUB,Community water system,Ground water,Jackson,CASHIERS,213,15,268,45
NC0122101,CHATUGE VILLAGE,Community water system,Ground water,Clay,HAYESVILLE,267,7,253,36
NC0136030,"CHERRYVILLE, CITY OF",Community water system,Surface water,Gaston,CHERRYVILLE,"6,353",13,4,489
NC1057024,CHERRYWOOD TRAILS,Community water system,Ground water,Macon,HIGHLANDS,125,4,0,5
NC2049015,CHESAPEAKE POINTE MASTER SYSTEM,Community water system,Ground water,Iredell,MOORESVILLE,455,16,1,85
NC4392107,CHESTERFIELD VILLAGE,Community water system,Ground water,Wake,WAKE FOREST,89,4,1,19
NC0276157,CHILTON`S MHP,Community water system,Ground water,Randolph,RANDOLPH COUNTY,40,4,9,26
NC0181107,CHIMNEY ROCK VILLAGE,Community water system,Ground water,Rutherford,CHIMNEY ROCK,94,14,283,98
NC0180040,"CHINA GROVE, TOWN OF",Community water system,Surface water purchased,Rowan,CHINA GROVE,"4,895",16,100,289
NC1050045,CHINQUAPIN DEVELOPMENT,Community water system,Ground water,Jackson,GLENVILLE,259,6,0,10
NC0431050,CHINQUAPIN WATER ASSOCIATION,Community water system,Ground water,Duplin,CHINQUAPIN,"4,686",18,41,80
NC0149106,CHIPLEY PARK SD,Community water system,Ground water,Iredell,STATESVILLE,251,7,41,47
NC0407025,CHOCOWINITY WATER SYSTEM,Community water system,Ground water,Beaufort,CHOCOWINITY,"2,565",15,40,73
NC0421015,CHOWAN CO WATER SYSTEM,Community water system,Ground water,Chowan,EDENTON,"11,722",19,18,69
NC0111108,CHRISTMOUNT CHRISTIAN ASSEMBLY,Community water system,Ground water,Buncombe,BLACK MOUNTAIN,250,8,50,43
NC0145167,CINNAMON WOODS,Community water system,Surface water purchased,Henderson,FLAT ROCK,288,3,28,20
NC0326331,CIRCLE D MHP,Community water system,Ground water,Cumberland,LINDEN,73,4,69,36
NC0363124,CIRCLE H MHP,Community water system,Ground water,Moore,ABERDEEN,68,7,1532,86
NC0201165,CIRCLE K PARK,Community water system,Ground water,Alamance,GRAHAM,97,4,27,38
NC0241106,CIRCLE M MHP,Community water system,Ground water,Guilford,SUMMERFIELD,183,7,128,37
NC7067007,CITY OF JACKSONVILLE - SPRINGFIELD APTS,Community water system,Ground water purchased,Onslow,JACKSONVILLE,385,3,2,6
NC3041050,CLAPP`S NURSING CTR-APPOMATTOX,Community water system,Ground water,Guilford,PLEASANT GARDEN,265,6,68,45
NC0118035,"CLAREMONT, CITY OF",Community water system,Surface water purchased,Catawba,CLAREMONT,"2,645",7,7,236
NC0363102,CLARENDON GARDENS S/D,Community water system,Ground water,Moore,PINEHURST,276,8,26,52
NC0309020,"CLARKTON, TOWN OF",Community water system,Ground water,Bladen,CLARKTON,"1,233",9,27,61
NC0122010,CLAY CO WATER & SEWER DISTRICT,Community water system,Ground water,Clay,HAYESVILLE,"1,965",16,138,74
NC0351020,"CLAYTON, TOWN OF",Community water system,Surface water purchased,Johnston,CLAYTON,"30,876",20,70,111
NC1045001,CLEAR CREEK MEADOWS S/D,Community water system,Ground water,Henderson,HENDERSONVILLE,124,4,13,21
NC0160230,CLEAR MEADOWS S/D,Community water system,Ground water,Mecklenburg,MINT HILL,160,7,357,48
NC0118105,CLEARVIEW ACRES S/D,Community water system,Ground water,Catawba,HICKORY,170,7,127,34
NC0408055,CLEARWATER VALLEY WATER ASSOC,Community water system,Ground water,Bertie,WINDSOR,46,5,51,47
NC0123055,CLEVELAND COUNTY WATER,Community water system,Surface water,Cleveland,LAWNDALE,"59,395",28,110,709
NC0351176,CLEVELAND MHP,Community water system,Ground water,Johnston,GARNER,107,6,168,37
NC0180050,"CLEVELAND, TOWN OF",Community water system,Ground water,Rowan,CLEVELAND,872,10,26,163
NC0326332,CLIFFDALE WEST,Community water system,Ground water,Cumberland,FAYETTEVILLE,"15,220",88,73,142
NC0112144,CLIFTWOOD WEST WATER SYSTEM,Community water system,Ground water,Burke,HICKORY,40,4,62,21
NC0382010,"CLINTON, CITY OF",Community water system,Ground water,Sampson,CLINTON,"11,145",26,9,85
NC0188135,CLUB COLONY S/D,Community water system,Ground water,Transylvania,LAKE TOXAWAY,38,4,15,30
NC0144025,"CLYDE, TOWN OF",Community water system,Surface water purchased,Haywood,CLYDE,"3,228",6,7,86
NC0343020,"COATS, TOWN OF",Community water system,Surface water purchased,Harnett,COATS,"3,052",5,12,67
NC0157138,COLD SPRINGS POA,Community water system,Ground water,Macon,HIGHLANDS,165,6,77,21
NC0319137,COLE PARK PLAZA,Community water system,Surface water purchased,Chatham,PITTSBORO,306,8,66,40
NC0136214,COLLEGE PARK SD,Community water system,Ground water,Gaston,DALLAS,208,7,11,31
NC3079027,COLLEYBROOKE S/D,Community water system,Ground water,Rockingham,STOKESDALE MADI,124,4,0,26
NC0392116,COLONIAL HEIGHTS-MALIBU S/D,Community water system,Ground water,Wake,GARNER,238,8,87,24
NC0392213,COLONIAL HEIGHTS-MEADOWBROOK,Community water system,Ground water,Wake,GARNER,77,4,89,23
NC0181132,COLONIAL MANOR REST HOME,Community water system,Ground water,Rutherford,RUTHERFORDTON,27,3,105,19
NC0279160,COLONIAL VILLAGE,Community water system,Ground water,Rockingham,REIDSVILLE,71,4,8,32
NC0286103,COLONIAL WOODS WATER SYSTEM,Community water system,Ground water,Surry,MT AIRY,206,8,95,36
NC0489010,COLUMBIA WATER SYSTEM,Community water system,Ground water,Tyrrell,COLUMBIA,891,8,63,119
NC0424060,COLUMBUS CO WATER DISTRICT I,Community water system,Surface water purchased,Columbus,TABOR CITY,"1,700",14,34,75
NC7024007,"COLUMBUS CO WATER DISTRICTS II, III, V",Community water system,Ground water,Columbus,WHITEVILLE,"10,442",19,87,103
NC7024013,COLUMBUS COUNTY WATER DIST IV,Community water system,Ground water,Columbus,DELCO,"2,598",9,20,70
NC0175015,COLUMBUS TOWN OF,Community water system,Ground water,Polk,COLUMBUS,"2,489",12,269,82
NC4019004,COLVARD FARMS S/D,Community water system,Ground water,Chatham,CHAPEL HILL,365,11,9,34
NC0149108,COMMODORE PENINSULA WTR SYSTEM,Community water system,Ground water,Iredell,MOORESVILLE,610,7,23,46
NC0181050,CONCORD COMM WATER SYSTEM,Community water system,Surface water purchased,Rutherford,ELLENBORO,"1,867",5,25,29
NC0113200,CONCORD ESTATES,Community water system,Ground water,Cabarrus,CONCORD,257,11,85,100
NC0113010,"CONCORD, CITY OF",Community water system,Surface water,Cabarrus,CONCORD,"120,771",27,15,391
NC0433030,CONETOE COMMUNITY WATER SYSTEM,Community water system,Ground water,Edgecombe,CONETOE,"1,090",8,65,28
NC0188104,CONNESTEE FALLS,Community water system,Ground water,Transylvania,BREVARD,"3,532",22,174,58
NC0118020,"CONOVER, CITY OF",Community water system,Surface water purchased,Catawba,CONOVER,"15,347",7,1,293
NC0150181,CONTINENTAL CLIFFS,Community water system,Ground water,Jackson,CASHIERS,78,7,61,32
NC0466025,"CONWAY, TOWN OF",Community water system,Ground water,Northampton,CONWAY,887,10,19,27
NC0392118,COOLEY`S MHP,Community water system,Ground water,Wake,YOUNGSVILLE,109,6,451,24
NC0326143,COPELAND ACRES S/D,Community water system,Ground water,Cumberland,FAYETTEVILLE,200,10,56,61
NC3001006,COPPER TRACE S/D,Community water system,Ground water,Alamance,SWEPSONVILLE,69,4,1,17
NC0136355,COPPERFIELD/CARMEL HILLS S/D,Community water system,Ground water,Gaston,GASTONIA,201,7,6,42
NC0299110,COPPERFIELD/RESTON WOODS,Community water system,Ground water,Yadkin,EAST BEND,170,9,38,39
NC0155116,CORAL PARK S/D,Community water system,Ground water,Lincoln,LINCOLNTON,48,4,103,61
NC4392125,COTESWORTH DOWN S/D,Community water system,Ground water,Wake,WAKE FOREST,510,14,107,23
NC1057005,COTTAGES AT LAKE OSSEROGA,Community water system,Ground water,Macon,HIGHLANDS,93,4,94,15
NC3095030,COTTAGES OF BOONE,Community water system,Ground water,Watauga,BOONE,890,7,11,41
NC0392081,COTTONWOOD S/D,Community water system,Ground water,Wake,KNIGHTDALE,203,7,2,18
NC0113141,COUNTRY ACRES MH S/D,Community water system,Surface water purchased,Cabarrus,CONCORD,168,15,185,49
NC0145148,COUNTRY ACRES MHP,Community water system,Ground water,Henderson,ARDEN,30,4,38,29
NC0136182,COUNTRY ACRES/SOUTHGATE,Community water system,Surface water purchased,Gaston,GASTONIA,665,7,82,76
NC0234115,COUNTRY CLUB ANNEX,Community water system,Ground water,Forsyth,WINSTON SALEM,38,6,16,35
NC0201105,COUNTRY CLUB MHP,Community water system,Ground water,Alamance,GRAHAM,127,7,144,56
NC0392092,COUNTRY CREEK S/D,Community water system,Ground water,Wake,FUQUAY-VARINA,176,7,311,23
NC0155134,COUNTRY CROSSING S/D,Community water system,Ground water,Lincoln,LINCOLNTON,191,7,9,33
NC0392340,COUNTRY CROSSING S/D,Community water system,Ground water,Wake,ROLESVILLE,135,6,66,24
NC0319124,COUNTRY ESTATES MHP,Community water system,Ground water,Chatham,APEX,60,7,220,32
NC0351104,COUNTRY HILLS S/D,Community water system,Ground water,Johnston,GARNER,152,10,24,18
NC0160218,COUNTRY HILLS S/D,Community water system,Ground water,Mecklenburg,CHARLOTTE,259,11,75,45
NC0113183,COUNTRY KNOLL S/D,Community water system,Ground water,Cabarrus,CONCORD,64,4,69,33
NC0285130,COUNTRY LIVING APTS,Community water system,Ground water,Stokes,GERMANTON,66,4,163,52
NC0136167,COUNTRY MEADOWS,Community water system,Ground water,Gaston,GASTONIA,432,10,76,55
NC0145143,COUNTRY PLACE,Community water system,Ground water,Henderson,EDNEYVILLE,97,4,26,32
NC0111157,COUNTRY PLACE S/D,Community water system,Ground water,Buncombe,LEICESTER,160,6,44,41
NC0392313,COUNTRY RIDGE S/D,Community water system,Ground water,Wake,RALEIGH,60,6,22,21
NC0392120,COUNTRY SQUIRE ESTATES,Community water system,Ground water,Wake,KNIGHTDALE,85,8,94,23
NC0392121,COUNTRY SQUIRE MOBILE ESTATES,Community water system,Ground water,Wake,ZEBULON,85,3,100,21
NC0136369,COUNTRY TIME INN,Community water system,Ground water,Gaston,KINGS MTN,59,4,90,41
NC0118306,COUNTRY VALLEY II MHP,Community water system,Ground water,Catawba,NEWTON,318,10,188,50
NC0118275,COUNTRY VALLEY MH S/D,Community water system,Ground water,Catawba,NEWTON,213,7,42,37
NC0279453,COUNTRY VILLAGE MHP,Community water system,Ground water,Rockingham,MADISON,80,6,91,41
NC0136145,COUNTRYSIDE ESTATES MHP,Community water system,Ground water,Gaston,STANLEY,99,4,64,30
NC0241191,COUNTRYSIDE S/D,Community water system,Ground water,Guilford,GREENSBORO,38,4,22,27
NC0425045,"COVE CITY, TOWN OF",Community water system,Ground water purchased,Craven,COVE CITY,440,5,16,84
NC0136382,COVINGTON ACRES MHP,Community water system,Ground water,Gaston,GASTONIA,226,9,68,39
NC0157153,COWEE MOUNTAIN S/D,Community water system,Ground water,Macon,HIGHLANDS,46,7,145,22
NC0113165,COX MILL,Community water system,Ground water,Cabarrus,CONCORD,198,4,4,54
NC1045015,CRAB CREEK VALLEY S/D,Community water system,Ground water,Henderson,HENDERSONVILLE,60,4,73,24
NC0118287,CRABTREE II S/D,Community water system,Ground water,Catawba,NEWTON,79,4,26,48
NC0425055,CRAVEN COUNTY WATER SYSTEM,Community water system,Ground water,Craven,NEW BERN,"37,848",39,74,82
NC0136362,CREEKSIDE ESTATE,Community water system,Ground water,Gaston,BESSEMER CITY,488,8,10,48
NC0392229,CREEKSIDE MOBILE VILLAGE,Community water system,Ground water,Wake,KNIGHTDALE,165,6,41,24
NC0351192,CREEKSIDE PLACE S/D,Community water system,Surface water purchased,Johnston,GARNER,361,5,3,20
NC0293110,CREEKSIDE SHORES S/D,Community water system,Ground water,Warren,LITTLETON,59,4,32,38
NC0351186,CREEKSTONE S/D,Community water system,Ground water,Johnston,CLAYTON,505,9,3,15
NC4092011,CRESCENT RIDGE S/D,Community water system,Ground water,Wake,WAKE FOREST,242,8,1,14
NC4092006,CREST OF CAROLINA MASTER,Community water system,Ground water,Wake,GARNER,564,10,1,16
NC0195128,CRESTVIEW ESTATES S/D,Community water system,Ground water,Watauga,BLOWING ROCK,87,9,25,36
NC0113142,CRESTVIEW S/D,Community water system,Ground water,Cabarrus,CONCORD,163,6,74,30
NC0180108,CRESTVIEW S/D,Community water system,Ground water,Rowan,SALISBURY,135,6,31,44
NC0276112,CRESTWOOD ESTATES,Community water system,Surface water purchased,Randolph,ARCHDALE,228,8,151,33
NC0494020,CRESWELL TOWN OF,Community water system,Ground water purchased,Washington,CRESWELL,482,12,11,71
NC4392172,CROOKED CREEK S/D,Community water system,Ground water,Wake,FUQUAY-VARINA,274,8,4,20
NC0118612,CROSS COUNTRY CAMPGROUND INC,Community water system,Ground water,Catawba,DENVER,627,6,32,40
NC0392351,CROSS CREEK MHP,Community water system,Ground water,Wake,RALEIGH,467,7,40,19
NC0138107,CROSS CREEK S/D,Community water system,Ground water,Graham,ROBBINSVILLE,117,7,78,29
NC0106010,"CROSSNORE, TOWN OF",Community water system,Ground water,Avery,CROSSNORE,195,10,302,133
NC0136371,CROWDER RIDGE MHP,Community water system,Ground water,Gaston,KINGS MOUNTAIN,30,4,17,40
NC0241112,CROWN MHP,Community water system,Ground water,Guilford,GREENSBORO,353,7,205,58
NC3041042,CRUTCHFIELD FARMS S/D,Community water system,Ground water,Guilford,OAK RIDGE,84,4,2,18
NC0195110,CRYSTAL MOUNTAIN,Community water system,Ground water,Watauga,BOONE,88,7,75,27
NC0157143,CULLASAJA CLUB,Community water system,Ground water,Macon,HIGHLANDS,800,18,42,33
NC0157152,CULLASAJA RIVER S/D,Community water system,Ground water,Macon,FRANKLIN,53,4,15,27
NC0427010,CURRITUCK COUNTY WATER SYSTEM,Community water system,Ground water,Currituck,MAPLE,"24,130",41,11,78
NC0136383,D&M RENTALS/HENRY MOBILE COURT,Community water system,Ground water,Gaston,GASTONIA,58,8,134,35
NC0136122,DALEWOOD-MONTERAY WTR SYSTEM,Community water system,Ground water,Gaston,GASTONIA,142,6,44,36
NC0392108,DALLAS ACRES,Community water system,Ground water,Wake,GARNER,150,7,73,18
NC0136065,"DALLAS, TOWN OF",Community water system,Surface water,Gaston,DALLAS,"8,212",9,82,465
NC0279040,DAN RIVER WATER INC,Community water system,Surface water purchased,Rockingham,EDEN,"12,573",15,50,50
NC0285020,"DANBURY, TOWN OF",Community water system,Ground water,Stokes,DANBURY,250,7,44,94
NC1081016,DANIEL MORGAN WTR DISTRICT-NC,Community water system,Surface water purchased,Rutherford,MOORESBORO,376,2,19,15
NC0428025,DARE CO-CAPE HATTERAS WATER,Community water system,Ground water,Dare,BUXTON,"5,486",33,8,58
NC0428035,DARE CO-RWS WATER SYSTEM,Community water system,Ground water,Dare,RODANTHE,"2,100",8,6,49
NC6028002,DARE CO-STUMPY POINT WATER SYS,Community water system,Ground water,Dare,STUMPY POINT,269,7,0,32
NC0428030,DARE COUNTY WATER SYSTEM,Community water system,Ground water,Dare,KILL DEVIL HILL,"28,732",36,11,189
NC0149175,DAVIDSON DOWNES,Community water system,Ground water,Iredell,MOORESVILLE,240,7,68,77
NC0229025,DAVIDSON WATER INC,Community water system,Surface water,Davidson,LEXINGTON,"154,307",49,30,280
NC2049011,DAVIDSON WOODS S/D,Community water system,Ground water,Iredell,STATESVILLE,71,4,0,59
NC0230015,DAVIE COUNTY WATER SYSTEM,Community water system,Surface water,Davie,MOCKSVILLE,"32,068",21,38,204
NC0276113,DAVIS MHP,Community water system,Ground water,Randolph,RANDLEMAN,74,3,46,38
NC0392122,DAVIS TOWN MHP,Community water system,Ground water,Wake,WENDELL,119,6,15,24
NC0118112,DEAL APARTMENTS,Community water system,Ground water,Catawba,CONOVER,58,3,79,23
NC3086013,DEARON VILLAGE S/D,Community water system,Ground water,Surry,PINNACLE,46,4,123,25
NC0454030,DEEP RUN WATER CORPORATION,Community water system,Surface water purchased,Lenoir,DEEP RUN,"14,196",31,11,88
NC0156125,DEER PARK HEALTH & REHAB.,Community water system,Ground water,McDowell,NEBO,290,6,75,32
NC0392389,DEERCHASE S/D,Community water system,Ground water,Wake,WAKE FOREST,757,16,25,23
NC0392250,DEERFIELD PARK S/D,Community water system,Ground water,Wake,RALEIGH,440,13,304,36
NC0286154,DEERFIELD S/D,Community water system,Ground water,Surry,MT AIRY,46,6,62,43
NC0351182,DEERFIELD S/D,Community water system,Ground water,Johnston,CLAYTON,120,4,2,16
NC0392082,DEERHURST MHC,Community water system,Ground water,Wake,WENDELL,432,7,169,29
NC0234192,DEERPATH S/D,Community water system,Ground water,Forsyth,KERNERSVILLE,142,7,7,45
NC0155135,DEERWOOD S/D,Community water system,Ground water,Lincoln,VALE,109,4,9,43
NC0136387,DELLINGER`S MHP,Community water system,Ground water,Gaston,GASTONIA,53,6,2,54
NC0229030,"DENTON, TOWN OF",Community water system,Surface water,Davidson,DENTON,"1,632",8,92,115
NC0155119,DENVER SHORES MHP WATER SYSTEM,Community water system,Ground water,Lincoln,DENVER,229,8,68,37
NC4092057,DEVONSHIRE S/D,Community water system,Ground water,Wake,RALEIGH,150,7,13,18
NC0149182,DIAMOND HEAD S/D,Community water system,Ground water,Iredell,MOORESVILLE,"1,433",16,2,148
NC1050043,"DILLSBORO WATER UTILITIES, INC.",Community water system,Surface water purchased,Jackson,DILLSBORO,37,2,17,19
NC0286030,"DOBSON, TOWN OF",Community water system,Surface water,Surry,DOBSON,"2,615",9,46,107
NC0347108,DOC-MCCAIN HOSPITAL,Community water system,Ground water,Hoke,MCCAIN,0,11,18,71
NC0279153,DOGWOOD ACRES MH S/D,Community water system,Ground water,Rockingham,REIDSVILLE,88,4,16,28
NC0180188,DOGWOOD ESTATES,Community water system,Ground water,Rowan,CHINA GROVE,64,4,8,33
NC7016045,DOGWOOD FAMILY CAMPGROUND,Community water system,Ground water,Carteret,NEWPORT,132,4,1,9
NC0111137,DOGWOOD KNOLLS SUBDIVISION,Community water system,Ground water,Buncombe,WEAVERVILLE,98,5,90,52
NC0279108,DOGWOOD MHP,Community water system,Ground water,Rockingham,REIDSVILLE,228,9,42,45
NC0136124,DONNA-LYNN MHP,Community water system,Ground water,Gaston,DALLAS,149,7,111,142
NC0136343,DON`S MHP,Community water system,Ground water,Gaston,GASTONIA,112,4,186,45
NC0149189,DOOLIE MEADOWS S/D,Community water system,Ground water,Iredell,MOORESVILLE,56,7,57,36
NC0241200,DORSETT DOWNS S/D,Community water system,Ground water,Guilford,STOKESDALE,107,4,5,30
NC2036014,DOVE MEADOWS S/D,Community water system,Ground water,Gaston,GASTONIA,56,4,2,23
NC0425025,"DOVER, TOWN OF",Community water system,Ground water,Craven,DOVER,425,8,49,71
NC0157144,DOWDLE TRACE S/D,Community water system,Ground water,Macon,FRANKLIN,79,7,51,23
NC0416117,DOWN EAST MHP,Community water system,Ground water,Carteret,BEAUFORT,107,4,82,66
NC0112045,DREXEL TOWN OF,Community water system,Surface water purchased,Burke,DREXEL,"3,302",4,9,30
NC0118268,DUAN ACRES WATER SYSTEM,Community water system,Ground water,Catawba,NEWTON,305,10,20,42
NC0309025,"DUBLIN, TOWN OF",Community water system,Ground water,Bladen,DUBLIN,603,5,22,52
NC4092063,DUNCAN RIDGE S/D,Community water system,Ground water,Wake,FUQUAY,231,10,0,15
NC0343010,"DUNN, CITY OF",Community water system,Surface water,Harnett,ERWIN,"12,497",7,4,117
NC0431085,DUPLIN COUNTY WATER SYSTEM,Community water system,Ground water,Duplin,KENANSVILLE,"18,542",68,203,105
NC4032018,DURHAM COUNTY ROUGEMONT WATER SYSTEM,Community water system,Ground water,Durham,ROUGEMONT,84,7,1,9
NC0332010,"DURHAM, CITY OF",Community water system,Surface water,Durham,DURHAM,"333,490",26,69,116
NC0351154,DUTCHESS DOWNS MH S/D,Community water system,Ground water,Johnston,CLAYTON,185,7,87,20
NC0424102,DUTCHESS FOREST S/D,Community water system,Ground water,Columbus,BRUNSWICK,81,7,72,54
NC4392116,DUXFORD S/D,Community water system,Ground water,Wake,RALEIGH,76,4,50,21
NC4392128,EAGLE CREEK S/D,Community water system,Ground water,Wake,RALEIGH,223,11,3,20
NC0180224,EAGLE LANDING S/D,Community water system,Ground water,Rowan,CHINA GROVE,112,5,9,33
NC0122107,EAGLE'S VIEW S/D,Community water system,Ground water,Clay,HAYESVILLE,127,7,82,30
NC4392195,EAGLES CROSSING S/D,Community water system,Ground water,Wake,KNIGHDALE,196,7,147,18
NC0392394,EAGLEWOOD FARMS S/D,Community water system,Ground water,Wake,WENDELL,102,4,22,19
NC0309050,"EAST ARCADIA, TOWN OF",Community water system,Ground water,Bladen,EAST ARCADIA,633,9,161,62
NC0299025,"EAST BEND, TOWN OF",Community water system,Surface water purchased,Yadkin,EAST BEND,"1,466",15,127,100
NC0136320,EAST CHESTNUT ST EXT,Community water system,Ground water,Gaston,STANLEY,213,10,10,36
NC0136243,EAST GASTON MHP,Community water system,Ground water,Gaston,MCADENVILLE,124,4,30,36
NC5063011,EAST MOORE WATER DISTRICT,Community water system,Surface water purchased,Moore,CARTHAGE,"9,330",8,9,47
NC0112148,EAST SHORES S/D,Community water system,Surface water purchased,Burke,MORGANTON,350,9,3,24
NC0180060,"EAST SPENCER, TOWN OF",Community water system,Surface water purchased,Rowan,EAST SPENCER,"1,550",4,43,90
NC0474015,EASTERN PINES WATER CORP,Community water system,Surface water purchased,Pitt,GREENVILLE,"23,000",24,10,97
NC0326280,EASTGATE SD FAYETTEVILLE PWC,Community water system,Surface water purchased,Cumberland,FAYETTEVILLE,205,7,20,48
NC7016013,EASTMAN CREEK LANDING S/D,Community water system,Ground water purchased,Carteret,BEAUFORT,335,3,17,24
NC5026027,EASTOVER SANITARY DISTRICT,Community water system,Surface water purchased,Cumberland,EASTOVER,"8,150",6,4,35
NC0160137,EASTWOOD FOREST MHP,Community water system,Ground water,Mecklenburg,CHARLOTTE,375,8,30,42
NC3095002,ECHOTA S/D,Community water system,Ground water,Watauga,BOONE,710,18,63,34
NC0362562,ECKERD CANDOR,Community water system,Ground water,Montgomery,CANDOR,92,5,93,37
NC0197606,ECKERD OF BOOMER,Community water system,Ground water,Wilkes,BOOMER,33,4,20,22
NC0279010,"EDEN, CITY OF",Community water system,Surface water,Rockingham,EDEN,"15,500",10,13,137
NC0421010,"EDENTON, TOWN OF",Community water system,Ground water,Chowan,EDENTON,"5,500",14,61,107
NC0433050,EDGECOMBE WATER & SEWER DISTRICT,Community water system,Surface water purchased,Edgecombe,TARBORO,"14,485",22,39,55
NC0392127,EDGEMONT MHP,Community water system,Ground water,Wake,WENDELL,63,7,251,22
NC0291104,EDGEWOOD ESTATES,Community water system,Ground water,Vance,HENDERSON,48,4,36,27
NC0136128,EDGEWOOD S/D,Community water system,Ground water,Gaston,GASTONIA,193,10,98,43
NC0180161,EDGEWOOD S/D,Community water system,Ground water,Rowan,CHINA GROVE,259,7,61,49
NC0392249,EL CAMINO ACRES S/D,Community water system,Ground water,Wake,KNIGHTDALE,49,4,155,22
NC0157155,EL SHADDAI,Community water system,Ground water,Macon,AQUONE,53,4,78,19
NC6070001,ELIZABETH CITY ANNEX,Community water system,Ground water purchased,Pasquotank,ELIZABETH CITY,160,5,2,24
NC0470010,"ELIZABETH CITY, CITY OF",Community water system,Ground water,Pasquotank,ELIZABETH CITY,"19,187",29,6,154
NC0309010,"ELIZABETHTOWN, TOWN OF",Community water system,Ground water,Bladen,ELIZABETHTOWN,"5,575",19,37,117
NC0106025,"ELK PARK, TOWN OF",Community water system,Ground water,Avery,ELK PARK,495,7,84,114
NC0106118,ELK RIVER CLUB DEVELOPMENT,Community water system,Ground water,Avery,BANNER ELK,732,8,53,30
NC0286020,"ELKIN, TOWN OF",Community water system,Surface water,Surry,ELKIN,"4,076",12,12,102
NC0181038,ELLENBORO TOWN OF,Community water system,Surface water purchased,Rutherford,ELLENBORO,"2,322",3,43,38
NC0377020,ELLERBE TOWN OF,Community water system,Surface water purchased,Richmond,ELLERBE,"2,050",3,50,54
NC4092065,ELLIOTT LANDING S/D,Community water system,Ground water,Wake,WILLOW SPRINGS,219,8,0,12
NC0498020,"ELM CITY, TOWN OF",Community water system,Surface water purchased,Wilson,ELM CITY,"1,450",13,120,49
NC0201025,"ELON, TOWN OF",Community water system,Surface water purchased,Alamance,ELON,"11,350",13,164,76
NC0392128,EMERALD VILLAGE S/D,Community water system,Ground water,Wake,RALEIGH,125,4,59,20
NC0102015,ENERGY UNITED WATER CORP,Community water system,Surface water purchased,Alexander,HIDDENITE,"21,148",14,29,357
NC0442025,ENFIELD WATER SYSTEM,Community water system,Surface water,Halifax,ENFIELD,"1,775",11,91,72
NC0180195,ENOCH AVE & TURNER DR MHP,Community water system,Ground water,Rowan,KANNAPOLIS,71,6,11,36
NC4092144,ETHAN MEADOWS S/D,Community water system,Ground water,Wake,WAKE FOREST,51,7,0,6
NC0368162,EUGLENA JUNCTION,Community water system,Ground water,Orange,CHAPEL HILL,96,7,100,43
NC0459114,"EVERETTS, TOWN OF",Community water system,Ground water purchased,Martin,EVERETTS,419,2,21,44
NC0424030,"FAIR BLUFF, TOWN OF",Community water system,Ground water,Columbus,FAIR BLUFF,800,9,54,68
NC4092001,FAIR OAKS S/D,Community water system,Ground water,Wake,HOLLY SPRINGS,216,8,1,16
NC0136242,FAIRFAX S/D,Community water system,Ground water,Gaston,GASTONIA,150,7,109,33
NC0180110,FAIRFIELD ACRES,Community water system,Ground water,Rowan,SALISBURY,158,7,59,83
NC0145149,FAIRFIELD APARTMENTS,Community water system,Surface water purchased,Henderson,FLETCHER,56,5,120,35
NC0425132,FAIRFIELD HARBOUR,Community water system,Ground water,Craven,BRIDGETON,"5,514",10,6,71
NC0181126,FAIRFIELD MOUNTAINS  NO 1,Community water system,Ground water,Rutherford,LAKE LURE,"1,798",14,7,23
NC0181133,FAIRFIELD MTNS-APPLE VALLEY,Community water system,Ground water,Rutherford,LAKE LURE,950,14,21,39
NC0150113,FAIRFIELD SAPPHIRE,Community water system,Ground water,Jackson,CASHIERS,"3,873",47,38,110
NC0279134,FAIRGROVE MHP,Community water system,Ground water,Rockingham,REIDSVILLE,244,8,103,53
NC0378025,"FAIRMONT, TOWN OF",Community water system,Ground water,Robeson,FAIRMONT,"2,968",11,44,68
NC0392129,FAIRVIEW WOODED ACRES MH S/D,Community water system,Ground water,Wake,HOLLY SPRINGS,284,13,40,29
NC0105432,FAIRWAY RIDGE WATER ASSOC INC,Community water system,Ground water,Ashe,WEST JEFFERSON,173,9,230,30
NC0431040,"FAISON, TOWN OF",Community water system,Ground water,Duplin,FAISON,"1,410",15,38,84
NC0180055,"FAITH, TOWN OF",Community water system,Ground water,Rowan,FAITH,"1,316",17,35,125
NC0326035,FALCON WATER SYSTEM,Community water system,Surface water purchased,Cumberland,FALCON,714,3,44,40
NC4092088,FALLS PRESERVE S/D,Community water system,Ground water,Wake,RALEIGH,36,4,1,9
NC0136337,FALLSCREST II S/D,Community water system,Ground water,Gaston,GASTONIA,356,12,67,82
NC0392131,FARM ROAD TRAILER PARK,Community water system,Ground water,Wake,RALEIGH,28,3,144,36
NC0286123,FARM WATER SYSTEM (THE),Community water system,Ground water,Surry,MT AIRY,160,7,90,29
NC0353127,FARM WATER WORKS,Community water system,Ground water,Lee,SANFORD,167,9,175,46
NC0474020,"FARMVILLE, TOWN OF",Community water system,Surface water purchased,Pitt,FARMVILLE,"8,887",32,29,112
NC0136290,FARMWOOD S/D(COUNTRYWOODS S/D),Community water system,Ground water,Gaston,GASTONIA,246,6,78,33
NC0326010,FAYETTEVILLE PUBLIC WORKS COMM,Community water system,Surface water,Cumberland,FAYETTEVILLE,"226,441",8,10,193
NC0392060,FELTONSVILLE COMM ORGANIZATION,Community water system,Surface water purchased,Wake,APEX,225,2,115,31
NC3041083,FERGUSON CREEK VILLAGE S/D,Community water system,Ground water,Guilford,LIBERTY,117,4,0,7
NC0136380,FG COMMUNITIES AT GASTONIA ESTATES,Community water system,Ground water,Gaston,GASTONIA,231,6,6,32
NC0113232,FIELDSTONE/COLD SPRINGS DEV,Community water system,Ground water,Cabarrus,CONCORD,424,11,6,85
NC0465119,FIGURE 8 ISLAND,Community water system,Ground water,New Hanover,WILMINGTON,999,13,45,46
NC1081024,FIREFLY COVE,Community water system,Ground water,Rutherford,LAKE LURE,99,7,16,27
NC0425040,FIRST CRAVEN SANITARY DISTRICT,Community water system,Ground water,Craven,BRIDGETON,"6,325",10,5,95
NC4092179,FISH HAWK RANCH S/D,Community water system,Ground water,Wake,WILLOW SPRINGS,171,8,0,7
NC0180111,FISHERMAN`S COVE WATER SYSTEM,Community water system,Ground water,Rowan,SALISBURY,359,6,180,89
NC0102127,FIVE OAKS S/D,Community water system,Ground water,Alexander,BETHLEHEM,99,7,168,38
NC0157102,FLAT MOUNTAIN ESTATES,Community water system,Ground water,Macon,HIGHLANDS,109,8,201,47
NC0136133,FLEETWOOD ACRES S/D,Community water system,Ground water,Gaston,GASTONIA,271,8,75,43
NC0105103,FLEETWOOD FALLS WATER SYSTEM,Community water system,Ground water,Ashe,FLEETWOOD,519,14,35,47
NC0145113,FLETCHER ACADEMY INC,Community water system,Ground water,Henderson,FLETCHER,790,8,125,50
NC0351195,FLOWERS PLANTATION,Community water system,Surface water purchased,Johnston,CLAYTON,"12,809",16,12,49
NC0136135,FONTAIN VILLAGE,Community water system,Ground water,Gaston,GASTONIA,285,10,124,37
NC0136291,FOREST ACRES,Community water system,Ground water,Gaston,MCADENVILLE,99,6,74,30
NC2002001,FOREST ACRES WATER CORPORATION,Community water system,Ground water,Alexander,TAYLORSVILLE,79,3,12,34
NC0181010,"FOREST CITY, TOWN OF",Community water system,Surface water,Rutherford,FOREST CITY,"21,521",5,25,200
NC0136372,FOREST COVE-SECT II,Community water system,Ground water,Gaston,BELMONT,83,4,4,33
NC4392142,FOREST GLEN MASTER,Community water system,Ground water,Wake,FUQUAY-VARINA,270,6,2,14
NC0136359,FOREST HILL MHP,Community water system,Ground water,Gaston,DALLAS,89,5,185,93
NC0150107,FOREST HILLS WATER SYSTEM,Community water system,Ground water,Jackson,CULLOWHEE,323,7,110,32
NC0113163,FOREST PINES S/D,Community water system,Ground water,Cabarrus,CONCORD,76,4,267,79
NC0136146,FOREST POINTE S/D,Community water system,Ground water,Gaston,GASTONIA,107,6,1,22
NC0118269,FOREST RIDGE S/D,Community water system,Ground water,Catawba,HICKORY,292,7,2,57
NC0201112,FOREST VALLEY MHP,Community water system,Ground water,Alamance,BURLINGTON,117,4,244,46
NC0136205,FORESTBROOK S/D,Community water system,Ground water,Gaston,GASTONIA,216,12,24,35
NC6096002,FORK TOWNSHIP PURCHASE,Community water system,Surface water purchased,Wayne,GOLDSBORO,"3,286",5,0,19
NC0496060,FORK TOWNSHIP SANITARY DISTRICT,Community water system,Ground water,Wayne,GOLDSBORO,"9,572",50,36,89
NC5043001,FORT BRAGG LINDEN OAKS,Community water system,Surface water purchased,Harnett,CAMERON,"3,733",3,3,22
NC0474050,"FOUNTAIN, TOWN OF",Community water system,Surface water purchased,Pitt,FOUNTAIN,427,6,26,78
NC0351035,"FOUR OAKS, TOWN OF",Community water system,Surface water purchased,Johnston,FOUR OAKS,"2,302",8,39,43
NC0235101,FOX PARK MHP,Community water system,Ground water,Franklin,LOUISBURG,158,7,202,27
NC0145144,FOX RIDGE S/D,Community water system,Ground water,Henderson,HENDERSONVILLE,457,6,46,29
NC0332116,FOX RUN S/D,Community water system,Ground water,Durham,DURHAM,272,7,11,34
NC0136261,FOX RUN S/D,Community water system,Ground water,Gaston,GASTONIA,516,8,31,48
NC0392100,FOX-N-HOUNDS S/D,Community water system,Ground water,Wake,ZEBULON,87,4,2,16
NC0368144,FOXBORO ESTATES,Community water system,Ground water,Orange,CHAPEL HILL,48,6,11,28
NC0241238,FOXBURY MEADOWS S/D,Community water system,Ground water,Guilford,OAK RIDGE,79,4,61,25
NC0241208,FOXBURY S/D,Community water system,Ground water,Guilford,OAK RIDGE,63,4,29,20
NC0136154,FOXFIRE S/D,Community water system,Ground water,Gaston,GASTONIA,61,4,5,37
NC0363479,"FOXFIRE VILLAGE, TOWN OF",Community water system,Ground water,Moore,FOXFIRE VILLAGE,"1,975",21,232,87
NC4392163,FOXMOOR S/D,Community water system,Ground water,Wake,RALEIGH,203,7,4,13
NC0235030,FRANKLIN COUNTY WATER & SEWER,Community water system,Surface water purchased,Franklin,FRANKLINTON,"26,060",16,38,77
NC0157010,"FRANKLIN, TOWN OF",Community water system,Surface water,Macon,FRANKLIN,"9,992",5,51,206
NC0235010,"FRANKLINTON, TOWN OF",Community water system,Surface water,Franklin,FRANKLINTON,"3,142",13,143,121
NC0276035,"FRANKLINVILLE, TOWN OF",Community water system,Surface water purchased,Randolph,FRANKLINVILLE,"1,400",5,76,46
NC0149113,FREEMONT PARK S/D,Community water system,Ground water,Iredell,MOORESVILLE,122,4,42,41
NC0496025,"FREMONT, TOWN OF",Community water system,Ground water purchased,Wayne,FREMONT,"1,265",7,33,37
NC0145156,FRUITLAND MHP,Community water system,Ground water,Henderson,HENDERSONVILLE,75,4,6,26
NC0392055,"FUQUAY-VARINA, TOWN OF",Community water system,Surface water purchased,Wake,FUQUAY-VARINA,"42,954",14,28,120
NC0180115,GADDY MHP,Community water system,Ground water,Rowan,KANNAPOLIS,76,4,113,59
NC0136244,GALLAGHER TRAILS S/D,Community water system,Ground water,Gaston,DALLAS,109,8,83,40
NC4092027,GALLOWAY S/D,Community water system,Ground water,Wake,WAKE FOREST,231,6,2,14
NC4092197,GARDNER FARMS S/D,Community water system,Ground water,Wake,WILLOW SPRINGS,84,4,2,1
NC0382020,"GARLAND, TOWN OF",Community water system,Ground water,Sampson,GARLAND,948,6,40,52
NC0351156,GARNER ESTATES MH S/D,Community water system,Ground water,Johnston,GARNER,114,8,76,25
NC0235131,GARRETT RIDGE S/D,Community water system,Ground water,Franklin,BUNN,53,4,33,14
NC0293112,GASTON HEIGHTS S/D,Community water system,Ground water,Warren,LITTLETON,76,4,3,15
NC0437020,GATES COUNTY WATER SYSTEM,Community water system,Ground water,Gates,GATESVILLE,"11,621",11,17,57
NC0392133,GAYLEE VILLAGE,Community water system,Ground water,Wake,WENDELL,465,10,4,22
NC1057026,GEMSTONE VILLAGE,Community water system,Surface water purchased,Macon,FRANKLIN,75,2,2,5
NC0392352,GENTLE SLOPE SUBDIVISION,Community water system,Ground water,Wake,GARNER,38,4,85,36
NC4051010,GIBSON GLEN S/D,Community water system,Ground water,Johnston,MIDDLESEX,60,4,1,9
NC0383015,"GIBSON, TOWN OF",Community water system,Ground water purchased,Scotland,GIBSON,589,7,66,58
NC0241025,"GIBSONVILLE, TOWN OF",Community water system,Surface water purchased,Guilford,GIBSONVILLE,"8,920",15,51,83
NC0279692,GIDEON GROVE TP  NO 1,Community water system,Ground water,Rockingham,STOKESDALE,71,4,99,66
NC0112109,GINGERCAKE ACRES,Community water system,Ground water,Burke,JONAS RIDGE,270,6,107,29
NC4092155,GLEN CREEK,Community water system,Ground water,Wake,GARNER,229,6,27,12
NC0118315,GLENCROFT S/D,Community water system,Ground water,Catawba,NEWTON,178,7,3,36
NC0160329,GLENCROFT S/D,Community water system,Ground water,Mecklenburg,MINT HILL,112,4,7,33
NC2090010,GLENCROFT S/D,Community water system,Surface water purchased,Union,WINGATE,380,2,34,31
NC0392293,GLENDALE MASTER SYSTEM,Community water system,Ground water,Wake,RALEIGH,633,19,66,28
NC1088013,GLENLAUREL PRESERVE - ROSMAN,Community water system,Ground water,Transylvania,ROSMAN,35,7,84,12
NC0136300,GLENNBURN S/D,Community water system,Ground water,Gaston,DALLAS,73,4,28,38
NC0136357,GLORIA ACRES MHP,Community water system,Ground water,Gaston,STANLEY,122,4,18,58
NC0465121,GLYNNWOOD MHP,Community water system,Ground water,New Hanover,WILMINGTON,208,6,8,50
NC0326050,"GODWIN, TOWN OF",Community water system,Surface water purchased,Cumberland,GODWIN,390,2,10,36
NC0496010,"GOLDSBORO, CITY OF",Community water system,Surface water,Wayne,GOLDSBORO,"34,959",19,7,162
NC0319025,GOLDSTON-GULF SANITARY DIST,Community water system,Surface water purchased,Chatham,GOLDSTON,"1,187",8,171,70
NC0276211,GOLDSTON`S MHP,Community water system,Ground water,Randolph,RAMSEUR,43,4,111,34
NC0136237,GOODWILL ACRES,Community water system,Ground water,Gaston,GASTONIA,137,9,143,41
NC0416130,GOOSE CREEK RESORT,Community water system,Ground water,Carteret,CAPE CARTERET,"1,600",9,19,60
NC0201015,"GRAHAM, CITY OF",Community water system,Surface water,Alamance,MEBANE,"18,354",8,15,110
NC0106108,GRANDFATHER GOLF & COUNTRY CLU,Community water system,Ground water,Avery,LINVILLE,250,7,21,50
NC0234124,GRANDVIEW WATER SYSTEM,Community water system,Ground water,Forsyth,PFAFFTOWN,198,8,10,46
NC0114030,"GRANITE FALLS, TOWN OF",Community water system,Surface water,Caldwell,GRANITE FALLS,"7,318",5,41,145
NC0120109,GRANNY SQUIRREL,Community water system,Ground water,Cherokee,ANDREWS,142,9,86,36
NC0239103,GRANVILLE FAMILY PARK,Community water system,Ground water,Granville,OXFORD,232,10,37,38
NC0239124,GRANVILLE PINES MHP,Community water system,Ground water,Granville,STOVALL,53,3,54,25
NC2023003,GRASSY POND WATER CORPORATION,Community water system,Surface water purchased,Cleveland,GAFFNEY,"1,303",6,8,20
NC0149117,GRAYSON PARK,Community water system,Ground water,Iredell,STATESVILLE,124,7,43,35
NC4092139,GRAYSTONE S/D,Community water system,Surface water purchased,Wake,FUQUAY VARINA,53,2,3,8
NC0234183,GRAYSTONE/SMOKERISE WATER SYSTEM,Community water system,Ground water,Forsyth,KERNERSVILLE,455,20,59,57
NC0180178,GREEN ACRES MHP,Community water system,Ground water,Rowan,ENOCHVILLE,119,4,85,36
NC0454109,GREEN ACRES MHP,Community water system,Ground water,Lenoir,KINSTON,229,8,24,60
NC0180201,GREEN ACRES MHP,Community water system,Ground water,Rowan,SALISBURY,71,3,92,58
NC0195160,GREEN BRIAR APARTMENTS,Community water system,Ground water,Watauga,BOONE,35,7,26,36
NC0286106,GREEN HEIGHTS WATER SYSTEM,Community water system,Ground water,Surry,MT AIRY,36,4,70,31
NC0201030,"GREEN LEVEL, TOWN OF",Community water system,Surface water purchased,Alamance,GREEN LEVEL,"2,450",3,33,57
NC0136138,GREEN MEADOWS/HEATHER ACRES SD,Community water system,Ground water,Gaston,GASTONIA,213,7,43,38
NC0114459,GREEN MOUNTAIN PARK,Community water system,Ground water,Caldwell,LENOIR,"1,194",12,163,39
NC0113158,GREEN OAKS S/D,Community water system,Ground water,Cabarrus,CONCORD,46,4,225,67
NC0392223,GREEN PINES PARK,Community water system,Ground water,Wake,GARNER,66,3,100,33
NC0136139,GREEN ROAD WATER SYSTEM,Community water system,Ground water,Gaston,STANLEY,41,4,104,34
NC0144489,GREEN VALLEY MHP,Community water system,Ground water,Haywood,WAYNESVILLE,110,6,181,32
NC0118251,GREENBRIAR S/D WATER SYSTEM,Community water system,Ground water,Catawba,HICKORY,158,4,117,27
NC0440106,GREENE CO REGIONAL WATER SYST,Community water system,Surface water purchased,Greene,SNOW HILL,"11,026",46,68,98
NC0431060,"GREENEVERS, TOWN OF",Community water system,Ground water,Duplin,GREENEVERS,"1,390",7,76,58
NC0118273,GREENFIELD S/D,Community water system,Ground water,Catawba,STARTOWN,193,7,7,36
NC0286107,GREENFIELD WATER SYSTEM,Community water system,Surface water purchased,Surry,MT AIRY,244,2,105,32
NC0241010,"GREENSBORO, CITY OF",Community water system,Surface water,Guilford,GREENSBORO,"319,588",29,8,209
NC0474010,GREENVILLE UTILITIES COMM,Community water system,Surface water,Pitt,GREENVILLE,"103,140",31,8,184
NC0118264,GREENWOOD S/D,Community water system,Ground water,Catawba,CONOVER,61,5,68,36
NC0474140,GREGORY MEADOWS AT BELVOIR NO. 1,Community water system,Ground water,Pitt,GREENVILLE,124,4,41,46
NC0474142,GREGORY MEADOWS AT BELVOIR NO. 2,Community water system,Ground water,Pitt,GREENVILLE,200,6,194,43
NC4092083,GREYCLIFF MASTER,Community water system,Ground water,Wake,WAKE FOREST,235,13,3,14
NC0332111,GREYMOSS S/D,Community water system,Ground water,Durham,DURHAM,361,11,15,36
NC4092021,GREYTHORNE S/D,Community water system,Ground water,Wake,CARY,94,4,2,11
NC0474035,"GRIFTON, TOWN OF",Community water system,Surface water purchased,Pitt,GRIFTON,"2,982",8,111,84
NC0474055,"GRIMESLAND, TOWN OF",Community water system,Ground water,Pitt,GRIMESLAND,332,8,8,74
NC4392211,GRISSOM FARM S/D,Community water system,Ground water,Wake,GARNER,236,6,3,15
NC0123030,"GROVER, TOWN OF",Community water system,Surface water purchased,Cleveland,GROVER,805,3,43,68
NC0442040,HALIFAX CO--HALIFAX,Community water system,Surface water purchased,Halifax,ROANOKE RAPIDS,"20,250",22,58,68
NC0442030,"HALIFAX, TOWN OF",Community water system,Surface water purchased,Halifax,HALIFAX,178,4,49,29
NC0459025,"HAMILTON, TOWN OF",Community water system,Ground water,Martin,HAMILTON,408,7,32,65
NC0377010,HAMLET WATER SYSTEM,Community water system,Surface water,Richmond,HAMLET,"10,635",7,97,130
NC7071022,HAMPSTEAD PINES,Community water system,Ground water,Pender,HAMPSTEAD,178,7,49,53
NC0195111,HAMPTON MHP,Community water system,Ground water,Watauga,BOONE,37,3,33,21
NC4092084,HAMPTON PARK SD,Community water system,Ground water,Wake,FUQUAY-VARINA,206,6,29,18
NC0392376,HAMPTON RIDGE S/D,Community water system,Ground water,Wake,RALEIGH,460,9,7,21
NC0229035,HANDY SANITARY DISTRICT,Community water system,Surface water purchased,Davidson,DENTON,"9,548",14,61,77
NC0392364,HANOVER DOWNS S/D,Community water system,Ground water,Wake,GARNER,53,4,9,22
NC0180184,HAPPY HOLLOW S/D,Community water system,Ground water,Rowan,ROCKWELL,112,6,6,67
NC0363128,HAPPY VALLEY S/D,Community water system,Ground water,Moore,WEST END,58,4,18,35
NC0160276,HARBOR CLUB S/D,Community water system,Ground water,Mecklenburg,CHARLOTTE,163,6,5,47
NC0160211,HARBOR HOUSE S/D,Community water system,Ground water,Mecklenburg,CHARLOTTE,25,7,78,50
NC2013034,HARBOR TOWNE WATER SYSTEM,Community water system,Surface water purchased,Cabarrus,CONCORD,536,3,0,1
NC0149190,HARBOR VIEW S/D,Community water system,Ground water,Iredell,MOORESVILLE,549,6,2,36
NC0149185,HARBOUR POINT S/D,Community water system,Surface water purchased,Iredell,MOORESVILLE,"4,031",66,258,216
NC0332139,HARDSCRABBLE S/D,Community water system,Ground water,Durham,DURHAM,643,19,36,29
NC0416025,HARKERS ISLAND SANITARY DIST,Community water system,Ground water,Carteret,HARKERS ISLAND,"2,586",7,9,70
NC0416221,HARKERS VILLAGE S/D,Community water system,Ground water,Carteret,HARKERS ISLAND,94,6,43,32
NC0416205,HARMONY ESTATES,Community water system,Ground water,Carteret,NEWPORT,49,4,45,42
NC0156136,HARMONY ESTATES S/D,Community water system,Ground water,McDowell,NEBO,100,6,8,26
NC4392229,HARMONY GLEN S/D,Community water system,Ground water,Wake,CARY,74,4,2,14
NC0343045,HARNETT REGIONAL WATER,Community water system,Surface water,Harnett,LILLINGTON,"121,885",8,11,205
NC0382030,HARRELLS WATER CORP,Community water system,Ground water,Sampson,HARRELLS,"1,642",8,39,54
NC0446040,"HARRELLSVILLE, TOWN OF",Community water system,Ground water,Hertford,HARRELLSVILLE,843,5,55,70
NC0113025,"HARRISBURG, TOWN OF",Community water system,Surface water purchased,Cabarrus,HARRISBURG,"20,549",25,29,303
NC4092074,HARRISON RIDGE SUBDIVISION,Community water system,Ground water,Wake,WAKE FOREST,117,6,8,9
NC3041069,HARTMAN FARMS S/D,Community water system,Ground water,Guilford,BROWNS SUMMIT,81,4,0,16
NC0425015,HAVELOCK WATER SYSTEM,Community water system,Ground water,Craven,HAVELOCK,"14,925",15,24,130
NC0201020,"HAW RIVER, TOWN OF",Community water system,Surface water purchased,Alamance,HAW RIVER,"2,650",5,37,46
NC0118296,HAWKS RIDGE S/D,Community water system,Ground water,Catawba,HICKORY,152,7,3,45
NC0111150,HAZELWOOD HOMEOWNERS ASSOC,Community water system,Surface water purchased,Buncombe,ASHEVILLE,100,2,59,28
NC0368189,HEARTWOOD S/D,Community water system,Ground water,Orange,CHAPEL HILL,94,8,5,26
NC0351173,HEATHER DOWNS MH S/D,Community water system,Ground water,Johnston,CLAYTON,112,4,6,17
NC0332121,HEATHER GLEN S/D,Community water system,Ground water,Durham,DURHAM,255,13,1,25
NC0136255,HEATHER GLEN/HIGHLAND,Community water system,Surface water purchased,Gaston,BELMONT,132,7,5,31
NC4051001,HEATHERSTONE S/D,Community water system,Ground water,Johnston,WILLOW SPRINGS,48,4,2,14
NC4392119,HEATHERSTONE WEST S/D,Community water system,Ground water,Wake,RALEIGH,234,7,3,17
NC2060020,HEATHFIELD S/D,Community water system,Ground water,Mecklenburg,MINT HILL,165,6,4,42
NC0195176,HEAVENLY MTN RESORT-VILLAGE,Community water system,Ground water,Watauga,BOONE,25,8,6,24
NC0136239,HELMS WATER SYSTEM,Community water system,Ground water,Gaston,STANLEY,94,7,136,51
NC0291010,HENDERSON-KERR LAKE REG WTR,Community water system,Surface water,Vance,HENDERSON,"14,937",10,36,142
NC0145010,"HENDERSONVILLE, CITY OF",Community water system,Surface water,Henderson,HENDERSONVILLE,"79,278",12,69,338
NC0241234,HENSON FARMS S/D,Community water system,Ground water,Guilford,SUMMERFIELD,251,10,19,25
NC3041033,HENSON FOREST S/D,Community water system,Ground water,Guilford,SUMMERFIELD,360,9,3,46
NC0102104,HERITAGE FARMS S/D,Community water system,Surface water purchased,Alexander,BETHLEHEM,84,8,46,31
NC0157150,HERITAGE HILLS,Community water system,Ground water,Macon,FRANKLIN,74,4,27,23
NC0392137,HERITAGE SPRING ACRES,Community water system,Ground water,Wake,RALEIGH,56,4,237,32
NC0276165,HERITAGE WEST,Community water system,Ground water,Randolph,ASHEBORO,40,4,42,34
NC0118122,HERMAN ACRES S/D,Community water system,Ground water,Catawba,HICKORY,113,4,62,27
NC0149169,HERONWOOD S/D,Community water system,Ground water,Iredell,STATESVILLE,483,8,45,72
NC0446045,HERTFORD COUNTY RURAL WATER,Community water system,Ground water,Hertford,WINTON,"7,970",21,6,60
NC0472010,HERTFORD WATER SYSTEM,Community water system,Ground water,Perquimans,HERTFORD,"2,145",12,19,75
NC0150136,"HH WATER, LLC",Community water system,Ground water,Jackson,CASHIERS,770,22,174,58
NC0118010,HICKORY CITY OF,Community water system,Surface water,Catawba,HICKORY,"71,393",16,3,718
NC0286178,HICKORY CREEK S/D,Community water system,Ground water,Surry,MOUNT AIRY,158,7,4,19
NC0136386,HICKORY CREEK/ STARRLAND W/S,Community water system,Ground water,Gaston,GASTONIA,528,11,60,31
NC0136240,HICKORY GROVE MHP,Community water system,Ground water,Gaston,DALLAS,69,4,124,45
NC0392332,HICKORY HAVEN S/D,Community water system,Ground water,Wake,WILLOW SPRINGS,41,4,103,24
NC0180425,HICKORY LANE MHP,Community water system,Ground water,Rowan,SALISBURY,83,4,38,41
NC0136303,HICKORY RIDGE S/D,Community water system,Ground water,Gaston,MOUNT HOLLY,178,6,7,28
NC0136225,HICKORY VILLAGE MHP,Community water system,Ground water,Gaston,GASTONIA,165,8,98,62
NC0118290,HIDDEN CREEK ESTATES,Community water system,Ground water,Catawba,HICKORY,340,7,6,38
NC0276208,HIDDEN FOREST MHP,Community water system,Ground water,Randolph,RANDLEMAN,380,10,101,126
NC0392324,HIDDEN HOLLOW S/D,Community water system,Ground water,Wake,KNIGHTDALE,123,5,45,20
NC4092096,HIGH GROVE S/D,Community water system,Ground water,Wake,FUQUAY-VARINA,373,10,0,18
NC0103102,HIGH MEADOWS S/D,Community water system,Ground water,Alleghany,ROARING GAP,650,9,35,59
NC0392334,HIGH MEADOWS S/D,Community water system,Ground water,Wake,NEW HOPE,320,8,4,18
NC0241020,"HIGH POINT, CITY OF",Community water system,Surface water,Guilford,HIGH POINT,"118,662",18,10,155
NC0136075,"HIGH SHOALS, CITY OF",Community water system,Surface water purchased,Gaston,HIGH SHOALS,729,7,65,220
NC0145140,HIGH VISTA ESTATES,Community water system,Surface water purchased,Henderson,HENDERSONVILLE,775,4,46,26
NC1057013,HIGHGATE S/D,Community water system,Ground water,Macon,HIGHLANDS,62,7,2,11
NC4032025,HIGHLAND PARK S/D,Community water system,Ground water,Durham,DURHAM,76,6,0,1
NC0150200,HIGHLANDS COVE S/D,Community water system,Ground water,Jackson,CASHIERS,604,12,21,22
NC0157123,HIGHLANDS FALLS COUNTRY CLUB,Community water system,Ground water,Macon,HIGHLANDS,650,17,91,49
NC0157015,"HIGHLANDS, TOWN OF",Community water system,Surface water,Macon,HIGHLANDS,"6,614",9,94,150
NC0368118,HILL TOP MHP,Community water system,Ground water,Orange,CHAPEL HILL,139,5,38,32
NC0155127,HILL-N-DALE-LINCOLN VIEW S/D,Community water system,Surface water purchased,Lincoln,LINCOLNTON,320,2,8,74
NC0347107,HILLCREST-SCURLOCK WATER INC,Community water system,Ground water,Hoke,RAEFORD,"1,369",12,309,56
NC0286149,HILLCREST/MCBRIDE HEIGHTS S/D,Community water system,Ground water,Surry,MT AIRY,491,12,67,52
NC4392169,HILLINGTON WEST S/D,Community water system,Ground water,Wake,GARNER,394,10,13,15
NC0102106,HILLSBORO S/D,Community water system,Ground water,Alexander,BETHLEHEM,170,7,43,43
NC0368015,"HILLSBOROUGH, TOWN OF",Community water system,Surface water,Orange,HILLSBOROUGH,"14,006",13,52,123
NC0442035,"HOBGOOD, TOWN OF",Community water system,Ground water,Halifax,HOBGOOD,665,11,8,27
NC0347025,HOKE CO REGIONAL WATER SYSTEM,Community water system,Ground water,Hoke,RAEFORD,"36,640",70,561,182
NC0347030,HOKE CO REGIONAL--ROCKFISH,Community water system,Surface water purchased,Hoke,RAEFORD,"13,378",12,14,34
NC4092102,HOKE LANDING S/D,Community water system,Ground water,Wake,GARNER,165,9,2,10
NC0410060,"HOLDEN BEACH, TOWN OF",Community water system,Surface water purchased,Brunswick,HOLDEN BEACH,"6,299",4,8,39
NC0241117,HOLIDAY HILLS WTR SYSTEM,Community water system,Ground water,Guilford,GREENSBORO,135,6,21,31
NC4092032,HOLLAND DOWNS S/D,Community water system,Ground water,Wake,FUQUAY VARINA,50,4,22,13
NC4392150,HOLLAND MASTER SYSTEM,Community water system,Ground water,Wake,GARNER,325,12,1,17
NC0286146,HOLLOWS WATER SYSTEM (THE),Community water system,Ground water,Surry,MT AIRY,378,10,68,47
NC0136148,HOLLY ACRES,Community water system,Ground water,Gaston,MOUNT HOLLY,137,7,13,33
NC0136227,HOLLY FAYE MHP,Community water system,Ground water,Gaston,GASTONIA,60,4,235,73
NC0118126,HOLLY HILLS S/D,Community water system,Ground water,Catawba,SHERRILS FORD,41,4,72,31
NC0181134,HOLLY HILLS S/D,Community water system,Surface water purchased,Rutherford,FOREST CITY,122,4,42,21
NC0392050,"HOLLY SPRINGS, TOWN OF",Community water system,Surface water purchased,Wake,HOLLY SPRINGS,"51,947",11,43,135
NC0145157,HOLLY TREE S/D,Community water system,Surface water purchased,Henderson,HENDERSONVILLE,95,2,27,23
NC0368119,HOMESTEAD MHP,Community water system,Ground water,Orange,CHAPEL HILL,25,9,69,31
NC0474110,HOMESTEAD MHP  NO 2,Community water system,Ground water,Pitt,GREENVILLE,200,6,63,52
NC0118171,HOMESTEAD PARK S/D,Community water system,Ground water,Catawba,HICKORY,137,8,129,52
NC0149118,HOMESTEAD S/D,Community water system,Ground water,Iredell,MOORESVILLE,51,4,42,35
NC0118241,HOMESTEAD S/D WATER SYSTEM,Community water system,Ground water,Catawba,HICKORY,389,10,15,40
NC4092103,HONEYCUTT LANDING S/D,Community water system,Ground water,Wake,,473,7,1,15
NC3041130,HONEYCUTT RESERVE,Community water system,Ground water,Guilford,OAK RIDGE,132,6,62,21
NC0440020,"HOOKERTON, TOWN OF",Community water system,Ground water,Greene,HOOKERTON,409,9,26,76
NC0145127,HOOPERS VALLEY ESTATES,Community water system,Surface water purchased,Henderson,ARDEN,220,2,93,18
NC4092040,HOPSON DOWNS S/D,Community water system,Ground water,Wake,HOLLY SPRINGS,282,9,0,17
NC0392113,HORSESHOE MOBILE ESTATES,Community water system,Ground water,Wake,GARNER,255,9,120,37
NC0158020,"HOT SPRINGS, TOWN OF",Community water system,Ground water,Madison,HOT SPRINGS,887,6,123,106
NC0195112,HOUND EARS WATER SYSTEM,Community water system,Ground water,Watauga,BOONE,975,25,4,41
NC0156127,HOUSTON HOUSE REST HOME,Community water system,Ground water,McDowell,UNION MILLS,40,4,163,25
NC0136150,HOVIS RD W/S,Community water system,Ground water,Gaston,STANLEY,33,4,103,30
NC0136163,HOYLE`S CREEK MHP,Community water system,Ground water,Gaston,DALLAS,147,7,21,30
NC4092042,HUDSON MEADOWS S/D,Community water system,Ground water,Wake,GARNER,122,4,10,17
NC4092185,HUFFINGTON S/D,Community water system,Ground water,Wake,WILLOW SPRINGS,109,6,1,6
NC1061009,HUMPBACK MOUNTAIN,Community water system,Ground water,Mitchell,SPRUCE PINE,25,7,4,17
NC4392105,HUNT FARMS S/D,Community water system,Ground water,Wake,GARNER,90,4,82,19
NC0241217,HUNTCLIFF S/D,Community water system,Ground water,Guilford,GREENSBORO,262,5,2,18
NC4392146,HUNTDELL S/D,Community water system,Ground water,Wake,WENDELL,150,9,8,14
NC0291120,HUNTER`S RIDGE S/D,Community water system,Ground water,Vance,HENDERSON,81,8,69,37
NC0299117,HUNTING CREEK S/D,Community water system,Ground water,Yadkin,YADKINVILLE,61,5,2,22
NC0416186,HUNTING ESTATES,Community water system,Ground water,Carteret,NEWPORT,80,5,9,44
NC3041010,HUNTING RIDGE S/D,Community water system,Ground water,Guilford,OAK RIDGE,58,4,60,19
NC0160146,HUNTINGTON FOREST S/D,Community water system,Ground water,Mecklenburg,HUNTERSVILLE,201,8,75,35
NC0241111,HUNTINGTON WOODS MHP,Community water system,Ground water,Guilford,GREENSBORO,300,7,72,91
NC2060097,HUNTLEY GLEN TOWNHOMES,Community water system,Surface water purchased,Mecklenburg,PINEVILLE,147,2,3,9
NC0160147,HUNTWOOD MHP,Community water system,Ground water,Mecklenburg,CHARLOTTE,213,8,89,42
NC0448010,HYDE COUNTY WATER SYSTEM,Community water system,Ground water,Hyde,SWANQUARTER,"5,256",16,71,75
NC0112060,ICARD TOWNSHIP WATER CORP,Community water system,Surface water purchased,Burke,HILDEBRAN,"7,821",6,7,45
NC0136151,IDLEWILD PARK,Community water system,Ground water,Gaston,GASTONIA,84,6,44,38
NC0118130,IDLEWOOD ACRES WATER SYSTEM,Community water system,Ground water,Catawba,NEWTON,66,4,52,36
NC0188128,INDIAN LAKES ESTATE S/D,Community water system,Ground water,Transylvania,BREVARD,75,7,84,31
NC0145142,INDIAN SPRINGS MHP,Community water system,Surface water purchased,Henderson,HENDERSONVILLE,76,5,19,25
NC0150501,INGLES SUPERMARKET  NO 110,Community water system,Ground water,Jackson,CASHIERS,66,7,23,28
NC0286104,INGLEWOOD WATER SYSTEM,Community water system,Ground water,Surry,MT AIRY,150,7,66,45
NC0416113,INTEGRATED CARE OF GREATER HICKORY INC.,Community water system,Ground water,Carteret,SEA LEVEL,35,7,92,61
NC4092105,INWOOD FOREST,Community water system,Ground water,Wake,RALEIGH,125,6,5,12
NC0149025,IREDELL WATER CORPORATION,Community water system,Surface water purchased,Iredell,STATESVILLE,"29,370",102,183,409
NC2060088,IRONGATE S/D,Community water system,Ground water,Mecklenburg,,76,4,2,18
NC0190127,"JAARS, INC",Community water system,Ground water,Union,WAXHAM,625,10,63,45
NC0293106,JACKS LANDING S/D,Community water system,Ground water,Warren,VAUGHN,122,4,17,42
NC0454127,JACKSON HEIGHTS MHP,Community water system,Ground water,Lenoir,KINSTON,107,7,20,118
NC4092146,JACKSON MANOR S/D,Community water system,Ground water,Wake,RALEIGH,175,6,1,6
NC0466010,"JACKSON, TOWN OF",Community water system,Ground water,Northampton,JACKSON,480,9,12,23
NC0467010,JACKSONVILLE CITY OF,Community water system,Ground water,Onslow,JACKSONVILLE,"49,093",59,28,224
NC0279410,JACOB`S CRK NURSING AND REHAB CENTER,Community water system,Ground water,Rockingham,MADISON,235,5,48,38
NC0118305,JACOB`S VIEW S/D,Community water system,Ground water,Catawba,HICKORY,238,9,2,37
NC0241030,"JAMESTOWN, TOWN OF",Community water system,Surface water purchased,Guilford,JAMESTOWN,"6,543",7,22,58
NC0118242,JAMESTOWNE S/D WATER SYSTEM,Community water system,Ground water,Catawba,HICKORY,163,7,83,59
NC0459030,"JAMESVILLE, TOWN OF",Community water system,Ground water,Martin,JAMESVILLE,440,8,2,96
NC4392188,JAMISON PARK S/D,Community water system,Ground water,Wake,HOLLY SPRINGS,531,11,1,18
NC0440022,JASON WATER CORPORATION,Community water system,Ground water,Greene,SNOW HILL,331,19,37,56
NC0145161,JAY MAR TRAILER PARK,Community water system,Ground water,Henderson,HENDERSONVILLE,50,6,50,29
NC0392195,JCH MHP LLC,Community water system,Ground water,Wake,FUQUAY-VARINA,50,4,70,23
NC4092031,JEFFERSON HILL S/D,Community water system,Ground water,Wake,RALEIGH,81,4,1,13
NC0105108,JEFFERSON LANDING,Community water system,Ground water,Ashe,JEFFERSON,653,8,328,36
NC0105015,"JEFFERSON, TOWN OF",Community water system,Surface water,Ashe,JEFFERSON,"1,740",13,34,87
NC0392180,JEFFREYS MHP  NO 2,Community water system,Ground water,Wake,ZEBULON,115,9,304,26
NC1045034,JETER MOUNTAIN MHP,Community water system,Ground water,Henderson,HENDERSONVILLE,54,4,13,17
NC0111130,JEWEL ACRES WATER SERVICE,Community water system,Ground water,Buncombe,ASHEVILLE,90,4,146,40
NC0392147,JOHNSON & SON MHP,Community water system,Ground water,Wake,GARNER,102,4,123,22
NC0111171,JOHNSON-SILER MHP,Community water system,Surface water purchased,Buncombe,ASHEVILLE,150,2,52,24
NC4051018,JOHNSTON CO-EAST,Community water system,Surface water,Johnston,SMITHFIELD,"25,212",24,3,35
NC0351070,JOHNSTON CO-WEST,Community water system,Surface water,Johnston,WILSON MILLS,"99,027",29,8,131
NC0112149,JONAS RIDGE REST HOME,Community water system,Ground water,Burke,JONAS RIDGE,80,5,31,32
NC0452020,JONES COUNTY WATER SYSTEM,Community water system,Ground water,Jones,TRENTON,"8,860",26,11,70
NC0392084,JONES DAIRY FARM S/D,Community water system,Ground water,Wake,WAKE FOREST,175,6,23,22
NC0299010,"JONESVILLE, TOWN OF",Community water system,Surface water,Yadkin,JONESVILLE,"2,354",9,110,177
NC4392135,JORDAN RIDGE S/D,Community water system,Ground water,Wake,GARNER,99,4,1,13
NC0392099,JORDAN WOODS S/D,Community water system,Ground water,Wake,GARNER,70,7,27,22
NC0144035,JUNALUSKA SANITARY DISTRICT,Community water system,Surface water purchased,Haywood,WAYNESVILLE,"5,138",9,21,77
NC4092145,KANATA MILLS S/D,Community water system,Ground water,Wake,RALEIGH,341,7,1,5
NC0180065,"KANNAPOLIS, CITY OF",Community water system,Surface water,Rowan,KANNAPOLIS,"56,050",18,151,611
NC4032015,KEENELAND MANOR S/D,Community water system,Ground water,Durham,DURHAM,51,4,1,10
NC0326300,KELLY HILL S/D,Community water system,Surface water purchased,Cumberland,FAYETTEVILLE,109,2,20,37
NC0136191,KELTIC MEADOWS,Community water system,Ground water,Gaston,GASTONIA,259,8,2,27
NC0431030,"KENANSVILLE, TOWN OF",Community water system,Ground water,Duplin,KENANSVILLE,876,8,41,58
NC0241201,KENDALE WOODS ESTATES,Community water system,Ground water,Guilford,HIGH POINT,71,4,5,23
NC4392225,KENDALL HILL MASTER,Community water system,Ground water,Wake,GARNER,267,6,2,17
NC0351030,"KENLY, TOWN OF",Community water system,Surface water purchased,Johnston,KENLY,"2,301",7,68,42
NC4092064,KENNEBEC FARMS S/D,Community water system,Ground water,Wake,WILLOW SPRINGS,422,11,0,14
NC0392314,KENSINGTON MEADOWS S/D,Community water system,Ground water,Wake,GARNER,638,11,4,24
NC3041085,KENSINGTON PLACE S/D,Community water system,Ground water,Guilford,OAK RIDGE,61,4,420,16
NC4392111,KENWOOD MEADOWS S/D,Community water system,Ground water,Wake,RALEIGH,86,4,6,16
NC0332130,KERLEY GARDENS,Community water system,Ground water,Durham,DURHAM,87,8,139,29
NC0428015,"KILL DEVIL HILLS, TOWN OF",Community water system,Ground water purchased,Dare,KILL DEVIL HILL,"7,200",7,1,70
NC0392322,KILT VALLEY ESTATES,Community water system,Ground water,Wake,HOLLY SPRINGS,74,4,93,20
NC0180124,KIMBERLY COURT,Community water system,Ground water,Rowan,SALISBURY,69,4,34,37
NC0157117,KING MOUNTAIN CLUB WATER,Community water system,Groundwater under influence of surface water,Macon,HIGHLANDS,150,8,44,54
NC0285010,"KING, CITY OF",Community water system,Surface water,Stokes,KING,"23,370",15,36,186
NC0149123,KINGS ACRES S/D,Community water system,Ground water,Iredell,MOORESVILLE,71,4,39,29
NC0392380,KINGS GRANT S/D,Community water system,Ground water,Wake,KNIGHTDALE,412,7,4,19
NC0136211,KINGS GRANT S/D,Community water system,Surface water purchased,Gaston,GASTONIA,460,11,60,35
NC0149184,KINGS LANDING S/D,Community water system,Ground water,Iredell,MOORESVILLE,142,6,24,40
NC0123020,"KINGS MOUNTAIN, TOWN OF",Community water system,Surface water,Cleveland,KINGS MOUNTAIN,"14,784",8,21,412
NC4092133,KINGSTON MANOR S/D,Community water system,Ground water,Wake,WAKE FOREST,88,4,0,8
NC0454010,"KINSTON, CITY OF",Community water system,Surface water purchased,Lenoir,KINSTON,"27,475",46,14,107
NC0201118,KIRBY`S MHP,Community water system,Ground water,Alamance,BURLINGTON,60,5,169,49
NC0111149,KIRK GLEN S/D,Community water system,Surface water purchased,Buncombe,WEAVERVILLE,104,5,78,52
NC0392214,KNIGHTDALE MHP ESTATES LLC,Community water system,Ground water,Wake,RALEIGH,285,7,134,35
NC3041101,KNIGHT`S LANDING S/D,Community water system,Ground water,Guilford,OAK RIDGE,117,7,2,16
NC0188120,KNOB CREEK WATER SYSTEM,Community water system,Ground water,Transylvania,BREVARD,445,7,52,35
NC0145151,KNOLL RIDGE MHP,Community water system,Ground water,Henderson,HORSESHOE,75,6,100,36
NC0291102,KNOLL TERRACE MHP,Community water system,Ground water,Vance,HENDERSON,254,7,241,36
NC0180212,KNOLL VIEW S/D,Community water system,Ground water,Rowan,CHINA GROVE,178,6,22,29
NC0118271,KNOLLS III S/D,Community water system,Ground water,Catawba,NEWTON,130,6,23,39
NC0136231,KNOLLWOOD S/D,Community water system,Ground water,Gaston,DALLAS,46,4,23,39
NC0118108,KOOL PARK MHP,Community water system,Ground water,Catawba,HICKORY,70,4,46,34
NC0465025,KURE BEACH WATER SYSTEM,Community water system,Ground water,New Hanover,KURE BEACH,"5,484",12,98,104
NC0454015,LA GRANGE WATER SYSTEM,Community water system,Ground water,Lenoir,LAGRANGE,"3,167",13,27,73
NC4392155,LA VENTANA S/D,Community water system,Ground water,Wake,WAKE FOREST,112,4,2,14
NC0118467,LAKE HICKORY RV RESORT,Community water system,Ground water,Catawba,CONOVER,200,7,46,34
NC0156107,LAKE JAMES LODGE ASSISTED LIVI,Community water system,Ground water,McDowell,MARION,80,4,59,37
NC0144107,LAKE JUNALUSKA ASSEMBLY,Community water system,Surface water purchased,Haywood,LAKE JUNALUSKA,"2,223",4,32,46
NC0181138,LAKE LURE VILLAGE RESORT,Community water system,Ground water,Rutherford,LAKE LURE,226,8,71,18
NC0181020,"LAKE LURE,  TOWN OF",Community water system,Ground water,Rutherford,LAKE LURE,"1,176",18,439,99
NC0332135,LAKE RIDGE PARK,Community water system,Ground water,Durham,DURHAM,125,4,7,21
NC0180223,LAKE RIDGE S/D,Community water system,Ground water,Rowan,CLEVELAND,122,4,3,23
NC0235108,LAKE ROYALE S/D,Community water system,Surface water purchased,Franklin,BUNN,"5,890",3,121,36
NC0138105,"LAKE SANTEETLAH, TOWN OF",Community water system,Ground water,Graham,SANTEETLAH,498,12,51,26
NC0145129,LAKE SHEILA WATER SYSTEM,Community water system,Ground water,Henderson,SALUDA,98,8,67,48
NC0392078,LAKE SPRINGS S/D,Community water system,Ground water,Wake,FUQUAY-VARINA,49,8,2,17
NC0145111,LAKE SUMMIT-NORTH SHORE PLAYHS,Community water system,Surface water purchased,Henderson,TUXEDO,112,3,52,29
NC0145150,LAKE SUMMIT-SOUTH SHORE LINDSY,Community water system,Surface water purchased,Henderson,TUXEDO,180,3,75,30
NC0424045,"LAKE WACCAMAW, TOWN OF",Community water system,Ground water,Columbus,LAKE WACCAMAW,"2,572",9,32,89
NC0392149,LAKE WHEELER MHP,Community water system,Ground water,Wake,RALEIGH,180,6,112,30
NC4392143,LAKEFALL S/D,Community water system,Ground water,Wake,RALEIGH,188,9,2,16
NC0424463,LAKELAND VILLAGE S/D,Community water system,Ground water,Columbus,WHITEVILLE,180,9,68,69
NC4092086,LAKES OF ROLESVILLE S/D,Community water system,Ground water,Wake,ROLESVILLE,81,4,1,12
NC0392150,LAKESIDE ESTATES,Community water system,Ground water,Wake,RALEIGH,61,4,311,26
NC0392151,LAKEVIEW MOBILE ESTATES,Community water system,Ground water,Wake,RALEIGH,114,4,130,28
NC0392294,LAKEWOOD ESTATES,Community water system,Ground water,Wake,RALEIGH,102,6,19,22
NC0160156,LAMPLIGHTER SOUTH-DANBY,Community water system,Surface water purchased,Mecklenburg,CHARLOTTE,"3,297",21,17,76
NC0276118,LANCER ACRES,Community water system,Surface water purchased,Randolph,ARCHDALE,86,6,30,52
NC0180038,"LANDIS, TOWN OF",Community water system,Surface water purchased,Rowan,CHINA GROVE,"5,510",14,22,312
NC0118173,LANDSDOWN/EASTOVER S/D,Community water system,Ground water,Catawba,CONOVER,251,11,64,32
NC0392397,LANGSTON ESTATES S/D,Community water system,Ground water,Wake,APEX,174,6,6,16
NC0105020,"LANSING, TOWN OF",Community water system,Ground water,Ashe,LANSING,228,8,290,48
NC2060054,LARKHAVEN S/D,Community water system,Ground water,Mecklenburg,CHARLOTTE,416,7,0,40
NC4092099,LASSITER FARMS S/D,Community water system,Ground water,Wake,GARNER,254,7,1,13
NC0467136,LAURADALE S/D,Community water system,Ground water,Onslow,JACKSONVILLE,"2,527",15,231,96
NC0241198,LAUREL ACRES,Community water system,Ground water,Guilford,GREENSBORO,79,4,40,24
NC4392147,LAUREL GROVE S/D,Community water system,Ground water,Wake,GARNER,119,4,41,13
NC1057025,LAUREL HILLS,Community water system,Ground water,Macon,FRANKLIN,26,4,1,5
NC0105107,LAUREL MOUNTAIN ESTATES,Community water system,Ground water,Ashe,WEST JEFFERSON,70,5,16,31
NC0157137,LAUREL RIDGE,Community water system,Ground water,Macon,FRANKLIN,115,9,30,21
NC0136304,LAUREL WOODS S/D,Community water system,Ground water,Gaston,GASTONIA,157,6,52,36
NC0195137,LAURELWOOD DEVELOPMENT,Community water system,Ground water,Watauga,BOONE,71,5,30,33
NC0111154,LAURELWOOD MHP,Community water system,Ground water,Buncombe,CANDLER,60,4,63,34
NC0383010,"LAURINBURG, CITY OF",Community water system,Ground water,Scotland,LAURINBURG,"18,288",27,32,101
NC0123045,"LAWNDALE, TOWN OF",Community water system,Surface water purchased,Cleveland,LAWNDALE,660,10,366,75
NC0136396,LAWS MHP,Community water system,Ground water,Gaston,KINGS MTN,67,4,85,36
NC0118258,LAZY S MHP,Community water system,Ground water,Catawba,NEWTON,102,4,33,50
NC0157428,LBJ JOB CORPS,Community water system,Ground water,Macon,FRANKLIN,270,7,25,29
NC0471113,LEA ACRES WATER CO INC,Community water system,Ground water,Pender,WILLARD,120,4,45,50
NC0106422,LEES-MCRAE -SOUTH CAMPUS,Community water system,Ground water,Avery,BANNER ELK,99,7,52,32
NC4092033,LEGACY AT FORTY TWO S/D,Community water system,Ground water,Wake,WILLOW SPRINGS,211,7,0,14
NC0392263,LEGEND HILLS S/D,Community water system,Ground water,Wake,GARNER,84,4,46,23
NC0149124,LEISURE LAKE VILLAGE (REGENCY),Community water system,Ground water,Iredell,MOORESVILLE,231,6,82,34
NC3041020,LENNOX WOODS S/D,Community water system,Ground water,Guilford,SUMMERFIELD,346,8,6,18
NC0114010,"LENOIR, CITY OF",Community water system,Surface water,Caldwell,GRANITE FALLS,"26,388",6,8,185
NC4092127,LEONE LANDING,Community water system,Ground water,Wake,RALEIGH,69,4,2,7
NC0229010,"LEXINGTON, CITY OF",Community water system,Surface water,Davidson,LEXINGTON,"19,632",18,20,119
NC0276025,"LIBERTY, TOWN OF",Community water system,Ground water,Randolph,LIBERTY,"2,655",24,426,68
NC0416142,LIGHTHOUSE WAY MHP & APTS,Community water system,Ground water,Carteret,NEWPORT,79,7,69,58
NC0304025,LILESVILLE WATER SYSTEM,Community water system,Surface water purchased,Anson,LILESVILLE,900,4,54,86
NC0343025,LILLINGTON WATER SYSTEM,Community water system,Surface water purchased,Harnett,LILLINGTON,"3,847",5,14,62
NC5043003,LILLINGTON WATER SYSTEM - VANDERCROFT,Community water system,Surface water purchased,Harnett,LILLINGTON,595,2,4,8
NC5043002,LILLINGTON WATER SYSTEM-RIVERBLUFF,Community water system,Surface water purchased,Harnett,LILLINGTON,93,2,4,8
NC0155035,LINCOLN COUNTY WTP,Community water system,Surface water,Lincoln,DENVER,"49,693",15,18,770
NC0149125,LINCOLN ESTATES,Community water system,Ground water,Iredell,STATESVILLE,130,9,78,76
NC0155010,"LINCOLNTON, CITY OF",Community water system,Surface water,Lincoln,LINCOLNTON,"16,309",14,2,523
NC0363129,LINDEN VILLAS WTR SYSTEM,Community water system,Ground water,Moore,PINEHURST,44,4,61,45
NC0326045,"LINDEN, TOWN OF",Community water system,Surface water purchased,Cumberland,LINDEN,"2,220",4,10,49
NC4392153,LINDSEY POINT S/D,Community water system,Ground water,Wake,ZEBULON,76,4,28,14
NC0201188,LINEBERRY MHP,Community water system,Ground water,Alamance,GRAHAM,82,4,20,42
NC1056001,LINVILLE FALLS CLUB,Community water system,Ground water,McDowell,MARION,127,7,122,42
NC0106104,LINVILLE LAND HARBOR,Community water system,Ground water,Avery,LINVILLE,"2,280",14,42,79
NC3041043,LINVILLE OAKS S/D,Community water system,Ground water,Guilford,OAK RIDGE,104,4,1,14
NC0106105,LINVILLE RESORTS INC,Community water system,Ground water,Avery,LINVILLE,499,12,59,45
NC0106117,LINVILLE RIDGE,Community water system,Ground water,Avery,LINVILLE,710,13,99,44
NC1006005,LINVILLE RIVER FARMS,Community water system,Ground water,Avery,CROSSNORE,25,4,4,41
NC4092208,LIPSCOMB LANDING S/D,Community water system,Ground water,Wake,WILLOW SPRINGS,178,6,8,6
NC0392091,LITTLE JOHN ACRES,Community water system,Ground water,Wake,WILLOW SPRINGS,63,4,158,21
NC0392153,LITTLE RIVER MHP,Community water system,Ground water,Wake,ZEBULON,79,4,102,22
NC4392117,LITTLE RIVER RUN S/D,Community water system,Ground water,Wake,ROLESVILLE,116,4,51,18
NC0156105,LITTLE SWITZERLAND COMM ASSOC,Community water system,Ground water,McDowell,LITTLE SWITZERLAND,300,10,38,28
NC0442028,"LITTLETON, TOWN OF",Community water system,Surface water purchased,Halifax,LITTLETON,"1,540",4,67,38
NC0155103,LONG SHOALS WATER SYSTEM,Community water system,Surface water purchased,Lincoln,LINCOLNTON,196,5,120,48
NC4092244,LONGLEAF CREST,Community water system,Ground water,Wake,HOLLY SPRINGS,39,4,0,1
NC4098019,LONGLEAF NEURO-MEDICAL TREATMENT CENTER,Community water system,Surface water purchased,Wilson,WILSON,200,3,15,7
NC0118025,"LONGVIEW, TOWN OF",Community water system,Surface water purchased,Catawba,LONGVIEW,"5,244",10,99,352
NC0392154,LONG`S MH VILLAGE,Community water system,Ground water,Wake,ZEBULON,90,5,68,26
NC0235015,"LOUISBURG, TOWN OF",Community water system,Surface water,Franklin,LOUISBURG,"4,554",7,43,87
NC0118288,LOVE POINT S/D,Community water system,Ground water,Catawba,SHERRILLS FORD,76,4,70,31
NC0136060,"LOWELL, CITY OF",Community water system,Surface water purchased,Gaston,LOWELL,"3,837",4,32,99
NC0498030,"LUCAMA, TOWN OF",Community water system,Ground water,Wilson,LUCAMA,881,10,38,36
NC0378010,"LUMBERTON, CITY OF",Community water system,Surface water,Robeson,LUMBERTON,"24,460",16,10,137
NC0118301,LYNMORE S/D,Community water system,Ground water,Catawba,SHERRILLS FORD,28,4,2,30
NC0291121,LYNNBANK ESTATES,Community water system,Ground water,Vance,KITTRELL,115,4,13,26
NC0392253,LYNNHAVEN-CROWSDALE,Community water system,Ground water,Wake,RALEIGH,650,11,17,25
NC0239104,LYON`S MHP,Community water system,Ground water,Granville,NORTHSIDE,119,6,174,24
NC0433020,"MACCLESFIELD, TOWN OF",Community water system,Ground water,Edgecombe,MACCLESFIELD,441,8,41,29
NC0279030,"MADISON, TOWN OF",Community water system,Surface water,Rockingham,MADISON,"2,116",11,27,93
NC0144040,MAGGIE VALLEY SANITARY DIST,Community water system,Surface water,Haywood,MAGGIE VALLEY,"9,629",7,58,161
NC0136265,MAGNOLIA MHP,Community water system,Ground water,Gaston,GASTONIA,94,6,358,57
NC0145172,MAGNOLIA MHP,Community water system,Ground water,Henderson,HENDERSONVILLE,138,7,90,23
NC0136363,MAGNOLIA SPRING-SOUTHFORK S/D,Community water system,Ground water,Gaston,MCADENVILLE,345,10,9,32
NC0241124,MAGNOLIA WOODS,Community water system,Ground water,Guilford,GREENSBORO,72,3,67,28
NC0431035,"MAGNOLIA, TOWN OF",Community water system,Ground water,Duplin,MAGNOLIA,980,9,20,108
NC0118253,MAIDEN CHAPEL HEIGHTS S/D,Community water system,Ground water,Catawba,MAIDEN,59,4,82,25
NC0118030,"MAIDEN, TOWN OF",Community water system,Surface water purchased,Catawba,MAIDEN,"5,563",12,31,336
NC0149177,MALIBU POINTE S/D,Community water system,Ground water,Iredell,MOORESVILLE,254,6,46,35
NC0136178,MALLARD CROSSING S/D,Community water system,Ground water,Gaston,GASTONIA,170,7,5,63
NC0149168,MALLARD HEAD CONDOMINIUMS,Community water system,Ground water,Iredell,MOORESVILLE,102,6,1,34
NC0149162,MALLARD HEAD S/D,Community water system,Surface water purchased,Iredell,MOORESVILLE,869,17,54,89
NC0392356,MALLARDS CROSSING S/D,Community water system,Ground water,Wake,RALEIGH,709,11,11,25
NC0319133,MANNSFIELD CONDOMINIUMS,Community water system,Ground water,Chatham,CHAPEL HILL,41,6,49,37
NC0416167,MANN`S MHP,Community water system,Ground water,Carteret,NEWPORT,40,3,18,44
NC0428020,MANTEO TOWN OF,Community water system,Ground water purchased,Dare,MANTEO,"2,638",3,37,63
NC0471025,MAPLE HILL WATER DISTRICT,Community water system,Ground water purchased,Pender,MAPLE HILL,968,5,18,48
NC0145115,MAPLE HILLS MHP,Community water system,Ground water,Henderson,HORSESHOE,185,6,70,39
NC0201174,MAPLE OAKS MHP,Community water system,Ground water,Alamance,GRAHAM,90,5,155,28
NC0368122,MAPLE RIDGE MHP,Community water system,Ground water,Orange,DURHAM,216,10,46,24
NC0201190,MAPLE VIEW MHP,Community water system,Ground water,Alamance,GRAHAM,96,5,9,42
NC0136220,MAPLECREST S/D,Community water system,Ground water,Gaston,GASTONIA,119,6,140,44
NC0136222,MAR-LYNN FOREST S/D,Community water system,Ground water,Gaston,STANLEY,99,8,113,55
NC0120025,MARBLE COMMUNITY WTR SYSTEM,Community water system,Ground water,Cherokee,MARBLE,999,14,63,55
NC0425035,MARINE CORPS AIR STATION CHERRY POINT,Community water system,Ground water,Craven,CHERRY POINT,"17,144",47,7,51
NC0156132,MARION MOOSE LODGE,Community water system,Ground water,McDowell,MARION,320,4,221,18
NC0156133,MARION MOOSE LODGE-MOUNTAIN,Community water system,Ground water,McDowell,MARION,160,3,60,17
NC0156010,"MARION, CITY OF",Community water system,Surface water,McDowell,MARION,"9,362",8,30,270
NC0158010,"MARS HILL, TOWN OF",Community water system,Surface water,Madison,MARS HILL,"3,030",9,109,154
NC0158015,"MARSHALL, TOWN OF",Community water system,Ground water,Madison,MARSHALL,"1,402",11,86,233
NC0190015,"MARSHVILLE, TOWN OF",Community water system,Surface water purchased,Union,MARSHVILLE,"3,163",6,55,91
NC6059015,MARTIN CO REGIONAL WASA,Community water system,Surface water,Martin,WILLIAMSTON,0,9,1,103
NC6059009,MARTIN CO WATER & SEWER DIST 2,Community water system,Surface water purchased,Martin,WILLIAMSTON,"2,746",13,63,89
NC6059003,MARTIN CO WATER & SEWER DIST I,Community water system,Ground water,Martin,WILLIAMSTON,"2,245",10,9,79
NC6059018,MARTIN CO. REGIONAL WASA AUTHORITY WELL,Community water system,Ground water,Martin,WILLIAMSTON,0,2,1,34
NC7065035,MASON LANDING S/D,Community water system,Ground water,New Hanover,WILMINGTON,61,4,1,35
NC0332125,MASONWOODS S/D,Community water system,Ground water,Durham,DURHAM,97,4,12,31
NC0392379,MATHERLY S/D,Community water system,Ground water,Wake,WAKE FOREST,353,9,3,21
NC0440015,MAURY WATER ASSOCIATION,Community water system,Surface water purchased,Greene,MAURY,468,4,46,50
NC0378035,"MAXTON, TOWN OF",Community water system,Ground water,Robeson,MAXTON,"2,598",11,31,80
NC0279025,"MAYODAN, TOWN OF",Community water system,Surface water,Rockingham,MAYODAN,"2,493",11,20,78
NC0452010,"MAYSVILLE, TOWN OF",Community water system,Ground water,Jones,MAYSVILLE,"1,100",5,46,75
NC2036026,MCADENVILLE CROSSROADS,Community water system,Surface water purchased,Gaston,MCADENVILLE,470,2,4,12
NC0136045,"MCADENVILLE, TOWN OF",Community water system,Surface water purchased,Gaston,MCADENVILLE,930,4,28,83
NC0234167,MCBRIDE`S MHP,Community water system,Ground water,Forsyth,KERNERSVILLE,190,5,33,46
NC0136293,MCCONNELL S/D,Community water system,Ground water,Gaston,DALLAS,124,10,25,43
NC1056032,MCDOWELL CO--NEBO,Community water system,Surface water purchased,McDowell,MARION,902,2,9,24
NC1056009,MCDOWELL HOUSE REST HOME,Community water system,Ground water,McDowell,NEBO,36,3,22,17
NC0113192,MCMILLIAN ACRES S/D,Community water system,Ground water purchased,Cabarrus,HARRISBURG,71,2,190,59
NC0392158,MEAD-O-VIEW MHP,Community water system,Ground water,Wake,KNIGHTDALE,90,4,70,20
NC4392174,MEADOW GLEN S/D,Community water system,Ground water,Wake,KNIGHTDALE,84,5,8,17
NC4035018,MEADOW LAKE S/D,Community water system,Ground water,Franklin,YOUNGSVILLE,117,4,0,4
NC0392159,MEADOW LAKE S/D,Community water system,Ground water,Wake,APEX,42,5,126,22
NC0392363,MEADOW RIDGE S/D,Community water system,Ground water,Wake,RALEIGH,453,21,2,35
NC0241207,MEADOW RIDGE S/D,Community water system,Ground water,Guilford,STOKESDALE,163,6,4,27
NC0286155,MEADOW VIEW ESTATES S/D,Community water system,Ground water,Surry,MT AIRY,51,4,85,26
NC0149148,MEADOWBROOK S/D,Community water system,Ground water,Iredell,MOORESVILLE,140,6,44,34
NC0180190,MEADOWCREEK ESTATES,Community water system,Ground water,Rowan,CHINA GROVE,89,4,42,31
NC0201120,MEADOWLANE ESTATES MHP,Community water system,Ground water,Alamance,ALAMANCE,48,9,228,63
NC0241242,MEADOWS AT QUARTERSTONE S/D,Community water system,Ground water,Guilford,GIBSONVILLE,112,4,75,20
NC0241125,MEADOWVIEW MHP,Community water system,Ground water,Guilford,SUMMERFIELD,92,10,461,45
NC0217107,MEADOWVIEW TRAILER COURT,Community water system,Ground water,Caswell,PELHAM,60,9,57,56
NC0201018,"MEBANE, CITY OF",Community water system,Surface water purchased,Alamance,MEBANE,"20,212",9,20,64
NC0392160,MEDFIELD ESTATES S/D,Community water system,Ground water,Wake,CARY,772,15,18,19
NC0276110,MELBILLE HEIGHTS,Community water system,Ground water,Randolph,ARCHDALE,96,5,138,60
NC0175102,MELMONT WATER SYSTEM,Community water system,Ground water,Polk,TRYON,127,6,37,27
NC0136379,MELTON MHP,Community water system,Ground water,Gaston,GASTONIA,43,4,82,39
NC4092174,MENDENHALL S/D,Community water system,Ground water,Wake,ZEBULON,121,4,1,6
NC4092005,MERION S/D,Community water system,Ground water,Wake,APEX,267,8,1,18
NC0241227,MERRIMAN ESTATES/BILLET PLACE,Community water system,Ground water,Guilford,OAK RIDGE,107,4,3,25
NC0416198,MERRIMON WATER SYSTEM,Community water system,Ground water,Carteret,MERRIMON,91,4,49,42
NC4392215,MIAL PLANTATION S/D,Community water system,Ground water,Wake,GARNER,110,4,24,11
NC0351045,"MICRO, TOWN OF",Community water system,Ground water,Johnston,MICRO,470,8,305,36
NC4051008,"MICRO, TOWN OF (COUNTY LINE)",Community water system,Surface water purchased,Johnston,MICRO,107,3,58,18
NC0392370,MIDDLE CREEK ACRES S/D,Community water system,Ground water,Wake,GARNER,30,4,3,16
NC0392355,MIDDLE CREEK MASTER,Community water system,Ground water,Wake,GARNER,580,16,73,24
NC0464050,MIDDLESEX WATER SYSTEM,Community water system,Ground water,Nash,MIDDLESEX,"1,389",11,195,45
NC0113214,MIDDLETON S/D,Community water system,Ground water,Cabarrus,HARRISBURG,218,6,44,39
NC0149180,MIDWAY ROAD MHP,Community water system,Ground water,Iredell,STATESVILLE,102,4,26,28
NC0234193,MIKKOLA DOWNS S/D,Community water system,Ground water,Forsyth,KERNERSVILLE,154,10,58,83
NC1057011,MILL CREEK ESTATES PROPERTY OWNERS ASSO.,Community water system,Surface water purchased,Macon,,676,3,4,16
NC0293108,MILL CREEK LANDING,Community water system,Ground water,Warren,LITTLETON,186,7,41,36
NC0326337,MILL CREEK S/D,Community water system,Ground water,Cumberland,FAYETTEVILLE,523,12,9,57
NC0299116,MILL CREEK S/D,Community water system,Ground water,Yadkin,EAST BEND,194,8,4,29
NC4392133,MILL RACE,Community water system,Ground water,Wake,WAKE FOREST,122,5,2,13
NC0195115,MILL RIDGE POA,Community water system,Ground water,Watauga,BANNER ELK,427,11,49,46
NC0446025,MILLENNIUM WATER ASSOCIATION,Community water system,Ground water,Hertford,AULANDER,711,8,17,61
NC4098020,MILLSTONE CREEK,Community water system,Ground water,Wilson,WILSON,28,6,0,1
NC4392139,MILLSTONE LANDING S/D,Community water system,Ground water,Wake,RALEIGH,73,4,2,13
NC4035009,MILLSTONE S/D,Community water system,Ground water,Franklin,FRANKLINTON,272,8,11,16
NC2055001,MILTON ACRES S/D,Community water system,Ground water,Lincoln,LINCOLNTON,61,4,2,28
NC0217015,"MILTON, TOWN OF",Community water system,Ground water,Caswell,MILTON,212,8,144,41
NC0279150,MINERAL SPRINGS ESTATES,Community water system,Ground water,Rockingham,MADISON,61,5,26,31
NC0472101,MINZIE`S CREEK SANITARY DISTRICT,Community water system,Ground water purchased,Perquimans,HERTFORD,191,3,44,38
NC0431103,MISSION PARK B&L TRAILER COURT,Community water system,Ground water,Duplin,BURGAW,65,4,33,45
NC0114107,MISTY MOUNTAIN,Community water system,Ground water,Caldwell,BLOWING ROCK,369,9,46,26
NC0286111,MITCHELL BLUFF,Community water system,Ground water,Surry,ELKIN,58,5,87,39
NC0180130,MOBIL LODGE MHP,Community water system,Ground water,Rowan,SALISBURY,94,4,181,61
NC4392162,MOBILE ESTATES,Community water system,Surface water purchased,Wake,CARY,690,2,17,18
NC0392303,MOBILE HILL ESTATE  NO 3,Community water system,Ground water,Wake,GARNER,105,4,48,24
NC0392311,MOBILE HILL ESTATES  NO 2,Community water system,Ground water,Wake,GARNER,28,4,99,20
NC0392166,MOBILE HILL ESTATES I,Community water system,Ground water,Wake,GARNER,91,6,34,20
NC0136378,MOBILE HOME PARK HAVEN,Community water system,Ground water,Gaston,STANLEY,142,7,54,70
NC0230010,"MOCKSVILLE, TOWN OF",Community water system,Surface water,Davie,MOCKSVILLE,"6,200",11,54,199
NC0190010,"MONROE, CITY OF",Community water system,Surface water,Union,MONROE,"43,081",17,23,200
NC0241126,MONROE`S MHP,Community water system,Ground water,Guilford,GREENSBORO,187,7,507,53
NC4392233,MONTERREY S/D,Community water system,Ground water,Wake,GARNER,69,4,43,13
NC0362010,MONTGOMERY COUNTY WATER SYSTEM,Community water system,Surface water,Montgomery,MT GILEAD,"15,362",6,103,160
NC0241154,MONTICELLO ESTATES,Community water system,Ground water,Guilford,GREENSBORO,201,7,26,39
NC0392362,MONTICELLO S/D,Community water system,Ground water,Wake,RALEIGH,101,8,2,18
NC0111484,MONTREAT WATER SYSTEM,Community water system,Ground water,Buncombe,MONTREAT,798,24,98,59
NC0363153,MOORE CO PUBLIC UTIL-ADDOR,Community water system,Surface water purchased,Moore,PINEBLUFF,137,2,6,26
NC5063024,MOORE CO PUBLIC UTIL-HIDDEN LAKES S/D,Community water system,Surface water purchased,Moore,VASS,165,2,2,10
NC0363103,MOORE CO PUBLIC UTIL-HYLAND SD,Community water system,Surface water purchased,Moore,VASS,340,7,59,39
NC0363108,MOORE CO PUBLIC UTIL-PINEHURST,Community water system,Surface water purchased,Moore,PINEHURST,"31,390",53,186,145
NC0363155,MOORE CO PUBLIC UTIL-ROBBINS,Community water system,Surface water purchased,Moore,ROBBINS,65,3,14,24
NC0363045,MOORE CO PUBLIC UTIL-VASS,Community water system,Surface water purchased,Moore,VASS,"1,862",8,42,75
NC5063023,MOORE CO PUBLIC UTILITIES-WEST MOORE,Community water system,Surface water purchased,Moore,SEAGROVE,407,2,5,17
NC4392154,MOOREFIELD S/D,Community water system,Ground water,Wake,KNIGHTDALE,181,6,46,12
NC0149015,MOORESVILLE TOWN OF,Community water system,Surface water,Iredell,MOORESVILLE,"54,455",15,58,381
NC0293487,MORATUCK MANOR S/D,Community water system,Surface water purchased,Warren,LITTLETON,55,5,92,38
NC0197040,MORAVIAN FALLS WATER SYSTEM,Community water system,Surface water purchased,Wilkes,MORAVIAN FALLS,"3,455",6,12,27
NC0416015,"MOREHEAD CITY, TOWN OF",Community water system,Ground water,Carteret,MOREHEAD CITY,"18,846",18,78,134
NC0112015,MORGANTON CITY OF,Community water system,Surface water,Burke,MORGANTON,"27,221",6,17,229
NC0136164,MORNINGSIDE PARK,Community water system,Ground water,Gaston,GASTONIA,97,4,109,34
NC0150157,MORNINGSTAR ASSISTED LIVING OF SYLVA,Community water system,Ground water,Jackson,SYLVA,80,6,41,26
NC4092153,MORNINGTON S/D,Community water system,Ground water,Wake,RALEIGH,218,9,53,7
NC0368164,MORRIS GROVE HEIGHTS,Community water system,Ground water,Orange,CHAPEL HILL,33,4,25,30
NC0293105,MORRISTOWN S/D,Community water system,Ground water,Warren,LITTLETON,200,7,8,45
NC0304040,MORVEN WATER SYSTEM,Community water system,Surface water purchased,Anson,MORVEN,512,4,22,61
NC0286010,"MOUNT AIRY, CITY OF",Community water system,Surface water,Surry,MOUNT AIRY,"10,685",15,15,134
NC0362015,"MOUNT GILEAD, TOWN OF",Community water system,Surface water purchased,Montgomery,MT GILEAD,"1,463",6,17,65
NC0136020,"MOUNT HOLLY, CITY OF",Community water system,Surface water,Gaston,MT HOLLY,"19,200",11,22,435
NC0496015,"MOUNT OLIVE, TOWN OF",Community water system,Ground water,Wayne,MOUNT OLIVE,"4,261",14,8,92
NC0111487,MOUNT PISGAH ACADEMY,Community water system,Ground water,Buncombe,CANDLER,210,7,75,48
NC0113020,"MOUNT PLEASANT, TOWN OF",Community water system,Surface water,Cabarrus,MT PLEASANT,"1,786",11,168,262
NC0100105,MOUNTAIN AIR,Community water system,Ground water,Yancey,BURNSVILLE,664,13,12,53
NC0118283,MOUNTAIN CREEK SHORES S/D,Community water system,Ground water,Catawba,SHERRILLS FORD,102,6,2,29
NC0239121,MOUNTAIN CREEK WATER SYSTEM,Community water system,Ground water,Granville,STOVALL,55,10,359,25
NC0160265,MOUNTAIN POINT S/D,Community water system,Ground water,Mecklenburg,CHARLOTTE,130,7,79,35
NC0195117,MOUNTAIN RIDGE ESTATES,Community water system,Ground water,Watauga,BLOWING ROCK,168,8,85,41
NC0106114,MOUNTAIN SPRING WATER SYSTEM,Community water system,Ground water,Avery,LINVILLE,165,16,134,40
NC1050035,MOUNTAIN TOP GOLF & LAKE CLUB,Community water system,Ground water,Jackson,CASHIERS,467,10,14,36
NC0285467,MOUNTAIN VALLEY LIVING CENTER,Community water system,Ground water,Stokes,WESTFIELD,39,4,31,63
NC0145420,MOUNTAIN VIEW ASSISTED LIVING,Community water system,Ground water,Henderson,HENDERSONVILLE,44,4,58,37
NC0145162,MOUNTAIN VIEW MHP,Community water system,Ground water,Henderson,HENDERSONVILLE,67,4,32,29
NC0136241,MOUNTAIN VILLAGE MHP,Community water system,Ground water,Gaston,GASTONIA,44,4,164,51
NC1011035,MOUNTAIN VISTA @ LUTHER COVE,Community water system,Ground water,Buncombe,CANDLER,100,7,0,20
NC0136165,MOUNTAINBROOK S/D,Community water system,Ground water,Gaston,GASTONIA,127,6,114,34
NC0100103,MT MITCHELL LANDS,Community water system,Ground water,Yancey,MICAVILLE,650,11,34,31
NC0197015,MULBERRY-FAIRPLAINS WTR ASSOC,Community water system,Surface water purchased,Wilkes,N WILKESBORO,"8,150",7,7,33
NC0149128,MURDOCK RD WATER SYSTEM,Community water system,Ground water,Iredell,STATESVILLE,447,12,43,69
NC0446015,"MURFREESBORO, TOWN OF",Community water system,Ground water,Hertford,MURFREESBORO,"3,645",12,27,93
NC0120115,MURPHY MHP,Community water system,Ground water,Cherokee,MURPHY,51,4,323,35
NC0120010,"MURPHY, TOWN OF",Community water system,Surface water,Cherokee,MURPHY,"4,498",6,80,142
NC0113149,MURRAY HILLS S/D,Community water system,Ground water,Cabarrus,CONCORD,89,6,105,44
NC0392085,MYATT MILL S/D,Community water system,Ground water,Wake,RALEIGH,676,15,2,28
NC0392399,MYRTLEWOOD/SUMMERCREST I & II,Community water system,Ground water,Wake,APEX,102,8,8,22
NC0428010,"NAGS HEAD, TOWN OF",Community water system,Ground water purchased,Dare,NAGS HEAD,"3,125",14,21,93
NC0187562,NANTAHALA OUTDOOR--FLINT RIDGE,Community water system,Ground water,Swain,ALMOND,66,7,81,49
NC0157147,NANTAHALA SHORES,Community water system,Ground water,Macon,AQUONE,53,6,40,27
NC0187124,NANTAHALA VILLAGE,Community water system,Ground water,Swain,BRYSON CITY,132,9,163,60
NC3041061,NANTUCKET VILLAGE,Community water system,Ground water,Guilford,GREENSBORO,78,6,4,16
NC4064010,NASH COUNTY WATER SYSTEM  AREA 2,Community water system,Surface water purchased,Nash,NASHVILLE,701,11,22,29
NC0464020,"NASHVILLE, TOWN OF",Community water system,Surface water purchased,Nash,NASHVILLE,"5,900",17,285,75
NC0157132,"NEIGHBORS OF FRANKLIN, LLC",Community water system,Ground water,Macon,FRANKLIN,66,9,66,38
NC4051014,NEIGHBOR`S WALK S/D,Community water system,Ground water,Johnston,MIDDLESEX,60,4,0,10
NC0276133,NELSON`S MHP,Community water system,Ground water,Randolph,SOPHIA,119,4,53,34
NC0351177,NEUSE COLONY S/D SECTION B,Community water system,Surface water purchased,Johnston,CLAYTON,190,9,35,19
NC6054001,NEUSE REGIONAL WTR & SWR AUTH,Community water system,Surface water,Lenoir,KINSTON,0,9,0,148
NC0392225,NEUSE RIVER VILLAGE MHP,Community water system,Ground water,Wake,RALEIGH,333,9,247,31
NC0392168,NEUSE WOODS MH S/D,Community water system,Ground water,Wake,RALEIGH,287,7,16,26
NC0425010,"NEW BERN, CITY OF",Community water system,Ground water,Craven,NEW BERN,"37,884",36,10,124
NC3041012,NEW CHARTWELL S/D,Community water system,Ground water,Guilford,GREENSBORO,125,4,55,16
NC4392224,NEW LIGHT MASTER,Community water system,Ground water,Wake,WAKE FOREST,"2,619",47,5,33
NC0326140,NEW TOWN APARTMENTS LLC,Community water system,Ground water,Cumberland,FAYETTEVILLE,258,8,101,70
NC0106020,"NEWLAND, TOWN OF",Community water system,Ground water,Avery,NEWLAND,999,12,41,101
NC0416172,NEWPORT RIDGE MHP,Community water system,Ground water,Carteret,NEWPORT,71,5,1,44
NC0416020,NEWPORT WATER SYSTEM,Community water system,Ground water,Carteret,NEWPORT,"5,453",11,69,120
NC0382035,"NEWTON GROVE, TOWN OF",Community water system,Ground water,Sampson,NEWTON GROVE,913,7,26,65
NC0118015,"NEWTON, CITY OF",Community water system,Surface water,Catawba,NEWTON,"18,407",15,69,812
NC0293020,"NORLINA, TOWN OF",Community water system,Surface water purchased,Warren,NORLINA,"1,108",3,73,38
NC0425126,NORRIS MHP,Community water system,Ground water,Craven,HAVELOCK,91,4,2,46
NC0454025,NORTH LENOIR WATER CORP,Community water system,Surface water purchased,Lenoir,KINSTON,"15,494",47,157,81
NC0416197,NORTH RIVER/MILL CREEK WATER SERVICE DIS,Community water system,Ground water,Carteret,BEAUFORT,"4,417",11,99,88
NC0197010,"NORTH WILKESBORO, TOWN OF",Community water system,Surface water,Wilkes,N WILKESBORO,"4,265",16,38,110
NC0466113,NORTHAMPTON--GASTON,Community water system,Surface water purchased,Northampton,GASTON,"1,123",8,22,27
NC0466110,NORTHAMPTON--LAKE GASTON,Community water system,Surface water purchased,Northampton,LAKE GASTON,"3,984",10,99,29
NC0466108,NORTHAMPTON--MILWAUKEE,Community water system,Ground water,Northampton,JACKSON,"5,715",33,119,32
NC4066001,NORTHAMPTON--N GASTON,Community water system,Surface water purchased,Northampton,GASTON,216,2,19,18
NC0466045,NORTHAMPTON--PROGRESSIVE,Community water system,Surface water purchased,Northampton,GARYSBURG,"2,228",13,96,30
NC4066002,NORTHAMPTON--W JACKSON,Community water system,Ground water purchased,Northampton,JACKSON,33,2,12,14
NC2080082,NORTHEAST ROWAN COUNTY WATER SYSTEM,Community water system,Surface water purchased,Rowan,SALISBURY,471,2,3,65
NC4064035,NORTHERN NASH WATER DISTRICT,Community water system,Surface water purchased,Nash,DORTCHES,"1,694",5,7,5
NC0465179,NORTHSIDE MHP,Community water system,Ground water,New Hanover,CASTLE HAYNE,180,9,55,87
NC0111151,NORTHVIEW MHP,Community water system,Ground water,Buncombe,WEAVERVILLE,516,8,192,78
NC0467030,NORTHWEST ONSLOW WATER ASSOC,Community water system,Ground water,Onslow,RICHLANDS,"2,555",10,24,65
NC0347015,NORTHWEST WATER SUPPLY INC,Community water system,Ground water,Hoke,RAEFORD,"1,105",9,153,57
NC0368179,NORTHWOOD S/D,Community water system,Ground water,Orange,CHAPEL HILL,208,7,225,35
NC4092199,NORWOOD S/D,Community water system,Ground water,Wake,RALEIGH,25,4,60,7
NC0184015,"NORWOOD, TOWN OF",Community water system,Surface water,Stanly,NORWOOD,"4,323",7,58,264
NC0392257,NOTTINGHAM FOREST S/D,Community water system,Ground water,Wake,GARNER,549,14,35,24
NC4392122,OAK CHASE S/D,Community water system,Ground water,Wake,RALEIGH,175,6,6,14
NC0145171,OAK CREST RETIREMENT ESTATES,Community water system,Ground water,Henderson,HENDERSONVILLE,98,5,10,24
NC0113209,OAK ESTATES S/D,Community water system,Ground water,Cabarrus,HARRISBURG,259,6,61,52
NC0368152,OAK GROVE MHP,Community water system,Ground water,Orange,CHAPEL HILL,64,3,100,32
NC0392297,OAK GROVE OF KNIGHTDALE,Community water system,Ground water,Wake,KNIGHTDALE,122,7,103,25
NC0392385,OAK HOLLOW ESTATES,Community water system,Ground water,Wake,WILLOW SPRINGS,117,4,2,19
NC0410020,"OAK ISLAND, TOWN OF",Community water system,Surface water purchased,Brunswick,OAK ISLAND,"26,924",8,30,60
NC0241113,OAK LANE MHP,Community water system,Ground water,Guilford,GREENSBORO,56,3,146,31
NC0464115,OAK LEVEL MHP,Community water system,Ground water,Nash,NASHVILLE,99,4,787,27
NC0241539,OAK RIDGE MILITARY ACADEMY,Community water system,Ground water,Guilford,OAK RIDGE,120,10,168,93
NC0392248,OAK RIDGE PARK MHP,Community water system,Ground water,Wake,APEX,108,4,33,22
NC0392172,OAK RIDGE VALLEY,Community water system,Ground water,Wake,GARNER,71,4,107,21
NC0184020,"OAKBORO, TOWN OF",Community water system,Surface water purchased,Stanly,OAKBORO,"3,173",8,146,147
NC0160171,OAKDALE S/D,Community water system,Ground water,Mecklenburg,CHARLOTTE,112,7,15,34
NC0392083,OAKES PLANTATION S/D,Community water system,Ground water,Wake,KNIGHTDALE,60,4,28,21
NC0136219,OAKHILL S/D,Community water system,Ground water,Gaston,GASTONIA,86,4,8,38
NC0180122,OAKLAND MEADOWS MHP,Community water system,Surface water purchased,Rowan,SALISBURY,173,7,195,96
NC0180182,OAKLAND S/D,Community water system,Ground water,Rowan,CHINA GROVE,119,3,13,39
NC0465138,OAKLEY MHP,Community water system,Ground water,New Hanover,CASTLE HAYNE,92,6,1,46
NC0136267,OAKLEY PARK  NO 2,Community water system,Ground water,Gaston,GASTONIA,343,7,49,54
NC4392124,OAKLYN S/D,Community water system,Ground water,Wake,APEX,96,6,4,15
NC0363151,OAKWOOD HILLS WATER SYSTEM,Community water system,Surface water purchased,Moore,PINEBLUFF,165,2,18,31
NC0410140,OCEAN AIRE ESTATES,Community water system,Surface water purchased,Brunswick,OCEAN ISLE BEACH,406,2,60,52
NC0410035,"OCEAN ISLE BEACH, TOWN OF",Community water system,Surface water purchased,Brunswick,OCEAN ISLE BEACH,"7,925",6,18,51
NC0427105,OCEAN SANDS DEVELOPMENT,Community water system,Ground water purchased,Currituck,COROLLA,"2,600",36,266,34
NC0448020,OCRACOKE SANITARY DISTRICT,Community water system,Ground water,Hyde,OCRACOKE,900,9,9,39
NC4092017,OGBURN FARMS S/D,Community water system,Ground water,Wake,WILLOW SPRINGS,157,9,1,13
NC4092048,OLD FARM CROSSING S/D,Community water system,Ground water,Wake,WAKE FOREST,84,6,2,14
NC0180159,OLD FARM DEVELOPMENT,Community water system,Ground water,Rowan,SALISBURY,213,7,141,36
NC0156025,"OLD FORT, TOWN OF",Community water system,Ground water,McDowell,OLD FORT,"1,700",12,16,105
NC4092092,OLD MILBURNIE CROSSING S/D,Community water system,Ground water,Wake,KNIGHTDALE,262,7,1,10
NC5026019,OLD NORTH UTILITIES SERVICES/FT BRAGG,Community water system,Surface water purchased,Cumberland,FAYETTEVILLE,"65,000",12,8,25
NC0136268,OLD PROVIDENCE S/D,Community water system,Ground water,Gaston,GASTONIA,140,6,115,47
NC7067008,OLD SETTLERS WATER SYSTEM,Community water system,Ground water purchased,Onslow,TOPSAIL BEACH,"2,677",3,4,2
NC0136280,OLD SOUTH LANE S/D,Community water system,Ground water,Gaston,GASTONIA,30,4,158,32
NC4392183,OLD STAGE PLACE,Community water system,Ground water,Wake,GARNER,364,10,119,14
NC0103106,OLDE BEAU GOLF CLUB,Community water system,Ground water,Alleghany,ROARING GAP,475,10,16,59
NC0136352,OLDE LAMP PLACE,Community water system,Ground water,Gaston,GASTONIA,119,4,7,38
NC4092168,OLDE MILL TRACE S/D,Community water system,Ground water,Wake,RALEIGH,394,9,59,8
NC4392114,OLDE MILLS LAKE S/D,Community water system,Ground water,Wake,HOLLY SPRINGS,97,4,7,15
NC0471112,OLDE POINT S/D,Community water system,Ground water,Pender,HAMPSTEAD,516,6,54,44
NC4392131,OLDE SOUTH TRACE SD,Community water system,Ground water,Wake,CARY,76,4,3,15
NC0351188,OLE MILL STREAM S/D,Community water system,Ground water,Johnston,CLAYTON,325,6,2,17
NC1045008,OLETA FALLS S/D,Community water system,Ground water,Henderson,HENDERSONVILLE,75,4,69,31
NC4035034,OLIVET S/D,Community water system,Ground water,Franklin,FRANKLINTON,75,4,0,4
NC0467035,ONSLOW WTR AND SEWER AUTHORITY,Community water system,Ground water,Onslow,JACKSONVILLE,"156,755",74,79,310
NC0368148,ORANGE MHP,Community water system,Ground water,Orange,DURHAM,144,6,61,33
NC0368010,ORANGE WATER & SEWER AUTHORITY,Community water system,Surface water,Orange,CARRBORO,"86,500",16,2,204
NC0368020,ORANGE-ALAMANCE WATER SYSTEM,Community water system,Surface water,Orange,EFLAND,"9,223",20,131,124
NC0286175,ORCHARD VIEW PARK,Community water system,Ground water,Surry,MT AIRY,109,5,346,34
NC0469020,ORIENTAL WATER SYSTEM,Community water system,Ground water,Pamlico,ORIENTAL,"1,136",8,18,113
NC0467103,OSPREY COVE 1,Community water system,Ground water,Onslow,JACKSONVILLE,475,6,39,51
NC0467102,OSPREY COVE 2,Community water system,Ground water,Onslow,JACKSONVILLE,475,5,24,50
NC0201123,OSSIPEE TOWN OF,Community water system,Surface water purchased,Alamance,ELON,"2,390",10,88,81
NC0326210,OVERHILLS WATER COMPANY,Community water system,Surface water purchased,Cumberland,SPRING LAKE,723,7,67,79
NC0118140,OXFORD PARK WATER SYSTEM,Community water system,Ground water,Catawba,CONOVER,163,5,126,37
NC0239010,"OXFORD, CITY OF",Community water system,Surface water purchased,Granville,OXFORD,"8,972",7,60,42
NC0465211,OYSTER POINT S/D,Community water system,Ground water purchased,New Hanover,WILMINGTON,99,5,40,44
NC0241128,O`HENRY MHP,Community water system,Ground water,Guilford,GREENSBORO,51,7,66,38
NC0351141,PACEVILLE S/D,Community water system,Ground water,Johnston,SELMA,58,4,83,24
NC0469025,PAMLICO COUNTY WATER,Community water system,Ground water,Pamlico,BAYBORO,"19,665",29,47,210
NC0136170,PARADISE POINT S/D,Community water system,Ground water,Gaston,GASTONIA,244,8,111,35
NC0113231,PARK CREEK S/D,Community water system,Ground water,Cabarrus,DAVIDSON,203,6,239,48
NC0201204,PARK PLACE,Community water system,Ground water,Alamance,BURLINGTON,99,4,17,35
NC2060089,PARK SOUTH S/D,Community water system,Surface water purchased,Mecklenburg,,"1,930",3,5,52
NC0378045,"PARKTON, TOWN OF",Community water system,Ground water,Robeson,PARKTON,963,14,509,104
NC2060093,PARKWAY CROSSING,Community water system,Surface water purchased,Mecklenburg,,465,2,1,13
NC0459113,"PARMELE, TOWN OF",Community water system,Ground water purchased,Martin,PARMELE,262,2,19,37
NC0392141,PARRISH MEADOWS S/D,Community water system,Ground water,Wake,RALEIGH,55,4,61,21
NC6070000,PASQUOTANK CO RO WATER SYSTEM,Community water system,Ground water,Pasquotank,ELIZABETH CITY,"13,187",11,0,50
NC0470015,PASQUOTANK COUNTY WATER SYSTEM,Community water system,Ground water,Pasquotank,ELIZABETH CITY,"10,653",48,3,99
NC0114466,PATTERSON SCHOOL,Community water system,Ground water,Caldwell,LENOIR,50,6,41,25
NC0234199,PEABODY FOREST S/D,Community water system,Ground water,Forsyth,KERNERSVILLE,66,4,6,23
NC0304034,PEACHLAND WATER SYSTEM,Community water system,Surface water purchased,Anson,PEACHLAND,770,3,35,60
NC0392093,PEAR MEADOWS S/D,Community water system,Surface water purchased,Wake,FUQUAY-VARINA,178,3,6,32
NC3041058,PEARMAN ESTATES,Community water system,Ground water,Guilford,OAK RIDGE,76,4,2,17
NC2018008,PEBBLE BAY,Community water system,Ground water,Catawba,DENVER,587,14,2,64
NC0113126,PEBBLE BROOK ACRES S/D,Community water system,Ground water,Cabarrus,CONCORD,84,8,99,46
NC0195127,PEBBLE CREEK APARTMENTS,Community water system,Ground water,Watauga,BOONE,52,4,120,39
NC1087004,PELOHI COVE,Community water system,Ground water,Swain,BRYSON CITY,46,10,2,20
NC0378020,"PEMBROKE, TOWN OF",Community water system,Ground water,Robeson,PEMBROKE,"3,073",14,27,87
NC7071011,PENDER COUNTY UTILITIES,Community water system,Surface water,Pender,BURGAW,"32,302",23,39,257
NC0161400,PENLAND SCHOOL OF CRAFTS,Community water system,Ground water,Mitchell,PENLAND,100,9,57,38
NC0276204,PENMAN HEIGHTS,Community water system,Ground water,Randolph,ARCHDALE,74,4,48,43
NC3041051,PEPPER RIDGE S/D,Community water system,Ground water,Guilford,OAK RIDGE,185,6,3,30
NC0472025,PERQUIMANS COUNTY WATER SYSTEM,Community water system,Ground water,Perquimans,HERTFORD,"12,320",38,33,120
NC0184025,PFEIFFER-N STANLY WATER ASSOC,Community water system,Surface water purchased,Stanly,RICHFIELD,"4,513",5,11,134
NC3041072,PHEASANT RIDGE S/D,Community water system,Ground water,Guilford,,152,6,0,12
NC0392371,PHILLIPS LANDING S/D,Community water system,Ground water,Wake,WAKE FOREST,81,8,10,20
NC0276149,PIEDMONT ESTATES,Community water system,Ground water,Randolph,CLIMAX,233,6,76,45
NC3076010,PIEDMONT TRIAD REGIONAL,Community water system,Surface water,Randolph,,0,7,0,90
NC0496030,"PIKEVILLE, TOWN OF",Community water system,Ground water purchased,Wayne,PIKEVILLE,896,5,16,45
NC0286134,PILOT MOUNTAIN MHP,Community water system,Ground water,Surry,PILOT MOUNTAIN,49,4,30,43
NC0286025,"PILOT MOUNTAIN, TOWN OF",Community water system,Surface water purchased,Surry,PILOT MTN,"1,976",8,60,87
NC1050030,PINCHOT S/D,Community water system,Ground water,Jackson,CASHIERS,74,6,39,21
NC0392264,PINE COUNTRY ESTATES,Community water system,Ground water,Wake,KNIGHTDALE,44,4,69,18
NC0235123,PINE FOREST MHP,Community water system,Ground water,Franklin,LOUISBURG,84,5,57,29
NC0118165,PINE HAVEN MHP,Community water system,Ground water,Catawba,CONOVER,53,3,194,39
NC0149179,PINE ISLE/NORTHSHORE,Community water system,Ground water,Iredell,MOORESVILLE,415,7,13,43
NC0416031,PINE KNOLL SHORES,Community water system,Ground water,Carteret,MOREHEAD CITY,"4,800",12,7,72
NC0234139,PINE KNOLLS WATER SUPPLY,Community water system,Ground water,Forsyth,KERNERSVILLE,71,10,28,59
NC0286113,PINE LAKES S/D,Community water system,Ground water,Surry,MT AIRY,145,8,39,37
NC0351040,"PINE LEVEL, TOWN OF",Community water system,Ground water,Johnston,PINE LEVEL,"2,413",7,160,42
NC4051006,"PINE LEVEL, TOWN OF (FIRETOWER)",Community water system,Surface water purchased,Johnston,PINE LEVEL,238,4,59,20
NC0180199,PINE MEADOWS S/D,Community water system,Ground water,Rowan,SALISBURY,104,5,4,28
NC0112133,PINE MOUNTAIN LAKES S/D,Community water system,Ground water,Burke,CONNELLY SPRING,239,9,102,41
NC0113190,PINE RIDGE  NO 2,Community water system,Ground water,Cabarrus,CONCORD,61,5,63,50
NC0113181,PINE RIDGE MHP  NO 1,Community water system,Ground water,Cabarrus,CONCORD,51,4,59,50
NC0353122,PINE VILLAGE MHC LLC,Community water system,Ground water,Lee,SANFORD,411,6,300,32
NC0363030,"PINEBLUFF, TOWN OF",Community water system,Ground water,Moore,PINEBLUFF,"2,208",12,222,100
NC0136176,PINES MHP,Community water system,Ground water,Gaston,GASTONIA,173,8,99,45
NC0433015,"PINETOPS, TOWN OF",Community water system,Ground water,Edgecombe,PINETOPS,"2,340",15,18,31
NC0392177,PINEVIEW ESTATES,Community water system,Ground water,Wake,RALEIGH,83,6,126,20
NC0136329,PINEVIEW S/D,Community water system,Ground water,Gaston,GASTONIA,102,5,196,36
NC0118168,PINEWOOD ACRES WATER SYSTEM,Community water system,Ground water,Catawba,SHERRILLS FORD,48,4,75,27
NC0454020,"PINK HILL, TOWN OF",Community water system,Surface water purchased,Lenoir,PINK HILL,950,9,88,68
NC0149188,PINNACLE SHORES S/D,Community water system,Ground water,Iredell,MOORESVILLE,426,7,185,60
NC0118250,PIONEER VILLAGE S/D,Community water system,Ground water,Catawba,NEWTON,43,4,45,24
NC0319015,"PITTSBORO, TOWN OF",Community water system,Surface water,Chatham,PITTSBORO,"6,708",10,64,172
NC0392178,PLANTATION MHP,Community water system,Ground water,Wake,WILLOW SPRINGS,120,4,82,34
NC0392179,PLEASANT GROVE MHC,Community water system,Ground water,Wake,FUQUAY VARINA,180,7,112,30
NC0392228,PLEASANT HILL MOBILE ESTATES,Community water system,Ground water,Wake,WENDELL,62,3,25,28
NC0118274,PLEASANT LANES EXT S/D,Community water system,Ground water,Catawba,NEWTON,53,4,46,35
NC0279163,PLEASANT RIDGE MHP,Community water system,Ground water,Rockingham,REIDSVILLE,269,9,57,90
NC0494010,PLYMOUTH WATER SYSTEM,Community water system,Ground water,Washington,PLYMOUTH,"3,243",15,53,190
NC0118307,POINTE NORMAN S/D,Community water system,Ground water,Catawba,SHERRILLS FORD,86,4,4,31
NC1075010,POLK COUNTY WATER SYSTEM,Community water system,Surface water purchased,Polk,MILL SPRING,838,4,1,29
NC0319134,POLKS TRAIL S/D,Community water system,Ground water,Chatham,CHAPEL HILL,43,5,22,26
NC5004002,POLKTON - SOUTH,Community water system,Surface water purchased,Anson,POLKTON,67,2,1,7
NC0304030,POLKTON WATER SYSTEM,Community water system,Surface water purchased,Anson,POLKTON,838,4,46,66
NC0452015,"POLLOCKSVILLE, TOWN OF",Community water system,Ground water,Jones,POLLOCKSVILLE,858,11,44,61
NC0427112,PONDEROSA MHP,Community water system,Ground water,Currituck,BARCO,300,6,10,42
NC0118279,PONDEROSA S/D,Community water system,Ground water,Catawba,HICKORY,132,7,23,41
NC0392182,PONDEROSA S/D,Community water system,Ground water,Wake,ZEBULON,170,8,120,21
NC0276205,POPLAR RIDGE MHP,Community water system,Ground water,Randolph,CLIMAX,195,7,48,62
NC0113191,POPLAR TRAILS WATER SYSTEM,Community water system,Ground water,Cabarrus,CONCORD,180,10,9,40
NC0195122,POWDER HORN MOUNTAIN,Community water system,Ground water,Watauga,BOONE,548,15,97,38
NC0408040,"POWELLSVILLE, TOWN OF",Community water system,Ground water,Bertie,POWELLSVILLE,482,10,35,89
NC4092172,PRESCOTT S/D,Community water system,Ground water,Wake,ROLESVILLE,80,4,0,4
NC4092079,PRESERVE AT LONG BRANCH,Community water system,Ground water,Wake,KNIGHTDALE,90,4,1,16
NC1088008,PRESERVE AT ROCK CREEK,Community water system,Ground water,Transylvania,SAPPHIRE,45,7,14,21
NC0149131,PRESSLEY ACRES,Community water system,Ground water,Iredell,STATESVILLE,58,7,42,34
NC0118142,PRESTIGE HEIGHTS,Community water system,Ground water,Catawba,CONOVER,170,8,43,39
NC0351050,"PRINCETON, TOWN OF",Community water system,Surface water purchased,Johnston,PRINCETON,"1,653",8,72,42
NC0433045,"PRINCEVILLE, TOWN OF",Community water system,Surface water purchased,Edgecombe,TARBORO,"1,550",2,38,32
NC0113129,PRIVATE ACRES S/D,Community water system,Ground water,Cabarrus,KANNAPOLIS,124,5,80,33
NC0136367,PROVIDENCE ACRES,Community water system,Surface water purchased,Gaston,GASTONIA,84,7,4,43
NC2013026,PROVIDENCE MANOR S/D,Community water system,Surface water purchased,Cabarrus,,379,2,2,17
NC3041009,PROVIDENCE NORTH S/D,Community water system,Ground water,Guilford,STOKESDALE,71,4,133,20
NC0279157,QUAIL ACRES MHP,Community water system,Ground water,Rockingham,STOKESDALE,178,10,144,88
NC0241136,QUAIL MEADOWS SD,Community water system,Ground water,Guilford,GREENSBORO,68,4,28,27
NC0279151,QUAIL OAKS,Community water system,Ground water,Rockingham,MADISON,43,5,30,27
NC0136208,QUAIL RIDGE S/D,Community water system,Ground water,Gaston,GASTONIA,142,5,126,53
NC0353123,QUAIL RIDGE WATER SYSTEM,Community water system,Ground water,Lee,SANFORD,465,7,25,26
NC3041048,QUAIL`S NEST/CEDAR CHASE S/D,Community water system,Ground water,Guilford,SUMMERFIELD,218,7,6,21
NC0241196,QUARTERSTONE FARM/COUNTRY XING,Community water system,Ground water,Guilford,GIBSONVILLE,683,10,449,48
NC0160249,QUEENS HARBOR/PIER POINT,Community water system,Ground water,Mecklenburg,CHARLOTTE,310,9,23,41
NC3041060,RACHEL`S LANDING,Community water system,Ground water,Guilford,STOKESDALE,51,4,352,23
NC0201166,RAE MCKENZIE MOBILE HOME PARK,Community water system,Ground water,Alamance,GRAHAM,100,4,117,66
NC0347010,"RAEFORD, CITY OF",Community water system,Ground water,Hoke,RAEFORD,"6,718",27,43,71
NC0136055,RAGAN VILLAGE WATER ASSOC,Community water system,Ground water,Gaston,GASTONIA,100,4,99,42
NC0326375,RAIN TREE II FAYETTEVILLE PWC,Community water system,Surface water purchased,Cumberland,FAYETTEVILLE,292,7,27,50
NC0326310,RAINTREE MHP,Community water system,Ground water,Cumberland,FAYETTEVILLE,85,4,105,44
NC0136324,RAINTREE S/D,Community water system,Ground water,Gaston,GASTONIA,482,18,79,62
NC0467222,RAINTREE/SUMMERSILL ESTATES #2,Community water system,Ground water purchased,Onslow,JACKSONVILLE,"1,539",3,63,61
NC0392010,"RALEIGH, CITY OF",Community water system,Surface water,Wake,RALEIGH,"650,000",34,5,152
NC0113159,RAMA WOODS S/D,Community water system,Ground water,Cabarrus,CONCORD,99,5,73,37
NC0145155,RAMBLING RIDGE S/D,Community water system,Surface water purchased,Henderson,ETOWAN,200,2,4,22
NC0276020,"RAMSEUR, TOWN OF",Community water system,Surface water,Randolph,RAMSEUR,"1,790",6,50,89
NC0276015,"RANDLEMAN, CITY OF",Community water system,Surface water purchased,Randolph,RANDLEMAN,"4,631",10,44,84
NC0111125,RANGEVIEW ACRES MHP,Community water system,Ground water,Buncombe,CANDLER,150,6,53,30
NC0136034,"RANLO, TOWN OF",Community water system,Surface water purchased,Gaston,RANLO,"4,511",2,34,113
NC0464131,RANSDELL FOREST S/D MHP,Community water system,Ground water,Nash,SPRING HOPE,124,4,20,19
NC0235129,RANSDELL MHP,Community water system,Ground water,Franklin,BUNN,114,4,70,22
NC1056029,RECOVERY VENTURES CORPORATION,Community water system,Ground water,McDowell,OLD FORT,64,3,331,13
NC0332136,RED MOUNTAIN S/D,Community water system,Ground water,Durham,ROUGEMONT,176,10,7,22
NC0378015,"RED SPRINGS, TOWN OF",Community water system,Ground water,Robeson,RED SPRINGS,"4,423",14,30,109
NC0160168,REEDY CREEK MHP,Community water system,Ground water,Mecklenburg,CHARLOTTE,64,6,204,62
NC0286115,REEVES WOODS,Community water system,Ground water,Surry,MT AIRY,99,7,66,45
NC0279020,"REIDSVILLE, CITY OF",Community water system,Surface water,Rockingham,REIDSVILLE,"15,000",9,81,114
NC4092028,REMINGTON FOREST S/D,Community water system,Ground water,Wake,WAKE FOREST,45,4,1,12
NC4092213,RESERVE AT FALLS LAKE (PHASE 4),Community water system,Ground water,Wake,RALEIGH,41,4,0,1
NC0113204,"RHA HEALTH SERVICES, LLC",Community water system,Ground water,Cabarrus,CHARLOTTE,363,10,593,76
NC1012017,RHODHISS TOWN OF HENRY ST,Community water system,Surface water purchased,Burke,RHODHISS,70,2,9,16
NC0114035,"RHODHISS, TOWN OF",Community water system,Surface water purchased,Caldwell,RHODHISS,867,3,9,40
NC0466020,"RICH SQUARE, TOWN OF",Community water system,Ground water,Northampton,RICH SQUARE,"1,067",12,39,22
NC0276201,RICHLAND VILLAGE MHP,Community water system,Ground water,Randolph,ASHEBORO,389,8,65,38
NC0377109,RICHMOND COUNTY WATER SYSTEM,Community water system,Surface water,Richmond,ROCKINGHAM,"22,578",10,41,159
NC0279118,RICHWOOD ACRES,Community water system,Ground water,Rockingham,MADISON,102,6,31,30
NC0188132,RIDGE HAVEN CONFERENCE CENTER,Community water system,Ground water,Transylvania,ROSMAN,100,7,63,27
NC4392101,RIDGEBROOK BLUFF S/D,Community water system,Ground water,Wake,APEX,234,10,22,24
NC3041066,RIDGECREST/BAKERSFIELD S/D,Community water system,Ground water,Guilford,OAK RIDGE,343,7,3,18
NC0392184,RIDGEHAVEN S/D,Community water system,Ground water,Wake,KNIGHTDALE,455,10,8,21
NC4035013,RIDGEMONT S/D,Community water system,Ground water,Franklin,FRANKLINTON,110,4,2,7
NC4392187,RIDGEVIEW S/D,Community water system,Ground water,Wake,GARNER,79,4,1,14
NC0279138,RIDGEWAY COURTS,Community water system,Ground water,Rockingham,REIDSVILLE,66,4,79,30
NC0368130,RIDGEWOOD MHP,Community water system,Ground water,Orange,CHAPEL HILL,330,8,226,69
NC0241210,RIDGEWOOD S/D,Community water system,Ground water,Guilford,SUMMERFIELD,668,10,60,37
NC0368160,RILEY`S MHP,Community water system,Ground water,Orange,CHAPEL HILL,65,4,83,31
NC0276153,RIMMER`S MHP,Community water system,Ground water,Randolph,ARCHDALE,63,6,98,36
NC3086036,RING CREEK S/D,Community water system,Ground water,Surry,MT AIRY,61,4,3,4
NC4092056,RIVER CHASE SD,Community water system,Ground water,Wake,RALEIGH,95,10,30,13
NC0149133,RIVER HILL HEIGHTS S/D,Community water system,Surface water purchased,Iredell,STATESVILLE,69,4,21,67
NC2036011,RIVER LAKES SD,Community water system,Ground water,Gaston,BELMONT,38,4,2,22
NC0155137,RIVER MEADOWS S/D,Community water system,Ground water,Lincoln,LINCOLNTON,119,4,59,33
NC0241203,RIVER OAKS S/D,Community water system,Ground water,Guilford,OAK RIDGE,409,9,13,37
NC0392096,RIVER OAKS S/D,Community water system,Ground water,Wake,RALEIGH,112,6,4,16
NC0149193,RIVER PARK S/D,Community water system,Ground water,Iredell,MOORESVILLE,513,8,25,57
NC0160253,RIVER POINTE ESTATES,Community water system,Surface water purchased,Mecklenburg,CHARLOTTE,500,8,31,89
NC0279177,RIVER RUN S/D,Community water system,Ground water,Rockingham,STOKESDALE,360,11,12,29
NC0157108,RIVERBEND ESTATES,Community water system,Surface water purchased,Macon,FRANKLIN,323,10,181,64
NC0299111,RIVERPOINTE S/D,Community water system,Ground water,Yadkin,EAST BEND,74,4,44,51
NC0150192,RIVERSIDE APARTMENTS,Community water system,Ground water,Jackson,CULLOWHEE,89,6,253,31
NC3041081,RIVERSIDE AT OAK RIDGE I S/D,Community water system,Ground water,Guilford,,99,7,1,12
NC0464118,RIVERSIDE MHP,Community water system,Ground water,Nash,SPRING HOPE,75,3,181,22
NC0156135,RIVERSIDE MHP,Community water system,Ground water,McDowell,MARION,399,6,148,38
NC0416182,RIVERSTONE,Community water system,Ground water,Carteret,NEWPORT,99,6,21,60
NC0136353,RIVERTON PLACE SD,Community water system,Ground water,Gaston,GASTONIA,76,6,7,37
NC0118182,RIVERVIEW ACRES WATER SYSTEM,Community water system,Ground water,Catawba,HICKORY,119,7,25,24
NC0392278,RIVERVIEW ESTATES,Community water system,Ground water,Wake,RALEIGH,94,4,6,20
NC0392163,RIVERVIEW NORTH,Community water system,Ground water,Wake,RALEIGH,180,7,10,20
NC0160379,RIVERWALK PLANTATION,Community water system,Ground water,Mecklenburg,CHARLOTTE,89,7,94,50
NC0351187,RIVERWOOD S/D,Community water system,Ground water,Johnston,CLAYTON,553,8,3,20
NC0118254,RIVERWOOD S/D,Community water system,Ground water,Catawba,SHERRILLS FORD,104,4,97,26
NC0442010,ROANOKE RAPIDS SANITARY DIST,Community water system,Surface water,Halifax,ROANOKE RAPIDS,"15,768",11,11,92
NC0103104,ROARING GAP CLUB INC,Community water system,Ground water,Alleghany,ROARING GAP,493,10,107,63
NC0201126,ROBBEN MH COURT,Community water system,Ground water,Alamance,BURLINGTON,75,7,167,143
NC0363015,ROBBINS WATER SYSTEM,Community water system,Surface water purchased,Moore,ROBBINS,"1,579",8,44,138
NC0138010,"ROBBINSVILLE, TOWN OF",Community water system,Surface water,Graham,ROBBINSVILLE,"2,916",13,87,160
NC0459015,"ROBERSONVILLE, TOWN OF",Community water system,Ground water,Martin,ROBERSONVILLE,"1,700",17,113,73
NC0378055,ROBESON COUNTY WATER SYSTEM,Community water system,Ground water,Robeson,MAXTON,"67,970",69,5,181
NC0392350,ROBINFIELD ESTATES S/D,Community water system,Ground water,Wake,RALEIGH,124,7,12,27
NC0368145,ROBIN`S WOOD,Community water system,Ground water,Orange,CHAPEL HILL,246,6,14,28
NC0241139,ROCK CREEK MH VILLAGE,Community water system,Ground water,Guilford,WHITSETT,275,7,367,55
NC0241216,ROCK CREEK MH VILLAGE  NO 2,Community water system,Ground water,Guilford,WHITSETT,305,7,863,59
NC0118295,ROCK CREEK S/D,Community water system,Ground water,Catawba,NEWTON,111,4,59,56
NC4092073,ROCKBRIDGE S/D,Community water system,Ground water,Wake,KNIGHTDALE,"1,042",10,75,24
NC3079031,ROCKINGHAM CO - 220 CORRIDOR,Community water system,Surface water purchased,Rockingham,MADISON,"1,200",7,27,44
NC0279050,ROCKINGHAM COUNTY 158 CORRIDOR,Community water system,Surface water purchased,Rockingham,WENTWORTH,"1,500",6,56,61
NC0377015,"ROCKINGHAM, CITY OF",Community water system,Surface water,Richmond,ROCKINGHAM,"12,510",10,15,120
NC3029003,ROCKLYN SUBDIVISION PHASE 2,Community water system,Surface water purchased,Davidson,CLEMMONS,197,2,9,18
NC0464010,"ROCKY MOUNT, CITY OF",Community water system,Surface water,Nash,ROCKY MOUNT,"55,891",17,60,161
NC0160282,ROCKY RIDGE S/D,Community water system,Ground water,Mecklenburg,CHARLOTTE,384,6,5,41
NC0113220,ROCKY RIVER PLANTATION S/D,Community water system,Ground water,Cabarrus,HARRISBURG,300,9,179,131
NC0392247,ROLLING ACRES S/D,Community water system,Ground water,Wake,RALEIGH,58,5,117,22
NC0149165,ROLLING HILLS ESTATES,Community water system,Ground water,Iredell,STATESVILLE,53,4,17,41
NC0392366,ROLLING MEADOW S/D,Community water system,Ground water,Wake,RALEIGH,48,5,15,26
NC0111142,ROLLING OAKS ESTATES,Community water system,Surface water purchased,Buncombe,ASHEVILLE,75,2,19,29
NC0392386,ROLLING RIDGE S/D,Community water system,Ground water,Wake,NEW HOPE,61,8,2,16
NC0197050,"RONDA, TOWN OF",Community water system,Surface water purchased,Wilkes,RONDA,938,8,21,52
NC0494015,ROPER WATER SYSTEM,Community water system,Ground water purchased,Washington,ROPER,546,9,90,173
NC0431025,"ROSE HILL, TOWN OF",Community water system,Ground water,Duplin,ROSE HILL,"1,867",13,239,84
NC0382015,"ROSEBORO, TOWN OF",Community water system,Ground water,Sampson,ROSEBORO,"1,278",8,28,80
NC0149134,ROSELAND HEIGHTS S/D,Community water system,Ground water,Iredell,MOORESVILLE,51,6,125,35
NC0188115,"ROSMAN, TOWN OF",Community water system,Ground water,Transylvania,ROSMAN,650,10,82,64
NC0392219,ROUNDTREE S/D,Community water system,Ground water,Wake,RALEIGH,88,9,12,18
NC4092043,ROWLAND POND S/D,Community water system,Ground water,Wake,WILLOW SPRINGS,363,9,1,15
NC0378040,"ROWLAND, TOWN OF",Community water system,Ground water,Robeson,ROWLAND,"2,220",9,33,58
NC0273010,"ROXBORO, CITY OF",Community water system,Surface water,Person,ROXBORO,"13,139",9,31,96
NC0392186,ROYAL ACRES S/D,Community water system,Ground water,Wake,RALEIGH,61,4,69,22
NC0111118,ROYAL GORGE WATER UTILITY,Community water system,Ground water,Buncombe,RIDGECREST,950,22,35,42
NC4392140,ROYAL SENTER RIDGE S/D,Community water system,Ground water,Wake,RALEIGH,740,17,3,21
NC0201202,RUSSETTE MEADOWS MHP,Community water system,Ground water,Alamance,BURLINGTON,65,5,34,28
NC0235109,RUSTIC RIDGE MHP,Community water system,Ground water,Franklin,FRANKLINTON,117,7,87,38
NC0136354,RUSTIC TRAILS S/D,Community water system,Ground water,Gaston,BELMONT,127,6,25,33
NC0112055,RUTHERFORD COLLEGE TOWN OF,Community water system,Surface water purchased,Burke,RUTHERFORD COLL,"2,083",5,23,35
NC4092085,RUTLEDGE LANDING NORTH,Community water system,Ground water,Wake,KNIGHTDALE,389,7,1,5
NC4392228,RUTLEDGE LANDING S/D,Community water system,Ground water,Wake,KNIGHTDALE,713,7,4,17
NC0392080,SADDLE RUN S/D,Community water system,Ground water,Wake,FUQUAY VARINA,589,19,3,29
NC4392103,SADDLERIDGE S/D,Community water system,Ground water,Wake,RALEIGH,433,18,39,18
NC0136342,SADDLEWOOD II S/D,Community water system,Ground water,Gaston,GASTONIA,323,7,77,36
NC0180183,SAFRIT ANNEX WATER SYSTEM,Community water system,Ground water,Rowan,CHINA GROVE,51,3,4,45
NC0378030,"SAINT PAULS, TOWN OF",Community water system,Ground water,Robeson,SAINT PAULS,"2,385",11,69,86
NC0382025,"SALEMBURG, TOWN OF",Community water system,Ground water,Sampson,SALEMBURG,"1,637",11,14,88
NC0180010,SALISBURY-ROWAN,Community water system,Surface water,Rowan,SALISBURY,"46,156",16,5,538
NC0175020,SALUDA CITY OF,Community water system,Surface water purchased,Polk,SALUDA,"1,814",6,24,56
NC5082023,SAMPSON CO WTR DIST I - AIRPORT,Community water system,Ground water purchased,Sampson,CLINTON,688,3,0,7
NC5082027,SAMPSON CO WTR DIST I - AUTRYVILLE,Community water system,Ground water purchased,Sampson,AUTRYVILLE,55,2,0,7
NC5082026,SAMPSON CO WTR DIST I - FIVE BRIDGE,Community water system,Ground water purchased,Sampson,CLINTON,148,2,0,7
NC5082024,SAMPSON CO WTR DIST I - INDIANTOWN,Community water system,Ground water purchased,Sampson,CLINTON,210,2,0,7
NC0382070,SAMPSON CO WTR DIST II,Community water system,Ground water,Sampson,CLINTON,"12,895",20,9,93
NC5082022,SAMPSON CO WTR DIST II - PLAINVIEW,Community water system,Surface water purchased,Sampson,DUNN,"3,725",7,1,10
NC5082028,SAMPSON CO WTR DIST II - SOUTH SIDE,Community water system,Ground water purchased,Sampson,CLINTON,70,2,0,7
NC0382065,SAMPSON CO WTR DIST II-GARLAND,Community water system,Ground water purchased,Sampson,GARLAND,223,4,2,29
NC4092207,SANCTUARY AT LAKE WHEELER,Community water system,Ground water,Wake,RALEIGH,39,4,0,1
NC0425127,SANDERSON`S MHP,Community water system,Ground water,Craven,HAVELOCK,34,5,53,35
NC0427101,SANDY POINT RESORT & CAMPGROUND,Community water system,Ground water,Currituck,KNOTT'S ISLAND,559,7,148,65
NC0392077,SANDY TRAIL S/D,Community water system,Ground water,Wake,KNIGHTDALE,739,13,7,27
NC0353010,"SANFORD, CITY OF",Community water system,Surface water,Lee,SANFORD,"48,350",11,32,155
NC3041063,SANFORDS CREEK SUBDIVISION,Community water system,Ground water,Guilford,COLFAX,66,4,2,13
NC0138103,SANTEETLAH SHORES,Community water system,Ground water,Graham,ROBBINSVILLE,58,4,250,26
NC0188127,SAPPHIRE LAKES DEVELOPMENT,Community water system,Ground water,Transylvania,SAPPHIRE,724,11,686,37
NC0498040,SARATOGA TOWN OF,Community water system,Ground water,Wilson,SARATOGA,426,12,404,43
NC0157154,SASSAFRAS GAP EMPLOYEE VILLAGE,Community water system,Ground water,Macon,HIGHLANDS,107,6,51,21
NC0114040,"SAWMILLS, TOWN OF",Community water system,Surface water purchased,Caldwell,GRANITE FALLS,"5,588",5,2,49
NC4392216,SAWYER`S MILL S/D,Community water system,Ground water,Wake,GARNER,355,10,0,20
NC0201130,SAXAPAHAW UTILITY COMPANY,Community water system,Ground water,Alamance,SAXAPAHAW,880,12,125,73
NC0276215,SCENIC OAKS MHP,Community water system,Ground water,Randolph,ASHEBORO,79,4,45,34
NC5083003,SCOTLAND CO WATER - BARNES BRIDGE,Community water system,Ground water purchased,Scotland,LAURINBURG,584,2,10,10
NC5083005,SCOTLAND CO WATER - GILLIS HILL,Community water system,Ground water purchased,Scotland,LAURINBURG,965,4,6,9
NC5083004,SCOTLAND CO WATER - MALLOY RD,Community water system,Ground water purchased,Scotland,LAURINBURG,330,2,6,10
NC0383030,SCOTLAND CO WATER - NORTH,Community water system,Ground water purchased,Scotland,LAURINBURG,"1,219",5,15,41
NC0383035,SCOTLAND CO WATER-SOUTH,Community water system,Ground water purchased,Scotland,LAURINBURG,"1,905",10,23,37
NC0442015,"SCOTLAND NECK, TOWN OF",Community water system,Surface water purchased,Halifax,SCOTLAND NECK,"2,761",6,119,34
NC0118272,"SD, SOUTH PARK LLC",Community water system,Ground water,Catawba,NEWTON,97,4,28,39
NC0416165,SEA SCAPE,Community water system,Ground water,Carteret,NEWPORT,60,4,14,53
NC0466035,"SEABOARD, TOWN OF",Community water system,Ground water,Northampton,SEABOARD,881,8,24,26
NC0416174,SEAGATE I,Community water system,Ground water,Carteret,NEWPORT,345,7,71,45
NC0416187,SEAGATE IV,Community water system,Ground water,Carteret,BEAUFORT,105,4,13,41
NC0276040,SEAGROVE-ULAH METRO WATER DIST,Community water system,Surface water purchased,Randolph,SEAGROVE,"2,413",5,32,18
NC0118135,SEDGEFIELD S/D,Community water system,Ground water,Catawba,CONOVER,145,7,3,20
NC4392102,SEDGEMOOR S/D,Community water system,Ground water,Wake,CARY,435,15,4,24
NC0201203,SELLARS MOBILE HOME PARK,Community water system,Ground water,Alamance,BURLINGTON,48,4,29,23
NC0351015,"SELMA, TOWN OF",Community water system,Ground water,Johnston,SELMA,"6,190",21,48,48
NC4051009,"SELMA, TOWN OF (COUNTY LINE)",Community water system,Surface water purchased,Johnston,SELMA,642,3,12,18
NC0239122,SER J`S COUNTRY LIVING MHP,Community water system,Ground water,Granville,FRANKLINTON,65,4,18,22
NC4392152,SETTLERS CREEK S/D,Community water system,Ground water,Wake,WENDELL,112,4,2,12
NC0195118,"SEVEN DEVILS, TOWN OF",Community water system,Ground water,Watauga,SEVEN DEVILS,400,23,192,56
NC0466015,"SEVERN, TOWN OF",Community water system,Ground water,Northampton,SEVERN,325,7,81,26
NC0496055,SEYMOUR JOHNSON AFB,Community water system,Surface water purchased,Wayne,SEYMOUR JOHNSON,"6,875",5,14,73
NC0180193,SHADE TREE ACRES,Community water system,Ground water,Rowan,FAITH,31,4,7,30
NC0351167,SHADOW LAKES S/D,Community water system,Ground water,Johnston,CLAYTON,99,4,1,20
NC0136358,SHADOW OAKS S/D,Community water system,Ground water,Gaston,STANLEY,318,10,5,64
NC0392188,SHADY ACRES MH VILLAGE,Community water system,Ground water,Wake,KNIGHTDALE,115,8,208,27
NC0279159,SHADY ACRES MHP,Community water system,Ground water,Rockingham,REIDSVILLE,50,4,66,47
NC0343104,SHADY GROVE MHP,Community water system,Ground water,Harnett,SPRING LAKE,241,6,94,43
NC0465164,SHADY HAVEN MHP,Community water system,Ground water,New Hanover,CASTLE HAYNE,46,4,31,55
NC0136373,SHADY REST MHP,Community water system,Ground water,Gaston,KINGS MTN,69,4,8,32
NC0118151,SHAMROCK PARK S/D,Community water system,Surface water purchased,Catawba,NEWTON,200,4,66,33
NC0118255,SHANGRI-LA S/D,Community water system,Ground water,Catawba,NEWTON,170,7,140,56
NC0111139,SHANNA APARTMENTS,Community water system,Ground water,Buncombe,WEAVERVILLE,60,5,71,42
NC0464040,"SHARPSBURG, TOWN OF",Community water system,Surface water purchased,Nash,SHARPSBURG,"1,945",7,87,54
NC0332109,SHAW HILLS S/D,Community water system,Ground water,Durham,DURHAM,66,5,292,33
NC5063025,SHAW LANDING,Community water system,Surface water purchased,Moore,ABERDEEN,37,2,0,3
NC0230109,SHEFFIELD PARK S/D,Community water system,Ground water,Davie,MOCKSVILLE,79,4,68,28
NC0123010,"SHELBY, CITY OF",Community water system,Surface water,Cleveland,SHELBY,"23,600",13,16,442
NC0118245,SHERWOOD FOREST S/D,Community water system,Ground water,Catawba,HICKORY,160,7,14,33
NC0188116,SHERWOOD FOREST WATER SYSTEM,Community water system,Ground water,Transylvania,BREVARD,680,11,43,31
NC0467164,SHERWOOD MHP,Community water system,Ground water,Onslow,MIDWAY PARK,470,7,18,52
NC0363115,SHERWOOD PARK S/D,Community water system,Ground water,Moore,ABERDEEN,248,6,45,37
NC2013022,SHILOH CHURCH ROAD S/D,Community water system,Surface water purchased,Cabarrus,CONCORD,"3,102",5,35,116
NC0118186,SHILOH S/D,Community water system,Ground water,Catawba,CONOVER,67,5,164,42
NC3041104,SHILOH SUBDIVISION,Community water system,Ground water,Guilford,KERNERSVILLE,131,6,4,20
NC6040000,SHINE WATER CORPORATION,Community water system,Ground water,Greene,SNOW HILL,447,13,5,27
NC0145135,SILENT SPRINGS PARK,Community water system,Ground water,Henderson,HENDERSONVILLE,25,4,24,27
NC0319010,"SILER CITY, TOWN OF",Community water system,Surface water,Chatham,SILER CITY,"8,520",10,58,79
NC0144127,SILVER BLUFF NURSING HOME,Community water system,Ground water,Haywood,CANTON,300,9,171,57
NC0113168,SILVER MAPLES ESTATES MHP,Community water system,Ground water,Cabarrus,HARRISBURG,463,8,146,67
NC1050084,SILVER RUN RESERVE,Community water system,Ground water,Jackson,CASHIERS,76,7,8,7
NC0150168,SILVER SLIP,Community water system,Ground water,Jackson,CASHIERS,79,7,29,21
NC0465217,SIMMONS HEIGHTS APARTMENTS,Community water system,Ground water,New Hanover,CASTLE HAYNE,35,5,77,42
NC0498045,"SIMS, TOWN OF",Community water system,Ground water,Wilson,SIMS,440,7,61,33
NC2049035,SISTERS` COVE WEST,Community water system,Ground water,Iredell,,102,4,1,22
NC2049030,SISTER`S COVE EAST,Community water system,Ground water,Iredell,MOORESVILLE,41,4,0,14
NC0106119,SKI COUNTRY,Community water system,Ground water,Avery,BANNER ELK,150,4,12,24
NC0195119,SKI MOUNTAIN S/D,Community water system,Ground water,Watauga,BOONE,397,8,42,36
NC0136189,SKYLAND DR WATER SYSTEM,Community water system,Ground water,Gaston,GASTONIA,53,4,48,28
NC0363138,SKYLINE ESTATES MH S/D,Community water system,Surface water purchased,Moore,VASS,170,3,77,24
NC0136190,SKYVIEW PARK,Community water system,Surface water purchased,Gaston,GASTONIA,158,8,230,31
NC0235137,"SLEEPY CREEK MHP (WELLS 3,4,5)",Community water system,Ground water,Franklin,YOUNGSVILLE,84,4,18,27
NC0201160,SLEEPY HOLLOW ESTATES MHP,Community water system,Ground water,Alamance,GRAHAM,240,7,36,50
NC4051007,SMITHFIELD SOUTH WATER DIST,Community water system,Surface water purchased,Johnston,SMITHFIELD,803,6,7,18
NC0351010,"SMITHFIELD, TOWN OF",Community water system,Surface water,Johnston,SMITHFIELD,"12,900",12,61,129
NC0241197,SMOKE RIDGE ESTATES,Community water system,Ground water,Guilford,OAK RIDGE,135,9,9,33
NC0187128,SMOKY MTN COUNTRY CLUB ESTATES,Community water system,Ground water,Swain,WHITTIER,318,7,17,22
NC1044004,SMOKY MTN RETREAT-EAGLE`S NEST,Community water system,Surface water purchased,Haywood,MAGGIE VALLEY,422,4,12,17
NC0118179,SNOW CREEK HEIGHTS WATER SYST,Community water system,Ground water,Catawba,HICKORY,130,7,159,93
NC0286116,SNOW HILL WATER SYSTEM,Community water system,Ground water,Surry,DOBSON,74,4,69,65
NC0440010,"SNOW HILL, TOWN OF",Community water system,Surface water purchased,Greene,SNOW HILL,"2,657",17,14,119
NC0415015,SOUTH CAMDEN WTR & SWR DISTRCT,Community water system,Ground water,Camden,CAMDEN,"9,717",16,120,65
NC0136338,SOUTH FOREST S/D,Community water system,Ground water,Gaston,BELMONT,84,6,64,35
NC0239107,SOUTH GRANVILLE WTR&SEWER AUTHORITY,Community water system,Surface water,Granville,BUTNER,"18,555",14,43,120
NC0440105,SOUTH GREENE WTR CORP,Community water system,Surface water purchased,Greene,SNOW HILL,"2,634",22,0,51
NC4068021,SOUTH GROVE SUBDIVISION,Community water system,Ground water,Orange,CHAPEL HILL,75,4,3,8
NC0136335,SOUTH HILL ESTATE III,Community water system,Ground water,Gaston,BELMONT,102,4,76,35
NC0136310,SOUTH HILL S/D,Community water system,Ground water,Gaston,GASTONIA,30,4,100,34
NC4392132,SOUTH LAKE S/D,Community water system,Ground water,Wake,APEX,106,6,2,19
NC0112426,SOUTH MOUNTAIN CHILDRENS HOME,Community water system,Ground water,Burke,NEBO,80,6,85,28
NC4392120,SOUTH MOUNTAIN S/D,Community water system,Ground water,Wake,RALEIGH,234,6,3,15
NC0351193,SOUTH PLANTATION S/D,Community water system,Surface water purchased,Johnston,CLAYTON,357,4,3,19
NC0136192,SOUTH POINT LANDING,Community water system,Surface water purchased,Gaston,BELMONT,69,5,7,28
NC5026026,SOUTH POINT SD,Community water system,Ground water purchased,Cumberland,FAYETTEVILLE,255,2,15,9
NC0465206,SOUTH RIDGE MHP,Community water system,Ground water,New Hanover,WILMINGTON,115,5,27,47
NC0286170,SOUTH RIDGE S/D,Community water system,Ground water,Surry,MT AIRY,135,8,1,30
NC0201158,SOUTH SAXAPAHAW UTILITY COMPANY,Community water system,Ground water,Alamance,SAXAPAHAW,108,4,100,48
NC0136385,SOUTHBOURNE MASTER SYSTEM,Community water system,Ground water,Gaston,GASTONIA,267,12,16,39
NC2018004,SOUTHEAST CATAWBA COUNTY,Community water system,Surface water purchased,Catawba,SHERRILLS FORD,"5,080",5,6,208
NC4092061,SOUTHERN MEADOWS S/D,Community water system,Ground water,Wake,RALEIGH,109,4,0,11
NC6027001,SOUTHERN OUTER BANKS WTR SYST,Community water system,Ground water,Currituck,COROLLA,"8,209",140,157,61
NC0363010,"SOUTHERN PINES, TOWN OF",Community water system,Surface water,Moore,PINEBLUFF,"24,102",14,43,136
NC4392141,SOUTHERN TRACE S/D,Community water system,Ground water,Wake,GARNER,485,9,110,25
NC0496045,SOUTHERN WAYNE SANITARY DIST,Community water system,Ground water,Wayne,GOLDSBORO,"7,793",16,30,84
NC0279172,SOUTHERN WOODS S/D,Community water system,Ground water,Rockingham,STOKESDALE,66,4,3,27
NC0118289,SOUTHFORK S/D,Community water system,Ground water,Catawba,CONOVER,46,4,6,37
NC0351184,SOUTHFORT S/D,Community water system,Ground water,Johnston,CLAYTON,125,4,1,16
NC0467229,SOUTHGATE MHP,Community water system,Ground water purchased,Onslow,JACKSONVILLE,94,2,65,50
NC0351185,SOUTHGATE S/D,Community water system,Surface water purchased,Johnston,CLAYTON,160,7,18,19
NC0351168,SOUTHHILLS SOUTHWOODS SD,Community water system,Ground water,Johnston,CLAYTON,716,17,36,25
NC0392190,SOUTHSIDE MHP,Community water system,Ground water,Wake,GARNER,254,10,373,40
NC3001010,SOUTHWICK S/D,Community water system,Ground water,Alamance,GRAHAM,72,4,2,15
NC0136193,SOUTHWOOD S/D,Community water system,Ground water,Gaston,GASTONIA,48,9,109,45
NC0392338,SOUTHWOOD-SURRY RIDGE S/D,Community water system,Ground water,Wake,RALEIGH,314,12,86,24
NC4392118,SOUTHWYCK S/D,Community water system,Ground water,Wake,FUQUAY-VARINA,124,6,3,16
NC0103010,"SPARTA, TOWN OF",Community water system,Surface water purchased,Alleghany,SPARTA,"1,900",43,507,83
NC0180114,SPENCER FOREST,Community water system,Ground water,Rowan,SPENCER,157,7,75,45
NC2036024,SPENCER MOUNTAIN VILLAGE,Community water system,Surface water purchased,Gaston,,442,2,21,24
NC0118155,SPENCER RD PARK,Community water system,Ground water,Catawba,CONOVER,142,10,63,28
NC3041015,SPENCER`S GROVE S/D,Community water system,Ground water,Guilford,BROWN SUMMITT,59,4,167,26
NC0118281,SPINNAKER BAY CONDOMINIUMS,Community water system,Ground water,Catawba,SHERRILLS FORD,127,4,44,32
NC0293107,SPINNAKER POINT,Community water system,Ground water,Warren,LITTLETON,149,6,48,35
NC0150176,SPRING FOREST S/D,Community water system,Ground water,Jackson,CASHIER,79,9,100,22
NC0118246,SPRING HAVEN S/D WATER SYSTEM,Community water system,Ground water,Catawba,CONVER,320,13,71,40
NC0464025,"SPRING HOPE, TOWN OF",Community water system,Ground water,Nash,SPRING HOPE,"1,312",13,24,30
NC0118291,SPRING LAKE MH S/D,Community water system,Ground water,Catawba,NEWTON,61,8,63,44
NC0326020,"SPRING LAKE, TOWN OF",Community water system,Surface water purchased,Cumberland,SPRING LAKE,"11,725",9,49,103
NC0149138,SPRING SHORES,Community water system,Ground water,Iredell,STATESVILLE,140,6,121,70
NC0113135,SPRING VALLEY MH S/D,Community water system,Ground water,Cabarrus,CONCORD,168,8,124,38
NC0118164,SPRING VALLEY WATER SYSTEM,Community water system,Ground water,Catawba,HICKORY,51,4,18,28
NC0118294,SPRINGBROOK MH S/D,Community water system,Ground water,Catawba,HICKORY,56,4,4,33
NC0118282,SPRINGDALE MH S/D,Community water system,Ground water,Catawba,NEWTON,251,7,30,40
NC3041011,SPRINGDALE S/D,Community water system,Ground water,Guilford,GREENSBORO,267,6,1,23
NC0113136,SPRINGDALE SD,Community water system,Surface water purchased,Cabarrus,CONCORD,114,2,79,21
NC0144113,"SPRINGDALE WATER AND SEWER, LLC",Community water system,Ground water,Haywood,CANTON,300,9,73,58
NC0201153,SPRINGFIELD ESTATES,Community water system,Ground water,Alamance,ELON,120,4,24,36
NC0286117,SPRINGFIELD WATER SUPPLY,Community water system,Ground water,Surry,PILOT MOUNTAIN,74,4,72,28
NC0217108,SPRINKLE ESTATES S/D,Community water system,Ground water,Caswell,YANCEYVILLE,114,6,5,33
NC0161010,"SPRUCE PINE, TOWN OF",Community water system,Surface water,Mitchell,SPRUCE PINE,"5,661",11,38,209
NC0392308,SQUIRE ESTATES S/D,Community water system,Ground water,Wake,RALEIGH,84,4,21,19
NC0149181,ST ANDREWS S/D,Community water system,Ground water,Iredell,MOORESVILLE,84,4,4,31
NC5078001,ST PAULS/ROBESON CO,Community water system,Ground water purchased,Robeson,ST PAULS,318,2,8,22
NC0241194,STAFFORDSHIRE ESTATES,Community water system,Ground water,Guilford,GREENSBORO,254,7,9,42
NC0392087,STAGECOACH S/D,Community water system,Ground water,Wake,GARNER,561,13,5,20
NC0113221,STALLINGS GLEN S/D,Community water system,Ground water,Cabarrus,HARRISBURG,544,6,46,62
NC2084006,STANFIELD #1-BIGLICK RD,Community water system,Surface water purchased,Stanly,STANFIELD,302,2,34,76
NC2084008,STANFIELD #3-POLK FORD/RENEE FORD,Community water system,Surface water purchased,Stanly,STANFIELD,854,3,56,75
NC2036007,STANLEY ACRES S/D,Community water system,Ground water,Gaston,ALEXIS,213,6,3,35
NC4066003,STANLEY STONE ESTATES,Community water system,Ground water,Northampton,HENRICO,66,4,23,21
NC0136035,"STANLEY, TOWN OF",Community water system,Surface water purchased,Gaston,STANLEY,"5,750",7,41,203
NC0184143,STANLY CO-AQUADALE DIST,Community water system,Surface water purchased,Stanly,AQUADALE,"3,632",6,49,98
NC0184142,STANLY CO-BADIN RD DIST,Community water system,Surface water purchased,Stanly,ALBEMARLE,140,2,36,60
NC2084005,STANLY CO-MILLINGPORT DIST,Community water system,Surface water purchased,Stanly,ALBEMARLE,709,4,28,96
NC0184141,STANLY CO-PALESTINE-BADIN DIST,Community water system,Surface water purchased,Stanly,BADIN,"1,964",5,26,82
NC0184144,STANLY CO-PINEY POINT DIST,Community water system,Surface water purchased,Stanly,NORWOOD,"1,013",2,35,39
NC0184035,STANLY CO-WEST STANLY DIST,Community water system,Surface water purchased,Stanly,LOCUST,"9,939",6,90,303
NC0498025,"STANTONSBURG, TOWN OF",Community water system,Ground water,Wilson,STANTONSBURG,"1,393",15,171,36
NC0362025,"STAR, TOWN OF",Community water system,Surface water purchased,Montgomery,STAR,933,3,28,70
NC0118139,STARMOUNT VILLAGE S/D,Community water system,Ground water,Catawba,NEWTON,53,9,119,33
NC1011045,STARVIEW HEIGHTS EXTENSION,Community water system,Ground water,Buncombe,WEAVERVILLE,94,5,6,20
NC0149152,STATESVILLE MHP LLC,Community water system,Ground water,Iredell,STATESVILLE,104,6,169,37
NC0149010,"STATESVILLE, CITY OF",Community water system,Surface water,Iredell,STATESVILLE,"30,843",12,33,556
NC0326030,"STEDMAN, TOWN OF",Community water system,Surface water purchased,Cumberland,STEDMAN,"1,705",11,25,60
NC0392117,STEEPLECHASE S/D,Community water system,Ground water,Wake,RALEIGH,101,7,3,17
NC0351165,STEPHANIE WOODS S/D,Community water system,Ground water,Johnston,CLAYTON,245,7,3,19
NC0241209,STERLING RIDGE S/D,Community water system,Ground water,Guilford,GREENSBORO,104,4,87,26
NC3041097,STERLINGSHIRE EAST,Community water system,Ground water,Guilford,GREENSBORO,132,6,2,12
NC3041062,STERLINGSHIRE S/D,Community water system,Ground water,Guilford,GREENSBORO,201,7,3,25
NC4392181,STEVENS OAKS,Community water system,Ground water,Wake,RALEIGH,292,8,2,19
NC0392400,STEWARTS RIDGE S/D,Community water system,Ground water,Wake,WENDELL,125,7,0,34
NC1050089,STILLPOINT,Community water system,Ground water,Jackson,GLENVILLE,38,5,5,4
NC0285025,STOKES COUNTY WATER & SEWER AUTH,Community water system,Surface water purchased,Stokes,GERMANTOWN,420,2,42,35
NC0474060,STOKES REGIONAL WATER CORP,Community water system,Surface water purchased,Pitt,STOKES,"3,530",8,61,78
NC0241035,"STOKESDALE, TOWN OF",Community water system,Surface water purchased,Guilford,STOKESDALE,"2,252",4,24,100
NC0160281,STONE HOLLOW S/D,Community water system,Ground water,Mecklenburg,HUNTERSVILLE,582,7,62,40
NC0368193,STONEGATE MHP S/D,Community water system,Ground water,Orange,DURHAM,96,6,59,32
NC0392298,STONEHENGE S/D,Community water system,Ground water,Wake,RALEIGH,"1,840",28,65,32
NC4093011,STONEHOUSE ACRES,Community water system,Surface water purchased,Warren,LITTLETON,55,5,27,26
NC0368185,STONERIDGE MASTER,Community water system,Ground water,Orange,CHAPEL HILL,681,19,10,38
NC0113217,STONES THROW MHP,Community water system,Ground water,Cabarrus,HARRISBURG,183,6,61,62
NC0279035,"STONEVILLE, TOWN OF",Community water system,Surface water purchased,Rockingham,STONEVILLE,"1,308",6,51,34
NC4092178,STONEWOOD MANOR S/D,Community water system,Ground water,Wake,FUQUAY-VARINA,127,6,0,5
NC4392151,STONEY CREEK S/D,Community water system,Ground water,Wake,GARNER,173,7,16,15
NC0136356,STONEY OAKS S/D,Community water system,Ground water,Gaston,GASTONIA,74,8,176,49
NC0326341,STONEY POINT WS/FAYETTEVILLE PWC,Community water system,Ground water,Cumberland,FAYETTEVILLE,515,7,2,53
NC0351110,STONEYBROOK ESTATES S/D,Community water system,Ground water,Johnston,MICRO,80,5,13,32
NC0234196,STONINGTON S/D,Community water system,Ground water,Forsyth,KERNERSVILLE,58,4,70,27
NC0239018,"STOVALL, TOWN OF",Community water system,Surface water purchased,Granville,STOVALL,450,11,97,37
NC0150131,STRAWBERRY HILL,Community water system,Ground water,Jackson,GLENVILLE,105,10,78,25
NC0368190,STURBRIDGE VILLAGE,Community water system,Ground water,Orange,CHAPEL HILL,53,4,4,21
NC0149139,SUBURBAN ACRES,Community water system,Ground water,Iredell,STATESVILLE,208,6,47,40
NC0136197,SUBURBAN HEIGHTS S/D,Community water system,Ground water,Gaston,GASTONIA,61,7,16,29
NC0106107,SUGAR MOUNTAIN UTILITY,Community water system,Ground water,Avery,BANNER ELK,"3,226",55,10,78
NC4092055,SUMMER RIDGE,Community water system,Ground water,Wake,FUQUAY,56,4,2,10
NC0392126,SUMMERFIELD MHP,Community water system,Ground water,Wake,KNIGHTDALE,110,4,47,24
NC0467224,SUMMERSILL ESTATES  NO 1,Community water system,Ground water purchased,Onslow,JACKSONVILLE,163,2,62,55
NC4392156,SUN RIDGE FARM S/D,Community water system,Surface water purchased,Wake,FUQUAY-VARINA,272,3,1,21
NC0286153,SUNBOW S/D,Community water system,Ground water,Surry,MT AIRY,71,4,82,49
NC0111148,SUNCREST MHP,Community water system,Ground water,Buncombe,LEICESTER,65,4,34,32
NC2049006,SUNDOWN COVE,Community water system,Ground water,Iredell,MOORESVILLE,246,6,11,66
NC0118304,SUNNY ACRES I,Community water system,Ground water,Catawba,HICKORY,50,3,55,45
NC0279121,SUNNY MEADOWS,Community water system,Ground water,Rockingham,REIDSVILLE,70,3,335,30
NC2049003,SUNSET BAY S/D,Community water system,Ground water,Iredell,MOORESVILLE,89,4,1,59
NC0363408,SUNSET DRIVE MHP,Community water system,Ground water,Moore,ROBBINS,81,7,97,40
NC4092094,SUNSET MANOR S/D,Community water system,Ground water,Wake,WAKE FOREST,97,4,3,9
NC0136198,SUNSET PARK S/D,Community water system,Ground water,Gaston,GASTONIA,216,7,109,34
NC1056013,SUNSET POINT S/D,Community water system,Ground water,McDowell,NEBO,43,6,68,19
NC0471015,"SURF CITY, TOWN OF",Community water system,Ground water,Pender,SURF CITY,"9,730",17,163,125
NC0235127,SWEET BRIAR S/D,Community water system,Ground water,Franklin,LOUISBURG,143,6,3,15
NC4092166,SWEETWATER S/D,Community water system,Ground water,Wake,RALEIGH,110,4,6,9
NC3001005,"SWEPSONVILLE, TOWN OF",Community water system,Surface water purchased,Alamance,SWEPSONVILLE,"2,497",4,26,69
NC0392361,SWIFT CREEK MASTER SYSTEM,Community water system,Ground water,Wake,CARY,465,15,3,20
NC0161104,SWISS PINE LAKES,Community water system,Surface water purchased,Mitchell,SPRUCE PINE,185,5,94,21
NC0156112,SWISS VILLAGE WTR SYSTEM,Community water system,Ground water,McDowell,LITTLE SWITZERLAND,64,7,37,20
NC0424015,"TABOR CITY, TOWN OF",Community water system,Surface water purchased,Columbus,TABOR CITY,"3,277",11,137,71
NC0326342,TANGLEWOOD ESTATES S/D,Community water system,Ground water,Cumberland,FAYETTEVILLE,309,6,2,45
NC0180147,TANGLEWOOD S/D,Community water system,Ground water,Rowan,KANNAPOLIS,231,7,6,69
NC0326367,TANGLEWOOD SOUTH MHPFAYETTEVILLE PWC,Community water system,Surface water purchased,Cumberland,FAYETTEVILLE,259,7,27,64
NC0433010,"TARBORO, TOWN OF",Community water system,Surface water,Edgecombe,TARBORO,"10,844",16,28,90
NC4092068,TAVERNIER SUBDIVISION,Community water system,Ground water,Wake,GARNER,185,7,1,15
NC0102010,"TAYLORSVILLE, TOWN OF",Community water system,Surface water purchased,Alexander,TAYLORSVILLE,"3,042",13,5,136
NC0363035,"TAYLORTOWN, TOWN OF",Community water system,Ground water,Moore,TAYLORTOWN,904,13,67,60
NC0431044,"TEACHEY, TOWN OF",Community water system,Ground water purchased,Duplin,TEACHEY,663,4,30,50
NC3041113,THATCHER WOODS,Community water system,Ground water,Guilford,OAK RIDGE,72,6,0,17
NC3095044,THE BLUFFS AT BLOWING ROCK,Community water system,Ground water,Watauga,BOONE,254,7,2,10
NC1045043,THE BOULDERS,Community water system,Surface water purchased,Henderson,HENDERSONVILLE,80,3,7,8
NC0175107,THE BROW CONDOMINIUMS,Community water system,Ground water,Polk,COLUMBUS,96,6,49,26
NC0465199,THE CAPE MASTER SYSTEM,Community water system,Ground water,New Hanover,WILMINGTON,"11,587",31,70,171
NC2049052,THE COURTYARDS AT LAKE DAVIDSON,Community water system,Ground water,Iredell,MOORESVILLE,71,6,0,7
NC1050037,THE DIVIDE WATER SYSTEM,Community water system,Ground water,Jackson,SAPPHIRE,89,7,2,6
NC2060100,THE ENCLAVE AT CITY PARK,Community water system,Surface water purchased,Mecklenburg,CHARLOTTE,196,2,1,5
NC0241240,THE ESTATES OF OAK RIDGE LAKE,Community water system,Ground water,Guilford,OAK RIDGE,300,12,34,32
NC0241237,THE FARMS AT SUMMERFIELD,Community water system,Ground water,Guilford,SUMMERFIELD,51,4,1,21
NC1057008,THE GARDENS AT CAT CREEK,Community water system,Ground water,Macon,FRANKLIN,40,7,7,23
NC2049001,THE HAMPSHIRES S/D,Community water system,Ground water,Iredell,MOORESVILLE,561,6,17,148
NC0106121,THE HERITAGE OF SUGAR MOUNTAIN,Community water system,Ground water,Avery,NEWLAND,55,6,12,32
NC4019015,THE HILLS OF ROSEMONT,Community water system,Ground water,Chatham,DURHAM,192,6,36,18
NC0118293,THE MEADOWS S/D,Community water system,Ground water,Catawba,CONOVER,89,4,4,35
NC0392348,THE POINTE S/D,Community water system,Ground water,Wake,RALEIGH,203,10,3,21
NC0122108,THE RIDGES AT MOUNTAIN HARBOR,Community water system,Ground water,Clay,HAYESVILLE,160,6,6,23
NC1020006,THE SANCTUARY AT VANCE MTN,Community water system,Ground water,Cherokee,MURPHY,30,6,35,17
NC0118320,THE SUMMIT AT LAKE NORMAN S/D,Community water system,Ground water,Catawba,SHERRILLS FORD,56,4,3,30
NC0368182,THE TRAILS S/D,Community water system,Ground water,Orange,CHAPEL HILL,200,8,303,40
NC3079038,THE VILLAGE,Community water system,Ground water,Rockingham,STONEVILLE,250,6,3,11
NC0410130,THE VILLAGE OF BALD HEAD ISLAND,Community water system,Surface water purchased,Brunswick,BALD HEAD ISLAND,"3,500",27,42,50
NC3041021,THE VINEYARDS AT SUMMERFIELD SD,Community water system,Ground water,Guilford,SUMMERFIELD,299,10,4,26
NC0188428,THE WILDS CAMP,Community water system,Ground water,Transylvania,BREVARD,450,7,6,26
NC0229020,"THOMASVILLE, CITY OF",Community water system,Surface water,Davidson,THOMASVILLE,"27,287",11,14,134
NC0392098,THOMPSON MILLS S/D,Community water system,Ground water,Wake,WAKE FOREST,460,13,3,19
NC0392378,THORNBURG S/D,Community water system,Ground water,Wake,KNIGHTDALE,160,6,1,23
NC1050069,TIMBER RIDGE,Community water system,Ground water,Jackson,CASHIERS,51,7,49,14
NC0149163,TIMBERBROOK S/D,Community water system,Ground water,Iredell,STATESVILLE,61,4,26,36
NC0392237,TIMBERBURG HILLS,Community water system,Ground water,Wake,WILLOW SPRINGS,25,5,5,18
NC0273103,TIMBERLAKE MHP,Community water system,Ground water,Person,TIMBERLAKE,107,4,47,39
NC0201205,TIMBERLAKE S/D,Community water system,Ground water,Alamance,SAXAPAHAW,295,7,32,29
NC0286124,TIMBERLAKE WATER SYSTEM,Community water system,Ground water,Surry,MT AIRY,61,4,72,33
NC0466109,TIMBERLINE SHORES,Community water system,Ground water,Northampton,GASTON,224,6,15,32
NC0138106,TOBACCO BRANCH VILLAGE,Community water system,Ground water,Graham,ALMOND,163,7,53,30
NC0471020,"TOPSAIL BEACH, TOWN OF",Community water system,Ground water,Pender,TOPSAIL BEACH,"3,495",13,95,86
NC7071054,TOWN OF ATKINSON,Community water system,Ground water,Pender,ATKINSON,301,6,9,36
NC4051019,TOWN OF CLAYTON - NORTH,Community water system,Surface water purchased,Johnston,CLAYTON,"4,703",5,1,11
NC0138101,TOWN OF FONTANA DAM,Community water system,Surface water,Graham,FONTANA,950,8,54,182
NC5078007,TOWN OF PEMBROKE - UNIVERSITY COURTYARD,Community water system,Ground water purchased,Robeson,PEMBROKE,365,2,5,4
NC0425113,TOWN OF RIVER BEND,Community water system,Ground water,Craven,RIVER BEND,"2,846",8,55,75
NC5078006,TOWN OF SAINT PAULS - EVANS RD,Community water system,Ground water purchased,Robeson,SAINT PAULS,170,2,0,6
NC7024024,TOWN OF SANDYFIELD,Community water system,Ground water purchased,Columbus,,439,3,23,34
NC3041089,TOWN OF WHITSETT,Community water system,Surface water purchased,Guilford,,89,2,5,27
NC0188130,TOXAWAY FALLS CONDOS,Community water system,Ground water,Transylvania,LAKE TOXAWAY,74,7,289,32
NC0188119,TOXAWAY POINT,Community water system,Ground water,Transylvania,LAKE TOXAWAY,79,5,257,33
NC0188537,TOXAWAY SHORES,Community water system,Ground water,Transylvania,LAKE TOXAWAY,64,5,86,25
NC0188131,TOXAWAY VILLAS,Community water system,Ground water,Transylvania,LAKE TOXAWAY,50,4,85,23
NC0392094,TRADEWINDS S/D,Community water system,Ground water,Wake,RALEIGH,442,9,31,20
NC0118160,TRANQUIL VILLAGE S/D,Community water system,Ground water,Catawba,HICKORY,43,6,46,24
NC0332132,TRAPPER`S CREEK S/D,Community water system,Ground water,Durham,DURHAM,158,6,19,25
NC0465165,TREASURE COVE S/D,Community water system,Ground water,New Hanover,OGDEN,760,6,17,45
NC0150193,TRILLIUM LINKS & VILLAGE,Community water system,Ground water,Jackson,CASHIERS,610,9,144,49
NC1050042,TRILLIUM LINKS WEST,Community water system,Ground water,Jackson,CASHIERS,424,10,14,20
NC0392274,TRINITY FARMS S/D,Community water system,Ground water,Wake,RALEIGH,42,4,46,20
NC3041023,TRIPLE LAKES S/D,Community water system,Ground water,Guilford,SUMMERFIELD,315,8,38,30
NC0149030,"TROUTMAN, TOWN OF",Community water system,Surface water purchased,Iredell,TROUTMAN,"9,562",24,187,269
NC0362020,"TROY, TOWN OF",Community water system,Surface water purchased,Montgomery,TROY,"3,591",4,29,54
NC0175010,"TRYON, TOWN OF",Community water system,Surface water,Polk,TRYON,"5,494",11,76,210
NC0392333,TUCKAHOE S/D,Community water system,Ground water,Wake,WAKE FOREST,221,9,16,23
NC0150035,TUCKASEIGEE WATER & SEWER AUTH,Community water system,Surface water,Jackson,CULLOWHEE,"7,528",12,43,195
NC0188118,TURKEY PEN MHP,Community water system,Ground water,Transylvania,BREVARD,229,8,1114,44
NC0382040,"TURKEY, TOWN OF",Community water system,Ground water,Sampson,TURKEY,352,6,48,45
NC0392280,TURNER FARMS I & II,Community water system,Ground water,Wake,GARNER,130,6,34,20
NC0392331,TURNER FARMS III & IV,Community water system,Ground water,Wake,GARNER,757,10,13,26
NC4092098,TURNER FARMS IX & X,Community water system,Ground water,Wake,GARNER,150,6,1,11
NC0392398,TURNER FARMS V MASTER SYSTEM,Community water system,Ground water,Wake,GARNER,518,12,89,20
NC0145160,TUXEDO WATER SYSTEM,Community water system,Ground water,Henderson,TUXEDO,168,7,43,29
NC0241211,TWELVE OAKS S/D,Community water system,Ground water,Guilford,OAK RIDGE,234,6,6,24
NC0111169,TWIN CREEKS S/D,Community water system,Surface water purchased,Buncombe,FAIRVIEW,77,2,25,42
NC0392375,TWIN CREEKS S/D,Community water system,Ground water,Wake,FUQUAY VARINA,127,7,4,16
NC0392395,TWIN LAKE FARM S/D,Community water system,Ground water,Wake,HOLLY SPRINGS,208,7,81,43
NC0293104,TWIN OAKS SHORES,Community water system,Ground water,Warren,ELAMS,70,7,44,43
NC0464128,TWIN OAKS TP,Community water system,Ground water,Nash,NASHVILLE,77,6,171,27
NC0276140,TWIN OAKS WATER SYSTEM,Community water system,Ground water,Randolph,TRINITY,104,5,20,42
NC0136010,TWO RIVERS UTILITIES,Community water system,Surface water,Gaston,GASTONIA,"96,714",10,4,267
NC4392160,TYLER FARMS S/D,Community water system,Ground water,Wake,GARNER,89,4,1,13
NC0332138,TYNDRUM S/D,Community water system,Ground water,Durham,DURHAM,102,6,7,24
NC0489015,TYRRELL COUNTY WATER,Community water system,Ground water,Tyrrell,COLUMBIA,"2,950",16,200,87
NC0111147,UNDER THE BLUE RIDGE,Community water system,Ground water,Buncombe,ASHEVILLE,50,5,181,39
NC0190413,UNION COUNTY WATER SYSTEM,Community water system,Surface water,Union,MONROE,"169,685",29,15,488
NC0446106,UNION UTILITIES CORP,Community water system,Ground water,Hertford,AHOSKIE,353,7,49,42
NC4092038,UPCHURCH PLACE S/D,Community water system,Ground water,Wake,GARNER,157,9,0,21
NC0467041,USMC LEJEUNE--HADNOT POINT,Community water system,Ground water,Onslow,CAMP LEJEUNE,"37,500",63,5,107
NC0467043,USMC LEJEUNE--HOLCOMB BLVD,Community water system,Ground water,Onslow,CAMP LEJEUNE,"17,000",34,8,79
NC0467042,USMC LEJEUNE--NEW RIVER AIR ST,Community water system,Ground water,Onslow,CAMP LEJEUNE,"11,500",34,7,67
NC0467046,USMC LEJEUNE--RIFLE RANGE,Community water system,Ground water purchased,Onslow,CAMP LEJEUNE,"3,500",4,11,43
NC0299118,V P MOBILE HOME PARK,Community water system,Ground water,Yadkin,EAST BEND,91,6,52,41
NC0112010,"VALDESE, TOWN OF",Community water system,Surface water,Burke,VALDESE,"13,571",6,48,206
NC0118247,VALLEY ACRES S/D,Community water system,Ground water,Catawba,NEWTON,69,8,72,33
NC0195162,VALLEY VIEW S/D,Community water system,Ground water,Watauga,BOONE,40,4,7,40
NC0392301,VALLEY WOODS MHP,Community water system,Ground water,Wake,KNIGHTDALE,224,7,30,21
NC0136199,VALLEYDALE S/D,Community water system,Ground water,Gaston,GASTONIA,107,4,36,34
NC4091008,VANCE CO WATER DISTRICT PHASE 1,Community water system,Surface water purchased,Vance,HENDERSON,"1,580",3,14,16
NC4091010,VANCE CO WATER DISTRICT PHASE 2,Community water system,Surface water purchased,Vance,HENDERSON,"1,376",4,24,13
NC0291015,VANCE COUNTY WATER DISTRICT - KITTRELL,Community water system,Surface water purchased,Vance,KITTRELL,"1,282",6,87,35
NC0425020,VANCEBORO WATER SYSTEM,Community water system,Ground water,Craven,VANCEBORO,"1,864",7,7,70
NC4092162,VERNON PLACE S/D,Community water system,Ground water,Wake,WAKE FOREST,64,7,1,9
NC0201035,VILLAGE OF ALAMANCE,Community water system,Surface water purchased,Alamance,BURLINGTON,"1,200",3,60,49
NC0446030,VILLAGE OF COFIELD,Community water system,Ground water,Hertford,COFIELD,417,12,65,85
NC0392199,VILLAGE SQUIRE MOBILE ESTATES,Community water system,Ground water,Wake,KNIGHTDALE,232,7,33,22
NC3041075,VILLAGE WOODS DEVELOPMENT,Community water system,Ground water,Guilford,OAK RIDGE,51,4,36,12
NC4092072,VINTAGE ACRES S/D,Community water system,Ground water,Wake,FUQUAY VARINA,81,4,1,11
NC0150171,WADE HAMPTON CLUB,Community water system,Ground water,Jackson,CASHIERS,429,15,33,30
NC0326040,"WADE, TOWN OF",Community water system,Ground water,Cumberland,WADE,780,14,18,67
NC0304020,"WADESBORO, TOWN OF",Community water system,Surface water purchased,Anson,WADESBORO,"5,608",7,63,119
NC0383020,"WAGRAM, TOWN OF",Community water system,Ground water,Scotland,WAGRAM,965,7,57,82
NC1011055,WAIGHTSTILL MOUNTAIN,Community water system,Surface water purchased,Buncombe,,155,2,20,12
NC0392155,WAKEFIELD S/D,Community water system,Ground water,Wake,RALEIGH,408,14,2,16
NC0241144,WALKER ESTATES,Community water system,Ground water,Guilford,BROWNS SUMMIT,48,4,24,31
NC0136384,WALKER HEIGHTS S/D,Community water system,Ground water,Gaston,GASTONIA,239,6,43,33
NC0431010,"WALLACE, TOWN OF",Community water system,Ground water,Duplin,WALLACE,"5,825",28,203,120
NC0285015,"WALNUT COVE, TOWN OF",Community water system,Surface water purchased,Stokes,WALNUT COVE,"2,210",19,883,103
NC0496155,WALNUT CREEK VILLAGE,Community water system,Ground water purchased,Wayne,GOLDSBORO,950,10,86,69
NC0286150,WALNUT TREE S/D,Community water system,Ground water,Surry,MOUNT AIRY,112,4,105,35
NC0440030,"WALSTONBURG, TOWN OF",Community water system,Surface water purchased,Greene,WALSTONBURG,240,4,7,88
NC0241145,WARD`S MHP,Community water system,Ground water,Guilford,GREENSBORO,41,7,52,36
NC0293015,WARREN COUNTY WATER SYSTEM,Community water system,Surface water purchased,Warren,WARRENTON,"13,230",14,37,86
NC0293010,"WARRENTON, TOWN OF",Community water system,Surface water purchased,Warren,WARRENTON,"2,250",5,28,45
NC0431015,"WARSAW, TOWN OF",Community water system,Ground water,Duplin,WARSAW,"3,108",17,12,59
NC0279125,WASHBURN MHP,Community water system,Ground water,Rockingham,REIDSVILLE,83,4,49,44
NC0494025,WASHINGTON COUNTY WATER SYSTEM,Community water system,Ground water,Washington,ROPER,"6,693",19,11,160
NC0407010,"WASHINGTON, CITY OF",Community water system,Ground water,Beaufort,WASHINGTON,"13,000",21,6,96
NC0195103,WATAUGA MHP,Community water system,Ground water,Watauga,BOONE,45,9,54,43
NC0157125,WATAUGA VISTA,Community water system,Ground water,Macon,FRANKLIN,361,6,23,32
NC0149167,WATERCREST ESTATES MHP,Community water system,Surface water purchased,Iredell,STATESVILLE,244,2,6,28
NC0188126,WATERFORD PLACE,Community water system,Ground water,Transylvania,BREVARD,95,6,30,44
NC0156134,WATERGLYN S/D,Community water system,Ground water,McDowell,NEBO,115,7,0,18
NC4092136,WATERSTONE RESERVE,Community water system,Ground water,Wake,RALEIGH,175,11,0,7
NC0392202,WATKIN`S MHP,Community water system,Ground water,Wake,RALEIGH,74,7,162,25
NC0136347,WATTS S/D,Community water system,Ground water,Gaston,STANLEY,48,4,8,28
NC6096001,WAYNE WATER  DISTRICTS PURCHASE,Community water system,Surface water purchased,Wayne,GOLDSBORO,"16,302",19,9,19
NC0496065,WAYNE WATER DISTRICTS,Community water system,Ground water,Wayne,GOLDSBORO,"39,403",127,219,160
NC0144010,"WAYNESVILLE, TOWN OF",Community water system,Surface water,Haywood,WAYNESVILLE,"19,758",5,9,206
NC3041022,WEATHERSTONE @ OLDE FOREST S/D,Community water system,Ground water,Guilford,GREENSBORO,170,7,362,17
NC0113193,WEATHERSTONE S/D,Community water system,Surface water purchased,Cabarrus,HARRISBURG,120,5,103,60
NC0241206,WEATHERSTONE S/D,Community water system,Ground water,Guilford,OAK RIDGE,269,6,13,25
NC0111156,WEAVERVILLE HILLS MHP,Community water system,Ground water,Buncombe,WEAVERVILLE,147,6,99,56
NC0111025,"WEAVERVILLE, TOWN OF",Community water system,Surface water,Buncombe,WEAVERVILLE,"8,359",8,29,194
NC0111152,WEDGEFIELD ACRES MHP,Community water system,Ground water,Buncombe,ASHEVILLE,100,4,54,38
NC0392381,WEDGEWOOD SQUARE S/D,Community water system,Ground water,Wake,CARY,96,6,10,21
NC0286156,WEDGEWOOD/TOWN AND COUNTRY WOODS,Community water system,Ground water,Surry,MT AIRY,587,16,65,37
NC0392387,WEEKEND RETREAT/SOUTHERN OAK,Community water system,Ground water,Wake,WILLOW SPRINGS,615,16,3,27
NC0442020,WELDON WATER SYSTEM,Community water system,Surface water,Halifax,WELDON,"1,375",8,98,68
NC3041067,WELLINGTON SD,Community water system,Ground water,Guilford,,315,11,3,24
NC0136287,WESLEY ACRES  NO 2,Community water system,Ground water,Gaston,GASTONIA,168,7,135,43
NC0392337,WESLEY WOODS,Community water system,Ground water,Wake,RALEIGH,87,4,19,17
NC0276143,WEST 49 MHP,Community water system,Ground water,Randolph,ASHEBORO,93,4,104,40
NC0416040,WEST CARTERET WATER CORP,Community water system,Ground water,Carteret,NEWPORT,"19,512",13,19,110
NC0105010,"WEST JEFFERSON, TOWN OF",Community water system,Groundwater under influence of surface water,Ashe,WEST JEFFERSON,"1,321",30,173,76
NC0392357,WEST OAKS S/D,Community water system,Ground water,Wake,FUQUAY VARINA,605,16,5,18
NC0197020,WEST WILKES WTR ASSOCIATION INC,Community water system,Surface water purchased,Wilkes,MILLER CREEK,"12,573",9,6,36
NC0217020,WEST YANCEYVILLE WATER ASSOCIATION,Community water system,Ground water,Caswell,YANCEYVILLE,180,6,50,100
NC0150116,WESTERN CAROLINA UNIV WTP,Community water system,Surface water,Jackson,CULLOWHEE,"7,800",6,46,147
NC0180123,WESTHAVEN MHP,Community water system,Ground water,Rowan,CHINA GROVE,86,4,101,45
NC0149155,WESTOVER S/D,Community water system,Ground water,Iredell,STATESVILLE,335,13,84,47
NC0118187,WESTSIDE HILLS S/D,Community water system,Ground water,Catawba,NEWTON,127,10,56,39
NC0160195,WESTWOOD FOREST MHP,Community water system,Ground water,Mecklenburg,CHARLOTTE,333,8,89,42
NC0160196,WESTWOOD MHP,Community water system,Ground water,Mecklenburg,CHARLOTTE,56,14,481,115
NC0180187,WESTWOOD MHP & S/D,Community water system,Ground water,Rowan,SALISBURY,638,8,197,44
NC0392086,WETHERBURN WOODS,Community water system,Ground water,Wake,RALEIGH,73,5,2,18
NC0332140,WEXFORD S/D,Community water system,Ground water,Durham,RALEIGH,148,6,3,16
NC0368135,WHISPERING PINES,Community water system,Ground water,Orange,DURHAM,183,6,17,25
NC0363112,WHISPERING PINES DEVELOPMENT,Community water system,Surface water purchased,Moore,WHISPERING PINES,"4,178",17,11,82
NC0392207,WHISPERING PINES MHP,Community water system,Ground water,Wake,WAKE FOREST,25,4,137,27
NC0332106,WHISPERING PINES MHP,Community water system,Ground water,Durham,DURHAM,305,6,507,36
NC0433040,"WHITAKERS, TOWN OF",Community water system,Surface water purchased,Edgecombe,WHITAKERS,869,2,50,38
NC4092014,WHITE FLAG AT DEERCHASE S/D,Community water system,Ground water,Wake,WAKE FOREST,26,4,74,15
NC0309030,"WHITE LAKE, TOWN OF",Community water system,Ground water,Bladen,WHITE LAKE,"5,770",9,57,70
NC0351160,WHITE OAK PLANTATION,Community water system,Surface water purchased,Johnston,CLAYTON,521,3,50,30
NC1045025,WHITE OAK VILLAGE,Community water system,Surface water purchased,Henderson,HENDERSONVILLE,185,2,18,13
NC0392119,WHITE OAK VILLAGE,Community water system,Ground water,Wake,GARNER,104,6,62,20
NC0156122,WHITE PINES MHP,Community water system,Ground water,McDowell,NEBO,50,3,29,26
NC4092087,WHITECROFT MANOR S/D,Community water system,Ground water,Wake,GARNER,113,4,0,10
NC0113216,WHITEHURST MHP,Community water system,Ground water,Cabarrus,CONCORD,688,6,129,66
NC4092089,WHITETAIL FARM S/D,Community water system,Ground water,Wake,HOLLY SPRINGS,178,8,1,17
NC0424010,"WHITEVILLE, CITY OF",Community water system,Ground water,Columbus,WHITEVILLE,"5,426",17,9,77
NC1088006,WHITEWATER RIDGE,Community water system,Ground water,Transylvania,,30,9,20,11
NC0187020,WHITTIER SANITARY DISTRICT,Community water system,Ground water,Swain,WHITTIER,252,6,49,37
NC4092039,WHITTINGHAM MASTER SYSTEM,Community water system,Ground water,Wake,GARNER,680,7,3,13
NC0136168,WILD WING S/D,Community water system,Ground water,Gaston,GASTONIA,89,4,19,43
NC0157118,WILDCAT CLIFFS COUNTRY CLUB,Community water system,Ground water,Macon,HIGHLANDS,445,11,122,33
NC0368116,WILDCAT CREEK S/D,Community water system,Ground water,Orange,CHAPEL HILL,114,6,12,41
NC4392157,WILDERS RIDGE S/D,Community water system,Ground water,Wake,GARNER,518,9,15,16
NC0235125,WILDERS VILLAGE S/D,Community water system,Ground water,Franklin,BUNN,112,7,3,21
NC0149192,WILDLIFE BAY S/D,Community water system,Ground water,Iredell,TROUTMAN,216,6,2,31
NC0160200,WILDWOOD GREEN/MCILWAINE,Community water system,Ground water,Mecklenburg,CHARLOTTE,681,9,130,36
NC0157135,WILDWOOD MOUNTAIN S/D,Community water system,Ground water,Macon,HIGHLANDS,81,6,50,36
NC0197025,"WILKESBORO, TOWN OF",Community water system,Surface water,Wilkes,WILKESBORO,"3,687",14,0,110
NC0241225,WILLARD OAKS S/D,Community water system,Ground water,Guilford,OAK RIDGE,112,7,18,25
NC0459010,"WILLIAMSTON, TOWN OF",Community water system,Surface water purchased,Martin,WILLIAMSTON,"7,650",22,6,113
NC0279124,WILLIAM`S MHP,Community water system,Ground water,Rockingham,REIDSVILLE,86,8,114,46
NC4092060,WILLOW BLUFFS V,Community water system,Ground water,Wake,RALEIGH,114,4,1,13
NC0392230,WILLOW CREEK S/D,Community water system,Ground water,Wake,RALEIGH,74,4,109,20
NC0285133,WILLOW CREEK S/D,Community water system,Ground water,Stokes,PILOT MOUNTAIN,135,8,3,24
NC0332119,WILLOW HILL S/D,Community water system,Ground water,Durham,DURHAM,329,12,7,54
NC4392186,WILLOW HILLS S/D,Community water system,Ground water,Wake,FUQUAY VARINA,102,4,119,17
NC0279156,WILLOW OAKS MHP,Community water system,Ground water,Rockingham,REIDSVILLE,135,6,40,83
NC0392315,WILLOW WINDS S/D,Community water system,Ground water,Wake,RALEIGH,50,6,18,20
NC0351166,WILLOWBROOK DEVELOPMENT,Community water system,Surface water purchased,Johnston,CLAYTON,432,9,45,27
NC4098014,WILSON CO SOUTHEAST WATER DIST,Community water system,Ground water purchased,Wilson,WILSON,"4,388",10,19,27
NC4098012,WILSON CO SOUTHWEST WATER DIST,Community water system,Ground water purchased,Wilson,WILSON,"5,730",10,13,28
NC0241220,WILSON FARMS/AUBURNDALE,Community water system,Ground water,Guilford,OAK RIDGE,465,10,117,21
NC0351115,WILSON HEIGHTS S/D,Community water system,Ground water,Johnston,WILSON MILLS,25,4,17,21
NC0498010,"WILSON, CITY OF",Community water system,Surface water,Wilson,WILSON,"50,332",23,2,105
NC0136313,WIMBLEDON S/D,Community water system,Ground water,Gaston,DALLAS,107,4,30,44
NC0111127,WIND SHADOWS CIRCLE MHP,Community water system,Ground water,Buncombe,LEICESTER,72,3,145,31
NC0392347,WINDEMERE S/D,Community water system,Ground water,Wake,WAKE FOREST,96,6,15,20
NC0286164,WINDGATE S/D,Community water system,Ground water,Surry,MT AIRY,158,7,4,30
NC0392335,WINDHAVEN S/D,Community water system,Ground water,Wake,WILLOW SPRINGS,528,13,5,22
NC2049016,WINDING FOREST/BELLS CROSSING S/D,Community water system,Ground water,Iredell,,582,6,0,64
NC0180196,WINDMILL RIDGE S/D,Community water system,Ground water,Rowan,SALISBURY,140,7,44,29
NC0136346,WINDSOR HEIGHTS MHP,Community water system,Ground water,Gaston,DALLAS,178,8,52,46
NC0408010,"WINDSOR, TOWN OF",Community water system,Ground water,Bertie,WINDSOR,"2,433",18,10,104
NC2049042,WINDSTONE CROSSING,Community water system,Ground water,Iredell,TROUTMAN,112,4,1,22
NC0136312,WINDWOOD ACRES S/D,Community water system,Ground water,Gaston,BESSEMER CITY,56,4,103,31
NC0136519,WINDY HILL MHP,Community water system,Ground water,Gaston,MT HOLLY,58,10,31,30
NC0190030,"WINGATE, TOWN OF",Community water system,Surface water purchased,Union,WINGATE,"3,950",7,44,100
NC0136203,WINNINGFIELD S/D,Community water system,Ground water,Gaston,DALLAS,30,4,94,27
NC0433120,WINSTEAD MOBILE TERRACE,Community water system,Ground water,Edgecombe,ROCKY MOUNT,189,12,24,39
NC4051002,WINSTON PLANTATION,Community water system,Surface water purchased,Johnston,CLAYTON,229,2,0,17
NC4051012,WINSTON POINTE S/D,Community water system,Surface water purchased,Johnston,CLAYTON,"1,326",6,0,17
NC0234010,"WINSTON-SALEM, CITY OF",Community water system,Surface water,Forsyth,CLEMMONS,"391,900",35,39,293
NC0474040,"WINTERVILLE, TOWN OF",Community water system,Surface water purchased,Pitt,WINTERVILLE,"10,462",15,37,92
NC0446020,"WINTON, TOWN OF",Community water system,Ground water,Hertford,WINTON,756,10,7,68
NC0158101,WOLF LAUREL RESORT,Community water system,Ground water,Madison,MARS HILL,"1,819",24,83,88
NC4392148,WOOD TRACE S/D,Community water system,Ground water,Wake,WENDELL,117,4,2,14
NC0286176,WOODBRIDGE S/D,Community water system,Ground water,Surry,MOUNT AIRY,318,11,1,27
NC0319135,WOODBRIDGE S/D,Community water system,Ground water,Chatham,CHAPEL HILL,143,11,59,33
NC0392336,WOODBROOK S/D,Community water system,Ground water,Wake,GARNER,53,4,22,19
NC0286151,WOODCREEK S/D,Community water system,Ground water,Surry,MT AIRY,122,7,87,43
NC0111015,WOODFIN SANITARY WATER AND SEWER,Community water system,Surface water,Buncombe,WEAVERVILLE,"10,122",11,87,151
NC4035014,WOODFORD S/D,Community water system,Ground water,Franklin,ZEBULON,125,4,0,13
NC0145147,WOODHAVEN S/D,Community water system,Ground water,Henderson,HENDERSONVILLE,198,6,7,27
NC0363114,WOODLAKE WATER & SEWER INC,Community water system,Surface water purchased,Moore,VASS,"2,287",3,38,63
NC0136351,WOODLAND BAY S/D,Community water system,Ground water,Gaston,GASTONIA,74,6,58,26
NC2049013,WOODLAND HILLS S/D,Community water system,Ground water,Iredell,MOORESVILLE,66,4,3,43
NC0106124,WOODLAND MEADOWS,Community water system,Ground water,Avery,BANNER ELK,25,4,21,25
NC0118256,WOODLAND OAKS S/D,Community water system,Ground water,Catawba,NEWTON,290,10,123,57
NC0368147,WOODLAND PARK,Community water system,Ground water,Orange,HILLSBOROUGH,41,5,31,37
NC0326365,WOODLAND RUN MH S/D,Community water system,Surface water purchased,Cumberland,FAYETTEVILLE,108,2,6,31
NC0293111,WOODLAND SHORE S/D,Community water system,Surface water purchased,Warren,LITTLETON,64,5,22,36
NC0466040,"WOODLAND, TOWN OF",Community water system,Ground water,Northampton,WOODLAND,747,8,5,31
NC0156128,WOODLAWN HEIGHTS WATER SYSTEM,Community water system,Ground water,McDowell,MARION,315,5,63,36
NC0136336,WOODLEIGH S/D,Community water system,Ground water,Gaston,GASTONIA,198,9,81,39
NC0118248,WOODRIDGE S/D,Community water system,Ground water,Catawba,HICKORY,295,9,15,35
NC0362107,WOODRUN S/D,Community water system,Surface water purchased,Montgomery,TROY,"1,216",12,46,38
NC0118316,WOODS HALL MHP,Community water system,Ground water,Catawba,CLAREMONT,81,4,5,44
NC0392388,WOODS OF ASHBURY SD,Community water system,Ground water,Wake,RALEIGH,144,6,98,21
NC0392261,WOODSCREEK S/D,Community water system,Ground water,Wake,RALEIGH,180,9,62,23
NC4392123,WOODSPRING S/D,Community water system,Ground water,Wake,RALEIGH,147,6,2,13
NC0392365,WOODWAY S/D,Community water system,Ground water,Wake,GARNER,188,8,2,24
NC0368138,WOOD`S MHP,Community water system,Ground water,Orange,DURHAM,89,4,67,27
NC4392158,WORTHINGTON S/D,Community water system,Ground water,Wake,RALEIGH,119,4,1,13
NC0180191,WRIGHT & BEAVER RD MHP,Community water system,Ground water,Rowan,ENOCHVILLE,36,6,18,37
NC0347112,WRIGHTSBORO S/D,Community water system,Ground water,Hoke,RAEFORD,103,4,95,43
NC4392134,WYNSTONE S/D,Community water system,Ground water,Wake,GARNER,104,4,1,13
NC4092034,WYNTREE S/D,Community water system,Ground water,Wake,HOLLY SPRINGS,46,4,0,14
NC3099029,YADKIN CO WATER - HWY 21,Community water system,Surface water purchased,Yadkin,HAMPTONVILLE,277,4,18,35
NC3099034,YADKIN COUNTY - EAST BEND,Community water system,Surface water purchased,Yadkin,EAST BEND,97,2,1,13
NC0299015,"YADKINVILLE, TOWN OF",Community water system,Surface water,Yadkin,YADKINVILLE,"4,196",8,56,184
NC0217010,"YANCEYVILLE, TOWN OF",Community water system,Surface water,Caswell,YANCEYVILLE,"1,937",8,143,103
NC4092171,YARDLEY S/D,Community water system,Ground water,Wake,WAKE FOREST,56,4,0,5
NC4092131,YATES MILL ESTATES,Community water system,Ground water,Wake,RALEIGH,145,7,6,7
NC0392090,YATES MILL RUN S/D,Community water system,Ground water,Wake,RALEIGH,178,6,3,23
NC0111104,YMCA-BLUE RIDGE ASSEMBLY,Community water system,Ground water,Buncombe,BLACK MOUNTAIN,200,9,71,40
NC0234165,YORKTOWN S/D,Community water system,Surface water purchased,Forsyth,KERNERSVILLE,272,2,3,19
NC0136204,YORKWOOD S/D,Community water system,Ground water,Gaston,GASTONIA,196,7,104,40
NC0113188,ZEMOSA ACRES WATER SYSTEM,Community water system,Surface water purchased,Cabarrus,CONCORD,650,2,14,39
NC0326810,ALDERMAN ROAD ELEMENTARY,Non-Transient non-community system,Ground water,Cumberland,FAYETTEVILLE,610,4,49,47
NC0201403,ALTAMAHAW-OSSIPEE ELEM SCHOOL,Non-Transient non-community system,Ground water,Alamance,ELON COLLEGE,669,4,26,39
NC1081031,"AMERICAN MISO COMPANY, INC",Non-Transient non-community system,Ground water,Rutherford,RUTHERFORDTON,38,4,2,7
NC0201631,ANDERSEN ENERGY INC,Non-Transient non-community system,Ground water,Alamance,HAW RIVER,80,4,22,19
NC3095022,APPALCART TRANSIT FACILITY,Non-Transient non-community system,Ground water,Watauga,,80,5,4,23
NC3041118,APPLES CHAPEL CHRISTIAN DAYCARE,Non-Transient non-community system,Ground water,Guilford,GIBSONVILLE,100,4,4,10
NC0160515,ARLINGTON BAPTIST CHURCH INC,Non-Transient non-community system,Ground water,Mecklenburg,CHARLOTTE,350,5,20,39
NC0100459,ARTHUR MORGAN SCHOOL,Non-Transient non-community system,Ground water,Yancey,BURNSVILLE,42,3,61,20
NC0105406,ASHE COUNTY MIDDLE SCHOOL,Non-Transient non-community system,Ground water,Ashe,WARRENVILLE,520,4,19,34
NC1011002,ASHEVILLE ACADEMY FOR GIRLS,Non-Transient non-community system,Ground water,Buncombe,BLACK MOUNTAIN,75,4,136,22
NC1011034,ASHEVILLE ACADEMY FOR GIRLS- CABINS,Non-Transient non-community system,Ground water,Buncombe,BLACK MOUNTAIN,75,4,16,15
NC0416410,ATLANTIC ELEMENTARY,Non-Transient non-community system,Ground water,Carteret,ATLANTIC,115,4,43,41
NC0201409,B EVERETT JORDAN ELEM SCHOOL,Non-Transient non-community system,Ground water,Alamance,SAXAPAHAW,425,7,2,40
NC0276620,BAILEYS GROVE BAPTIST SCHOOL,Non-Transient non-community system,Ground water,Randolph,ASHEBORO,130,4,50,29
NC3041084,BANK OF OAK RIDGE OPERATIONS CENTER,Non-Transient non-community system,Ground water,Guilford,OAK RIDGE,25,4,278,29
NC0111472,BARNARDSVILLE ELEM SCHOOL,Non-Transient non-community system,Ground water,Buncombe,BARNARDSVILLE,460,4,30,20
NC0156492,BAXTER HEALTH CARE CORP,Non-Transient non-community system,Ground water,McDowell,MARION,"2,450",13,3,34
NC0326401,BEAVER DAM ELEM SCHOOL,Non-Transient non-community system,Ground water,Cumberland,ROSEBORO,105,6,2,32
NC0160605,BERRYHILL ELEM SCHOOL,Non-Transient non-community system,Ground water,Mecklenburg,CHARLOTTE,522,6,22,70
NC0188593,BETHANY BAPT CHURCH & SCHOOL,Non-Transient non-community system,Ground water,Transylvania,BREVARD,40,5,4,18
NC1044013,BETHEL ELEMENTARY SCHOOL,Non-Transient non-community system,Ground water,Haywood,,550,6,34,16
NC0195421,BETHEL ELEMENTARY SCHOOL,Non-Transient non-community system,Ground water,Watauga,BOONE,128,4,10,44
NC0144418,BETHEL MIDDLE SCHOOL,Non-Transient non-community system,Ground water,Haywood,WAYNESVILLE,230,7,34,35
NC0241660,BETHLEHEM CHILD CARE CENTER,Non-Transient non-community system,Ground water,Guilford,CLIMAX,64,3,26,37
NC0201475,BIBLE WESLEYAN CHRISTIAN SCHOOL,Non-Transient non-community system,Ground water,Alamance,GRAHAM,40,3,80,19
NC0149511,BIG DADDY`S RESTAURANT,Non-Transient non-community system,Ground water,Iredell,MOORESVILLE,55,7,148,36
NC0111103,BILTMORE ESTATES,Non-Transient non-community system,Surface water purchased,Buncombe,ASHEVILLE,857,8,66,12
NC5009012,BLADEN BLUFFS WATER SYSTEM,Non-Transient non-community system,Surface water,Bladen,TARHEEL,0,2,49,83
NC3003003,BLUE RIDGE DEVELOPMENTAL DAY,Non-Transient non-community system,Ground water,Alleghany,SPARTA,60,4,27,44
NC0105503,BLUE RIDGE ELEM SCHOOL,Non-Transient non-community system,Ground water,Ashe,JEFFERSON,410,7,10,27
NC0150461,BLUE RIDGE SCHOOL,Non-Transient non-community system,Ground water,Jackson,GLENVILLE,350,8,14,42
NC1045040,BLUE ROCK BEHAVIORAL HEALTH,Non-Transient non-community system,Ground water,Henderson,BAT CAVE,54,4,10,9
NC1056011,BONNIE PLANTS - NEBO STATION,Non-Transient non-community system,Ground water,McDowell,NEBO,30,7,718,19
NC0197452,BOOMER-FERGUSON ELEM SCHOOL,Non-Transient non-community system,Ground water,Wilkes,BOOMER,175,4,61,36
NC0180649,BOSTIAN ELEM SCHOOL,Non-Transient non-community system,Ground water,Rowan,CHINA GROVE,391,5,11,50
NC1050083,BOYS AND GIRLS CLUB OF THE PLATEAU,Non-Transient non-community system,Ground water,Jackson,CASHIERS,270,4,3,12
NC0276435,BRAXTON CULLER,Non-Transient non-community system,Ground water,Randolph,SOPHIA,124,4,35,39
NC0285447,BROOK COVE STEMMERY-RJREYNOLDS,Non-Transient non-community system,Ground water,Stokes,WALNUT COVE,40,14,2,34
NC0241410,BROWN SUMMIT SCHOOL,Non-Transient non-community system,Ground water,Guilford,BROWN SUMMIT,266,4,10,41
NC0149584,BUILDERS FIRST SOURCE,Non-Transient non-community system,Ground water,Iredell,TROUTMAN,30,3,33,43
NC3097028,CAMERON RIDGE TREATMENT CENTER,Non-Transient non-community system,Ground water,Wilkes,STATE ROAD,92,4,2,7
NC0368465,CAROLINA FRIENDS SCHOOL,Non-Transient non-community system,Ground water,Orange,DURHAM,566,11,44,22
NC0150180,CASHIERS WATER WORKS,Non-Transient non-community system,Ground water,Jackson,CASHIERS,406,4,14,26
NC3017043,CASWELL CO-HWY 29,Non-Transient non-community system,Surface water purchased,Caswell,,25,4,5,46
NC3017042,CASWELL CO-HWY 86,Non-Transient non-community system,Surface water purchased,Caswell,,380,3,7,34
NC1044036,CATALOOCHEE RANCH,Non-Transient non-community system,Ground water,Haywood,MAGGIE VALLEY,100,6,3,4
NC0286552,CEDAR RIDGE ELEM SCHOOL,Non-Transient non-community system,Ground water,Surry,LOW GAP,410,4,8,30
NC4073019,CERTAINTEED POTABLE WATER WELL HOUSE,Non-Transient non-community system,Ground water,Person,ROXBORO,85,6,12,12
NC0150516,CHESTNUT SQUARE,Non-Transient non-community system,Ground water,Jackson,CASHIERS,50,5,137,22
NC0241647,CHILDRENS CHOICE CHILDCARE,Non-Transient non-community system,Ground water,Guilford,SUMMERFIELD,60,5,56,41
NC0111498,CHRIST UNITED METHODIST CHURCH,Non-Transient non-community system,Ground water,Buncombe,WEAVERVILLE,143,5,137,32
NC2018013,CHRISTIAN TOURS,Non-Transient non-community system,Ground water,Catawba,,75,3,4,20
NC0234566,CLEMMONS LEARNING CENTER,Non-Transient non-community system,Ground water,Forsyth,WINSTON-SALEM,75,4,222,34
NC0136917,CLINE`S LEARNING CENTER,Non-Transient non-community system,Ground water,Gaston,DALLAS,70,4,57,50
NC0201404,CLOVER GARDEN CHARTER SCHOOL,Non-Transient non-community system,Ground water,Alamance,BURLINGTON,680,9,20,45
NC3001028,CLOVER GARDEN HIGH SCHOOL,Non-Transient non-community system,Ground water,Alamance,BURLINGTON,300,4,0,5
NC0156101,COATS AMERICAN,Non-Transient non-community system,Ground water,McDowell,MARION,290,4,9,35
NC2049029,CODDLE CREEK ELEMENTARY SCHOOL,Non-Transient non-community system,Ground water,Iredell,,700,4,7,25
NC0156532,COLUMBIA CAROLINA DIVISION,Non-Transient non-community system,Ground water,McDowell,OLD FORT,300,4,74,18
NC0286418,COPELAND ELEMENTARY SCHOOL,Non-Transient non-community system,Ground water,Surry,DOBSON,329,4,11,44
NC0180724,CORNERSTONE CHILD DEV CENTER EAST,Non-Transient non-community system,Ground water,Rowan,SALISBURY,79,4,59,34
NC2080005,CORNERSTONE CHURCH,Non-Transient non-community system,Ground water,Rowan,SALISBURY,80,3,392,39
NC0465532,CORNING INC,Non-Transient non-community system,Ground water,New Hanover,WILMINGTON,"1,060",12,0,43
NC1011077,COSTA FARMS,Non-Transient non-community system,Ground water,Buncombe,LEICESTER,200,4,18,5
NC0195530,COVE CREEK ELEMENTARY SCHOOL,Non-Transient non-community system,Ground water,Watauga,BOONE,273,4,45,40
NC0195424,COVE CREEK PRESERVATION & DEV,Non-Transient non-community system,Ground water,Watauga,SUGAR GROVE,65,6,43,43
NC0201564,CREATIVE CHILD CARE,Non-Transient non-community system,Ground water,Alamance,GRAHAM,75,5,66,38
NC0145526,CUSTOM PAK,Non-Transient non-community system,Ground water,Henderson,HENDERSONVILLE,150,6,3,28
NC0136944,DANIEL STOWE BOTANICAL GARDEN,Non-Transient non-community system,Ground water,Gaston,BELMONT,250,4,24,33
NC4032022,DISCOVERY CHARTER SCHOOL,Non-Transient non-community system,Ground water,Durham,DURHAM,285,4,1,2
NC0494422,DOMTAR  RESOURCE BLDG,Non-Transient non-community system,Ground water,Washington,PLYMOUTH,25,3,1,31
NC0459416,DOMTAR PAPER COMPANY - PULP & PAPER,Non-Transient non-community system,Ground water,Martin,PLYMOUTH,450,4,23,31
NC0459445,DOMTAR PAPER COMPANY - REC/PICNIC HUT,Non-Transient non-community system,Ground water,Martin,PLYMOUTH,100,3,2,23
NC0459442,DOMTAR PAPER COMPANY - WOOD YARD,Non-Transient non-community system,Ground water,Martin,PLYMOUTH,25,6,13,35
NC4392422,DORAL ACADEMY OF NC,Non-Transient non-community system,Ground water,Wake,RALEIGH,400,4,17,22
NC0241608,DOT-CAMP BURTON MAINT YARD,Non-Transient non-community system,Ground water,Guilford,GREENSBORO,100,4,69,38
NC0120448,DOT-CHEROKEE CO EQUIP SHOP,Non-Transient non-community system,Ground water,Cherokee,MARBLE,45,6,15,35
NC0428414,DOT-NC STATE SHIPYARD,Non-Transient non-community system,Ground water,Dare,MANNS HARBOR,60,6,107,38
NC0239462,DOT-OXFORD MAINT YARD,Non-Transient non-community system,Ground water,Granville,OXFORD,60,7,136,22
NC0105500,DOT-SMETHPORT MAINT YARD,Non-Transient non-community system,Ground water,Ashe,WEST JEFFERSON,31,4,33,33
NC0136848,EAGLES NEST CDC,Non-Transient non-community system,Ground water,Gaston,GASTONIA,85,4,1,29
NC0187598,EAST SWAIN ELEM SCHOOL,Non-Transient non-community system,Ground water,Swain,BRYSON CITY,440,5,82,23
NC0368133,EBENEZER NORTH  BAPTIST CHURCH,Non-Transient non-community system,Ground water,Orange,HILLSBOROUGH,155,4,21,26
NC0235515,EDWARD BEST MIDDLE SCHOOL,Non-Transient non-community system,Ground water,Franklin,LOUISBURG,600,4,21,21
NC0201629,EDWARDS WOOD PRODUCTS,Non-Transient non-community system,Ground water,Alamance,LIBERTY,50,4,18,18
NC0368470,EMERSON WALDORF SCH-GRADE SCH,Non-Transient non-community system,Ground water,Orange,CHAPEL HILL,335,6,99,23
NC0319486,EMMAUS BAPTIST CHURCH,Non-Transient non-community system,Ground water,Chatham,PITTSBORO,190,8,100,22
NC4068031,ERWIN ROAD MONTESSORI SCHOOL,Non-Transient non-community system,Ground water,Orange,CHAPEL HILL,41,4,3,2
NC0299472,FALL CREEK ELEM SCHOOL,Non-Transient non-community system,Ground water,Yadkin,EAST BEND,317,8,4,62
NC0392978,FALLS ACADEMY,Non-Transient non-community system,Ground water,Wake,KNIGHTDALE,115,2,196,26
NC0276631,FARMER ELEMENTARY SCHOOL,Non-Transient non-community system,Ground water,Randolph,ASHEBORO,351,7,103,28
NC0424673,FARMERS UNION COMM DEVELOPMENT,Non-Transient non-community system,Ground water,Columbus,CLARKTON,83,4,13,35
NC0299473,FORBUSH ELEM SCHOOL,Non-Transient non-community system,Ground water,Yadkin,EAST BEND,291,8,1,62
NC0299412,FORBUSH HIGH SCHOOL,Non-Transient non-community system,Ground water,Yadkin,EAST BEND,"1,447",13,47,52
NC5047009,FORT BRAGG ATF,Non-Transient non-community system,Ground water,Hoke,ABERDEEN,"1,200",4,0,11
NC0428415,FORT RALEIGH--CAPE HATTERAS NS,Non-Transient non-community system,Ground water,Dare,MANTEO,40,8,14,39
NC4064030,FREEDOM INDUSTRIES,Non-Transient non-community system,Ground water,Nash,ROCKY MOUNT,50,5,18,19
NC0158450,FRENCH BROAD ELECTRIC CORP,Non-Transient non-community system,Ground water,Madison,MARSHALL,67,3,8,22
NC0113489,FUN-N-LEARNING 2,Non-Transient non-community system,Ground water,Cabarrus,CONCORD,64,4,84,43
NC0188560,GAIA HERBS,Non-Transient non-community system,Ground water,Transylvania,BREVARD,98,4,3,15
NC3041100,GEORGE C SIMKINS JR ELEM SCHOOL,Non-Transient non-community system,Ground water,Guilford,,673,4,6,25
NC0285415,GERMANTON ELEM SCHOOL,Non-Transient non-community system,Ground water,Stokes,GERMANTON,165,4,5,57
NC0103437,GLADE CREEK ELEM SCHOOL,Non-Transient non-community system,Ground water,Alleghany,SPARTA,350,7,126,40
NC0201608,GLEN RAVEN INC,Non-Transient non-community system,Ground water,Alamance,ALTAMAHAW,35,5,6,52
NC0424820,GLOBAL CELLULOSE FIBER-RIEGELWOOD,Non-Transient non-community system,Surface water,Columbus,RIEGLEWOOD,750,6,69,123
NC0425518,GLOBAL CELLULOSE FIBERS - NEW BERN MILL,Non-Transient non-community system,Ground water,Craven,VANCEBORO,375,4,4,32
NC0425625,GLOBAL CELLULOSE FIBERS ADMINISTATIVE SY,Non-Transient non-community system,Ground water,Craven,VANCEBORO,30,4,3,35
NC4032021,GLOBAL MONTESSORI ACADEMY,Non-Transient non-community system,Ground water,Durham,DURHAM,35,4,34,10
NC0286538,GRACE ACADEMY OF MT AIRY,Non-Transient non-community system,Ground water,Surry,MT AIRY,117,5,94,47
NC0180692,GRACE BIBLE CHURCH,Non-Transient non-community system,Ground water,Rowan,ROCKWELL,200,5,78,50
NC0416489,GRAMERCY CHRISTIAN SCHOOL,Non-Transient non-community system,Ground water,Carteret,NEWPORT,430,7,8,45
NC0326627,GRAYS CREEK ELEM SCHOOL,Non-Transient non-community system,Ground water,Cumberland,FAYETTEVILLE,377,4,9,44
NC3041119,GREATER VISION ACADEMY,Non-Transient non-community system,Ground water,Guilford,GIBSONVILLE,125,4,23,13
NC0195419,GREEN VALLEY ELEM SCHOOL,Non-Transient non-community system,Ground water,Watauga,BOONE,251,5,8,46
NC3041088,GUNTER`S CROSSING,Non-Transient non-community system,Ground water,Guilford,,40,4,11,31
NC0150507,HAMPTON PRESCHOOL AND EARLY LEARNING CEN,Non-Transient non-community system,Ground water,Jackson,CASHIERS,125,4,25,23
NC0392992,HARRIS NUCLEAR PLANT WATER SYSTEM,Non-Transient non-community system,Surface water,Wake,NEW HILL,"1,001",7,12,44
NC0472417,HARVEY POINT DEFENSE ACTIVITY,Non-Transient non-community system,Ground water,Perquimans,HERTFORD,355,10,19,26
NC0241688,HILCO TRANSPORT INC,Non-Transient non-community system,Ground water,Guilford,GREENSBORO,75,5,219,21
NC4068009,HILLSBOROUGH UCC,Non-Transient non-community system,Ground water,Orange,HILLSBOROUGH,84,4,15,19
NC3041073,HILLSDALE VILLAGE,Non-Transient non-community system,Ground water,Guilford,SUMMERFIELD,33,4,29,38
NC0120403,HIWASSEE DAM SCHOOL,Non-Transient non-community system,Ground water,Cherokee,MURPHY,300,5,80,42
NC0118716,HONEY`S SUPERMARKET,Non-Transient non-community system,Ground water,Catawba,VALE,42,3,122,44
NC0431485,HOUSE OF RAEFORD,Non-Transient non-community system,Ground water,Duplin,ROSE HILL,600,8,33,38
NC0431477,HOUSE OF RAEFORD--WALLACE,Non-Transient non-community system,Ground water,Duplin,TEACHEY,625,19,29,46
NC0144131,HURRICANE RIDGE,Non-Transient non-community system,Ground water,Haywood,WAYNESVILLE,85,6,25,39
NC0291514,"IMAGINATION STATION ACADEMY, LLC",Non-Transient non-community system,Ground water,Vance,HENDERSON,35,3,930,32
NC3041016,INDUSTRIAL WOOD PRODUCTS/EAST,Non-Transient non-community system,Ground water,Guilford,CLIMAX,108,3,11,17
NC0157420,IOTLA ELEM SCHOOL,Non-Transient non-community system,Ground water,Macon,FRANKLIN,400,5,65,27
NC0120410,J C CAMPBELL FOLK SCHOOL,Non-Transient non-community system,Ground water,Cherokee,BRASSTOWN,97,6,26,22
NC0136557,JOHN E JENKINS INC,Non-Transient non-community system,Ground water,Gaston,BESSEMER CITY,80,8,66,30
NC4392409,KIDDIE UNIVERSITY,Non-Transient non-community system,Ground water,Wake,RALEIGH,54,4,86,20
NC2023002,KINGS MOUNTAIN MEMORY CARE CENTER,Non-Transient non-community system,Ground water,Cleveland,KINGS MOUNTAIN,30,3,6,65
NC0180654,KNOLLWOOD ELEM SCHOOL,Non-Transient non-community system,Ground water,Rowan,SALISBURY,750,8,36,79
NC0427409,KNOTT`S ISLAND ELEM SCHOOL,Non-Transient non-community system,Ground water,Currituck,KNOTT'S ISLAND,125,4,18,31
NC0118613,LAKE NORMAN MARINA INC,Non-Transient non-community system,Ground water,Catawba,DENVER,39,4,12,31
NC4093001,LAKESIDEMARKETPLACE FOOD LION SHOP CTR,Non-Transient non-community system,Ground water,Warren,LITTLETON,45,4,50,31
NC0156113,LAMPLIGHTER MHP,Non-Transient non-community system,Ground water,McDowell,MARION,32,4,238,45
NC0235516,LAUREL MILL SCHOOL,Non-Transient non-community system,Ground water,Franklin,LOUISBURG,340,5,35,24
NC0150515,LAUREL TERRACE,Non-Transient non-community system,Ground water,Jackson,CASHIERS,40,4,112,19
NC0383107,LAURINBURG-MAXTON AIRPORT,Non-Transient non-community system,Ground water,Scotland,MAXTON,"1,049",15,74,61
NC0431476,LEAR CORPORATION,Non-Transient non-community system,Ground water,Duplin,KENANSVILLE,510,4,13,51
NC0111401,LEICESTER ELEM SCHOOL,Non-Transient non-community system,Ground water,Buncombe,ASHEVILLE,679,4,16,26
NC0276611,LEVEL CROSS CHRISTIAN SCHOOL,Non-Transient non-community system,Ground water,Randolph,RANDLEMAN,94,4,145,31
NC2049041,LIBERTY PREPARATORY CHRISTIAN ACADEMY,Non-Transient non-community system,Ground water,Iredell,MOORESVILLE,510,4,2,16
NC0235521,LITTLE SPROUT ACADEMY,Non-Transient non-community system,Ground water,Franklin,LOUISBURG,43,3,242,29
NC0195521,MABEL ELEM SCHOOL,Non-Transient non-community system,Ground water,Watauga,BOONE,137,4,7,42
NC0241611,MADISON ELEM SCHOOL,Non-Transient non-community system,Ground water,Guilford,MCLEANSVILLE,215,6,15,38
NC0158447,MADISON MIDDLE SCHOOL,Non-Transient non-community system,Ground water,Madison,MARSHALL,"1,231",7,17,34
NC0332432,MANGUM ELEMENTARY SCHOOL,Non-Transient non-community system,Ground water,Durham,BAHAMA,365,4,29,27
NC0120456,MARTINS CREEK ELEM SCHOOL,Non-Transient non-community system,Ground water,Cherokee,MURPHY,165,4,25,38
NC0195534,MAST GENERAL STORE-WAREHOUSE,Non-Transient non-community system,Ground water,Watauga,VALLE CRUCIS,70,3,6,22
NC0416447,MCAS ATLANTIC FIELD,Non-Transient non-community system,Ground water,Carteret,ATLANTIC,32,5,7,26
NC0416449,MCAS BT11-PINEY ISLAND,Non-Transient non-community system,Ground water,Carteret,CEDAR ISLAND,25,4,9,23
NC3076011,MCDOWELL LUMBER COMPANY,Non-Transient non-community system,Ground water,Randolph,ASHEBORO,68,3,11,15
NC0180760,MCKENZIE SPORTS PRODUCTS,Non-Transient non-community system,Ground water,Rowan,SALISBURY,198,8,87,51
NC3041064,METALS USA,Non-Transient non-community system,Ground water,Guilford,GREENSBORO,43,4,47,27
NC3076004,METALS USA,Non-Transient non-community system,Ground water,Randolph,RANDLEMAN,45,4,66,26
NC2080031,MILLBRIDGE ELEM SCHOOL,Non-Transient non-community system,Ground water,Rowan,LANDIS,762,4,82,71
NC0382536,MINTZ CHRISTIAN ACADEMY,Non-Transient non-community system,Ground water,Sampson,ROSEBORO,330,6,26,30
NC0188500,MITCHELL-BISSELL CORP,Non-Transient non-community system,Ground water,Transylvania,ROSMAN,96,3,102,26
NC0392769,MONKS COMMERCIAL PARK,Non-Transient non-community system,Ground water,Wake,RALEIGH,50,5,4,8
NC5063021,MOORE CO PUBLIC UTILITIES - HIGHFALLS,Non-Transient non-community system,Surface water purchased,Moore,HIGHFALLS,356,2,1,12
NC0180655,MORGAN ELEMENTARY SCHOOL,Non-Transient non-community system,Ground water,Rowan,GOLD HILL,539,8,68,72
NC0188538,MOUNT PISGAH,Non-Transient non-community system,Ground water,Transylvania,BALSAM,150,6,12,28
NC3095006,MOUNT VERNON BAPTIST CHURCH,Non-Transient non-community system,Ground water,Watauga,BOONE,201,6,24,15
NC0286473,MOUNTAIN PARK ELEM SCHOOL,Non-Transient non-community system,Ground water,Surry,STATE ROAD,224,6,8,41
NC3095014,MOUNTAIN PATHWAYS SCHOOL ANNEX,Non-Transient non-community system,Ground water,Watauga,BOONE,77,5,8,49
NC0150497,MOUNTAIN SHOPS,Non-Transient non-community system,Ground water,Jackson,CASHIERS,36,5,26,31
NC0276634,MT CALVARY CHRISTIAN SCHOOL,Non-Transient non-community system,Ground water,Randolph,HIGH POINT,98,5,19,23
NC0180656,MT ULLA ELEM SCHOOL,Non-Transient non-community system,Ground water,Rowan,MT ULLA,370,5,8,59
NC0286502,MVP GROUP INTERNATIONAL,Non-Transient non-community system,Ground water,Surry,ELKIN,60,8,24,45
NC0285420,NANCY REYNOLDS ELEM SCHOOL,Non-Transient non-community system,Ground water,Stokes,GERMANTON,150,5,8,54
NC0157427,NANTAHALA SCHOOL,Non-Transient non-community system,Ground water,Macon,AQUONE,112,4,66,25
NC0241538,NATHANIEL GREENE ELEM SCHOOL,Non-Transient non-community system,Ground water,Guilford,GREENSBORO,275,4,7,38
NC0235488,NELSON HEADSTART DAYCARE,Non-Transient non-community system,Ground water,Franklin,LOUISBURG,58,3,50,18
NC1056012,NEW NORTH COVE ELEM SCHOOL,Non-Transient non-community system,Ground water,McDowell,MARION,450,4,7,43
NC0201625,NEW SOUTH INC--POND WELL,Non-Transient non-community system,Ground water,Alamance,GRAHAM,101,3,4,21
NC0285421,NORTH STOKES HIGH SCHOOL,Non-Transient non-community system,Ground water,Stokes,DANBURY,150,6,17,52
NC0241537,NORTHEAST CONSOLIDATED SCHOOL,Non-Transient non-community system,Ground water,Guilford,GREENSBORO,"2,150",10,53,34
NC0276659,NORTHEASTERN RANDOLPH MID SCH,Non-Transient non-community system,Ground water,Randolph,LIBERTY,629,7,96,19
NC0273433,NORTHEND SCHOOL,Non-Transient non-community system,Ground water,Person,ROXBORO,303,5,15,30
NC3041074,NORTHERN ELEM SCHOOL,Non-Transient non-community system,Ground water,Guilford,,702,4,27,24
NC3041078,NORTHERN MIDDLE-HIGH SCHOOL,Non-Transient non-community system,Ground water,Guilford,,"1,900",4,0,31
NC1081029,"NORTHGATE GOLDEN VALLEY, LLC",Non-Transient non-community system,Ground water,Rutherford,BOSTIC,850,6,19,7
NC0241651,NORTHWEST BAPTIST DAYCARE,Non-Transient non-community system,Ground water,Guilford,GREENSBORO,32,3,26,29
NC0273407,OAK LANE ELEM SCHOOL,Non-Transient non-community system,Ground water,Person,ROXBORO,278,7,11,28
NC3079008,OAK LEVEL BAPTIST ACADEMY-ROCKINGHAM CO,Non-Transient non-community system,Ground water,Rockingham,STOKESDALE,80,4,66,37
NC0464493,OAK LEVEL MAINTENANCE OFFICE,Non-Transient non-community system,Ground water,Nash,NASHVILLE,36,4,57,30
NC3041019,OAK RIDGE COMMONS,Non-Transient non-community system,Ground water,Guilford,OAK RIDGE,300,9,36,93
NC0241535,OAK RIDGE ELEM SCHOOL,Non-Transient non-community system,Ground water,Guilford,OAK RIDGE,874,6,67,69
NC0241695,OAK RIDGE FALLS REALTY,Non-Transient non-community system,Ground water,Guilford,OAK RIDGE,30,4,229,52
NC0241588,OAK RIDGE METHODIST CHURCH,Non-Transient non-community system,Ground water,Guilford,OAK RIDGE,159,6,222,52
NC0180481,OLD CAROLINA BRICK,Non-Transient non-community system,Ground water,Rowan,SALISBURY,50,3,8,26
NC3041003,OLD DOMINION FREIGHT LINE,Non-Transient non-community system,Ground water,Guilford,GREENSBORO,200,4,104,23
NC0363617,OLD NORTH UTILITY SERVICES CAMP MACKALL,Non-Transient non-community system,Surface water purchased,Moore,PINEBLUFF,375,3,7,24
NC2090016,OMNI MONTESORRI SCHOOL,Non-Transient non-community system,Ground water,Union,WAXHAW,50,5,79,54
NC0195418,PARKWAY ELEM SCHOOL,Non-Transient non-community system,Ground water,Watauga,BOONE,629,5,9,58
NC0175490,PAVILLON INTERNATIONAL,Non-Transient non-community system,Ground water,Polk,MILL SPRING,99,6,11,23
NC0407558,PCS PHOSPHATE-CENTRAL MAINT,Non-Transient non-community system,Ground water,Beaufort,AURORA,408,4,0,29
NC0407545,PCS PHOSPHATE-MILL OFFICE,Non-Transient non-community system,Ground water,Beaufort,AURORA,130,4,0,27
NC0407557,PCS PHOSPHATE-MINE OFFICE,Non-Transient non-community system,Ground water,Beaufort,AURORA,101,4,9,24
NC0407560,PCS PHOSPHATE-PURCH/TECH SERV,Non-Transient non-community system,Ground water,Beaufort,AURORA,136,4,0,27
NC0407559,PCS PHOSPHATE-SPA/FERT,Non-Transient non-community system,Ground water,Beaufort,AURORA,192,8,12,28
NC0408417,PERDUE FOODS LLC,Non-Transient non-community system,Ground water,Bertie,LEWISTON,"2,000",14,2,28
NC0180651,PIEDMONT BAPT CH-FAMILY LIFE CENTER,Non-Transient non-community system,Ground water,Rowan,CHINA GROVE,30,5,10,50
NC0276504,PILGRIMS PRIDE CORP,Non-Transient non-community system,Ground water,Randolph,STALEY,36,8,88,20
NC0353130,PILGRIM`S PRIDE WATER SYSTEM,Non-Transient non-community system,Surface water,Lee,SANFORD,"1,040",8,62,68
NC0235495,PILOT BAPTIST DAYCARE,Non-Transient non-community system,Ground water,Franklin,PILOT,78,4,32,23
NC0103438,PINEY CREEK ELEM SCHOOL,Non-Transient non-community system,Ground water,Alleghany,SPARTA,200,4,15,33
NC0285556,PINEY GROVE MIDDLE SCHOOL,Non-Transient non-community system,Ground water,Stokes,LAWSONVILLE,130,7,12,47
NC0103481,PIONEER ECLIPSE CORPORATION,Non-Transient non-community system,Ground water,Alleghany,SPARTA,100,7,25,43
NC0241533,PLEASANT GARDEN SCHOOL,Non-Transient non-community system,Ground water,Guilford,PLEASANT GARDEN,445,4,7,41
NC3041070,PLEASANT GARDEN WEESHINE PRESCHOOL,Non-Transient non-community system,Ground water,Guilford,PLEASANT GARDEN,60,4,25,30
NC0201486,PLEASANT GROVE ELEMENTARY SCHOOL,Non-Transient non-community system,Ground water,Alamance,BURLINGTON,324,5,3,50
NC7016003,PORT OF MOREHEAD CITY,Non-Transient non-community system,Ground water purchased,Carteret,MOREHEAD CITY,174,3,12,29
NC7065007,PORT OF WILMINGTON,Non-Transient non-community system,Surface water purchased,New Hanover,WILMINGTON,280,5,14,34
NC3017047,PROSPECT HILL COMM HEALTH #2,Non-Transient non-community system,Ground water,Caswell,,40,5,29,29
NC0136553,RAMSEY PRODUCTS INC,Non-Transient non-community system,Ground water,Gaston,BELMONT,80,5,92,56
NC0120402,RANGER ELEM SCHOOL,Non-Transient non-community system,Ground water,Cherokee,MURPHY,350,4,18,40
NC3041122,REVOLUTION ACADEMY,Non-Transient non-community system,Ground water,Guilford,SUMMERFIELD,780,4,6,9
NC3095003,RHA HEALTH SERVICES,Non-Transient non-community system,Ground water,Watauga,DEEP GAP,70,4,12,44
NC0106478,RIVERSIDE ELEM SCHOOL,Non-Transient non-community system,Ground water,Avery,NEWLAND,150,4,21,22
NC0197401,RONDA-CLINGMAN ELEM SCHOOL,Non-Transient non-community system,Ground water,Wilkes,RONDA,300,4,61,34
NC0273409,ROXBORO STEAM PLANT,Non-Transient non-community system,Surface water,Person,SEMORA,450,8,2,40
NC0498401,S T  WOOTEN CORPORATION,Non-Transient non-community system,Ground water,Wilson,WILSON,65,3,8,18
NC3095018,SAMARITANS PURSE CONFERENCE CENTER,Non-Transient non-community system,Ground water,Watauga,,220,6,8,26
NC5078005,SANDERSON FARMS,Non-Transient non-community system,Ground water,Robeson,ST PAULS,"1,300",10,1,13
NC0285430,SANDY RIDGE ELEM SCHOOL,Non-Transient non-community system,Ground water,Stokes,SANDY RIDGE,215,4,17,48
NC0276550,SAPONA YARNS LLC,Non-Transient non-community system,Ground water,Randolph,CEDAR FALLS,175,7,17,23
NC0149506,SHEPHERD SCHOOL,Non-Transient non-community system,Ground water,Iredell,MOORESVILLE,574,6,16,47
NC0113449,SHILOH UMC DAYCARE,Non-Transient non-community system,Ground water,Cabarrus,CONCORD,60,3,10,38
NC0286545,SHOALS ELEM SCHOOL,Non-Transient non-community system,Ground water,Surry,PINNACLE,296,4,9,32
NC0106512,SHOPS OF TYNECASTLE,Non-Transient non-community system,Ground water,Avery,BANNER ELK,45,5,6,35
NC0161428,SIBELCO NORTH AMERICA-RED HILL PLANT,Non-Transient non-community system,Ground water,Mitchell,BAKERSVILLE,97,5,12,18
NC0106494,SIBELCO NORTH AMERICA-SCHOOL HOUSE PLANT,Non-Transient non-community system,Ground water,Avery,SPRUCE PINE,75,5,65,27
NC3041079,SIXTY-EIGHT PLACE AT OAK RIDGE,Non-Transient non-community system,Ground water,Guilford,,75,4,54,73
NC3079037,SMITH CAROLINA CORPORATION,Non-Transient non-community system,Ground water,Rockingham,REIDSVILLE,39,4,11,13
NC0382400,SMITHFIELD FRESH MEATS CORP - CLINTON,Non-Transient non-community system,Ground water,Sampson,CLINTON,"1,500",8,3,41
NC0309527,SMITHFIELD FRESH MEATS CORP - TAR HEEL,Non-Transient non-community system,Surface water purchased,Bladen,TAR HEEL,"4,589",26,7,55
NC0416406,SMYRNA ELEM SCHOOL,Non-Transient non-community system,Ground water,Carteret,SMYRNA,375,4,20,39
NC0201563,SONYAS KIDZ DEPOT,Non-Transient non-community system,Ground water,Alamance,GRAHAM,48,5,24,54
NC0201634,SOUTH ATLANTIC GALVANIZING,Non-Transient non-community system,Ground water,Alamance,GRAHAM,45,3,5,14
NC0217414,SOUTH ELEMENTARY SCHOOL,Non-Transient non-community system,Ground water,Caswell,MEBANE,354,5,27,37
NC0285429,SOUTH STOKES HIGH SCHOOL,Non-Transient non-community system,Ground water,Stokes,GERMANTON,200,6,10,46
NC0100488,SOUTH TOE ELEM SCHOOL,Non-Transient non-community system,Ground water,Yancey,BURNSVILLE,119,4,86,33
NC0241529,SOUTHERN HIGH SCHOOL,Non-Transient non-community system,Ground water,Guilford,GREENSBORO,"1,000",6,10,47
NC0201513,SOUTHERN MIDDLE & HIGH SCHOOLS,Non-Transient non-community system,Ground water,Alamance,ELON COLLEGE,"2,337",8,10,39
NC3041076,SOUTHERN MIDDLE SCHOOL,Non-Transient non-community system,Ground water,Guilford,,875,4,9,33
NC0241615,SOUTHERN PRIMARY SCHOOL,Non-Transient non-community system,Ground water,Guilford,GREENSBORO,267,5,30,46
NC0149484,SOUTHVIEW CHRISTIAN SCHOOL,Non-Transient non-community system,Ground water,Iredell,STATESVILLE,150,3,90,52
NC0187548,SOUTHWESTERN COMMUNITY COLLEGE,Non-Transient non-community system,Ground water,Swain,BRYSON CITY,50,5,63,28
NC2049028,STATESVILLE BRICK COMPANY,Non-Transient non-community system,Ground water,Iredell,,70,7,7,28
NC0201560,STEP BY STEP CHILD CARE,Non-Transient non-community system,Ground water,Alamance,BURLINGTON,60,4,127,54
NC0285414,STOKES COUNTY ACADEMY,Non-Transient non-community system,Ground water,Stokes,LAWSONVILLE,128,5,4,47
NC3085007,STOKES COUNTY-MEADOWS WATER SYSTEM,Non-Transient non-community system,Ground water,Stokes,,288,5,22,35
NC0217408,STONEY CREEK ELEM SCHOOL,Non-Transient non-community system,Ground water,Caswell,REIDSVILLE,212,6,10,79
NC3041099,SUMMERFIELD CHARTER ACADEMY,Non-Transient non-community system,Ground water,Guilford,SUMMERFIELD,838,4,36,17
NC0241527,SUMMERFIELD ELEM SCHOOL,Non-Transient non-community system,Ground water,Guilford,SUMMERFIELD,636,7,12,56
NC0241687,SUMMERFIELD RENAISSANCE CENTER,Non-Transient non-community system,Ground water,Guilford,SUMMERFIELD,25,7,8,40
NC3041065,SUMMERFIELD VILLAGE SHOPPING C,Non-Transient non-community system,Ground water,Guilford,SUMMERFIELD,25,4,124,34
NC0100513,SUMMIT BUILDING SUPPLY,Non-Transient non-community system,Ground water,Yancey,BURNSVILLE,28,3,183,18
NC1050063,SUMMIT CHARTER SCHOOL,Non-Transient non-community system,Ground water,Jackson,,368,4,30,27
NC0201525,SYLVAN ELEMENTARY SCHOOL,Non-Transient non-community system,Ground water,Alamance,SNOW CAMP,334,8,4,42
NC0188524,T C HENDERSON ELEM SCHOOL,Non-Transient non-community system,Ground water,Transylvania,QUEBEC,153,4,30,25
NC0144588,THE SWAG,Non-Transient non-community system,Ground water,Haywood,WAYNESVILLE,66,10,37,31
NC2080029,TIMBERRIDGE CAMP,Non-Transient non-community system,Ground water,Rowan,GOLD HILL,50,4,9,49
NC1022010,TINY TOES LEARNING CENTER HAYESVILLE,Non-Transient non-community system,Ground water,Clay,HAYESVILLE,40,3,6,7
NC4392426,TODD ROAD SCHOOL,Non-Transient non-community system,Ground water,Wake,KNIGHTDALE,101,5,66,17
NC0197429,TRAPHILL ELEM SCHOOL,Non-Transient non-community system,Ground water,Wilkes,TRAPHILL,75,4,5,32
NC0111503,TRAVEL CENTERS OF AMERICA,Non-Transient non-community system,Ground water,Buncombe,CANDLER,63,5,29,22
NC0241609,TRI CITY JUNIOR ACADEMY,Non-Transient non-community system,Ground water,Guilford,HIGH POINT,210,6,73,36
NC0149546,TRIPLETT UMC DAYCARE,Non-Transient non-community system,Ground water,Iredell,MOORESVILLE,295,3,66,31
NC0136550,TRYON ELEMENTARY SCHOOL,Non-Transient non-community system,Ground water,Gaston,CHERRYVILLE,464,11,35,96
NC2036015,UCS SPIRIT,Non-Transient non-community system,Ground water,Gaston,LINCOLNTON,45,4,25,88
NC0201520,UFP MID ATLANTIC LLC,Non-Transient non-community system,Ground water,Alamance,BURLINGTON,210,4,22,22
NC0105441,UNITED CHEMI-CON,Non-Transient non-community system,Ground water,Ashe,LANSING,130,4,70,29
NC2080006,UNIVERSAL FOREST PRODUCTS,Non-Transient non-community system,Ground water,Rowan,SALISBURY,160,4,8,26
NC3095041,VALLE CRUCIS ELEMENTARY SCHOOL,Non-Transient non-community system,Ground water,Watauga,BANNER ELK,400,4,1,5
NC0241413,VANDALIA CHRISTIAN SCHOOL,Non-Transient non-community system,Ground water,Guilford,GREENSBORO,350,7,67,39
NC0150544,VICTORY CHRISTIAN SCHOOL,Non-Transient non-community system,Ground water,Jackson,SYLVA,120,4,127,24
NC0241473,W & W-AFCO STEEL_0241473,Non-Transient non-community system,Ground water,Guilford,COLFAX,144,3,14,27
NC0464433,W & W-AFCO STEEL_0464433,Non-Transient non-community system,Ground water,Nash,NASHVILLE,45,3,17,18
NC5009003,WACCAMAW SIOUAN DAYCARE,Non-Transient non-community system,Ground water,Bladen,BOLTON,42,6,255,47
NC0428462,WANCHESE MARINE INDUSTRIAL PARK,Non-Transient non-community system,Ground water,Dare,WANCHESE,280,4,24,30
NC0276637,WAYNE TRADEMARK,Non-Transient non-community system,Ground water,Randolph,ASHEBORO,79,4,18,31
NC0156436,WEST MARION ELEM SCHOOL,Non-Transient non-community system,Ground water,McDowell,MARION,449,6,55,28
NC0471444,WEST PENDER MIDDLE SCHOOL,Non-Transient non-community system,Ground water,Pender,BURGAW,242,5,9,51
NC0187599,WEST SWAIN ELEM SCHOOL,Non-Transient non-community system,Ground water,Swain,BRYSON CITY,450,5,68,26
NC0286546,WESTFIELD ELEM SCHOOL,Non-Transient non-community system,Ground water,Surry,WESTFIELD,245,4,7,31
NC0459441,WEYERHAEUSER-SOUTHERN LUMBER,Non-Transient non-community system,Ground water,Martin,PLYMOUTH,185,7,6,36
NC0239495,WHITE RABBIT CHILD CARE & PS,Non-Transient non-community system,Ground water,Granville,CREEDMOOR,52,9,407,30
NC0467555,WHITE STREET INDUSTRIAL PARK,Non-Transient non-community system,Ground water purchased,Onslow,JACKSONVILLE,600,2,13,30
NC0150128,WHITESIDE ESTATES,Non-Transient non-community system,Ground water,Jackson,CASHIERS,51,4,17,21
NC0285473,WIELAND COPPER PRODUCTS LLC,Non-Transient non-community system,Ground water,Stokes,PINE HALL,226,11,12,49
NC1011038,WILD CURIOSITY COMMUNITY SCHOOL,Non-Transient non-community system,Ground water,Buncombe,LEICESTER,50,5,1,8
NC7065070,WILMINGTON CLINIC WATER SYSTEM,Non-Transient non-community system,Surface water purchased,New Hanover,WILMINGTON,250,3,5,10
NC0273431,WOODLAND ELEM SCHOOL,Non-Transient non-community system,Ground water,Person,ROXBORO,237,6,24,35
NC1058027,WOODSON BRANCH NATURE SCHOOL,Non-Transient non-community system,Ground water,Madison,MARSHALL,125,3,6,10
NC1088002,YOUNG LIFE CAROLINA POINT,Non-Transient non-community system,Ground water,Transylvania,BREVARD AREA,25,6,2,18
NC0111446,YOUNG LIFE WINDY GAP,Non-Transient non-community system,Ground water,Buncombe,WEAVERVILLE,450,9,30,37
NC0150419,"""2MAC, LLC BUILDING""",Transient non-community system,Ground water,Jackson,CASHIERS,75,3,13,16
NC0149571,136 MARE SPORTS,Transient non-community system,Ground water,Iredell,MOORESVILLE,25,4,12,34
NC0326955,210 MINI MART,Transient non-community system,Ground water,Cumberland,FAYETTEVILLE,50,4,22,29
NC3017002,3 POINTS GROCERY & GRILL,Transient non-community system,Ground water,Caswell,BURLINGTON,25,4,40,18
NC0217420,3 POINTS GROCERY & GRILL  NO 2,Transient non-community system,Ground water,Caswell,PROSPECT HILL,25,4,66,23
NC7065029,6101 CASTLE HAYNE RD,Transient non-community system,Ground water,New Hanover,CASTLE HAYNE,100,7,1,24
NC2080074,7 ELEVEN STORE 35553,Transient non-community system,Ground water,Rowan,SALISBURY,25,4,10,25
NC0347483,82ND ABN DIV PRE RANGER FACILTY,Transient non-community system,Ground water,Hoke,FT BRAGG,50,5,7,19
NC7071044,A B FOODMART,Transient non-community system,Ground water,Pender,WATHA,100,3,8,11
NC0136890,ABBEY INN,Transient non-community system,Ground water,Gaston,BELMONT,25,4,3,26
NC0347482,ABERDEEN TRAINING FACILITY,Transient non-community system,Ground water,Hoke,FORT BRAGG,75,6,8,18
NC0424856,ABUNDANT LIFE ASSEMBLY OF GOD,Transient non-community system,Ground water,Columbus,WHITEVILLE,130,3,2,9
NC0149600,ABUNDANT LIFE FOUR SQUARE CHURCH,Transient non-community system,Ground water,Iredell,MOORESVILLE,100,3,23,27
NC1045053,ACONY BELL OFFICE,Transient non-community system,Ground water,Henderson,ASHEVILLE,75,4,0,4
NC0363401,ACORN RIDGE BAPT CHURCH,Transient non-community system,Ground water,Moore,ROBBINS,100,3,24,22
NC0155570,ACTIVA CHURCH,Transient non-community system,Ground water,Lincoln,MAIDEN,60,3,57,42
NC0122405,ADVANCED DIGITAL CABLE,Transient non-community system,Ground water,Clay,HAYESVILLE,75,3,34,14
NC1088001,ADVENTURE VILLAGE,Transient non-community system,Ground water,Transylvania,BREVARD,114,4,7,18
NC5326400,AFFORDABLE DENTURES,Transient non-community system,Ground water,Cumberland,FAYETTEVILLE,50,3,8,19
NC4392445,AJ`S FOOD MART,Transient non-community system,Ground water,Wake,APEX,100,3,71,20
NC3001025,ALAMANCE BATTLEGROUND VISITOR'S CENTER,Transient non-community system,Ground water,Alamance,BURLINGTON,25,4,6,9
NC0416136,ALBEMARLE IN THE PINES,Transient non-community system,Ground water,Carteret,NEWPORT,200,4,29,20
NC0184555,ALBEMARLE WESLEYAN CHURCH,Transient non-community system,Ground water,Stanly,ALBEMARLE,25,4,60,28
NC0235406,ALERT PENTECOSTAL HOLINESS CH,Transient non-community system,Ground water,Franklin,LOUISBURG,40,5,54,20
NC0111421,ALEXANDER MISSIONARY BAPT CH,Transient non-community system,Ground water,Buncombe,ALEXANDER,75,4,10,25
NC0136436,ALEXIS BAPTIST CHURCH,Transient non-community system,Ground water,Gaston,ALEXIS,250,4,26,43
NC0235415,ALLEN CHAPEL BAPTIST CHURCH,Transient non-community system,Ground water,Franklin,LOUISBURG,125,2,23,18
NC0489402,ALLIGATOR RIVER MARINA,Transient non-community system,Ground water,Tyrrell,COLUMBIA,100,5,38,23
NC0187556,ALMOND BOAT PARK & RV,Transient non-community system,Ground water,Swain,ALMOND,64,7,7,16
NC2049047,ALOHA VETERINARY HOSPITAL,Transient non-community system,Ground water,Iredell,MOORESVILLE,25,4,0,3
NC0319489,ALSTON CHAPEL UNITED HOLY CHURCH,Transient non-community system,Ground water,Chatham,PITTSBORO,175,4,82,14
NC0106404,ALTAMONT METHODIST CHURCH,Transient non-community system,Ground water,Avery,NEWLAND,30,3,17,23
NC0161424,ALTAPASS BAPTIST CHURCH,Transient non-community system,Ground water,Mitchell,SPRUCE PINE,120,3,3,12
NC3086035,AMAZING GRACE BAPTIST CHURCH,Transient non-community system,Ground water,Surry,MT AIRY,25,3,20,16
NC0239431,AMIS CHAPEL BAPTIST CHURCH,Transient non-community system,Ground water,Granville,OXFORD,175,4,11,12
NC0155520,AMITY BAPTIST CHURCH,Transient non-community system,Ground water,Lincoln,IRON STATION,35,4,11,29
NC0276458,AMITY HILLS BAPTIST CHURCH,Transient non-community system,Ground water,Randolph,ASHEBORO,25,3,17,15
NC0188444,ANCHOR BAPTIST,Transient non-community system,Ground water,Transylvania,PISGAH FOREST,300,6,10,24
NC3086062,ANCHORED IN JESUS BAPTIST,Transient non-community system,Ground water,Surry,DOBSON,100,3,2,10
NC0465210,ANCHORS BEND MARINA,Transient non-community system,Ground water,New Hanover,WILMINGTON,75,4,52,37
NC4068027,ANDERSON COMMUNITY PARK,Transient non-community system,Ground water,Orange,CARRBORO,25,4,7,9
NC4064003,ANDREW TYSON FARMS MLC,Transient non-community system,Ground water,Nash,NASHVILLE,68,4,43,17
NC4092188,ANNE LOUISE WILKERSON NATURE PRESERVE,Transient non-community system,Ground water,Wake,RALEIGH,25,4,0,4
NC0424777,ANTIOCH BAPTIST CHURCH,Transient non-community system,Ground water,Columbus,WHITEVILLE,100,4,16,27
NC0180634,ANTIOCH BAPTIST CHURCH,Transient non-community system,Ground water,Rowan,RICHFIELD,40,3,8,31
NC0144528,ANTIOCH BAPTIST CHURCH,Transient non-community system,Ground water,Haywood,CLYDE,350,5,27,27
NC0149570,ANTIOCH BAPTIST CHURCH,Transient non-community system,Ground water,Iredell,CLEVELAND,35,5,47,51
NC0368423,ANTIOCH BAPTIST CHURCH,Transient non-community system,Ground water,Orange,CHAPEL HILL,50,4,12,17
NC0111439,ANTIOCH BAPTIST CHURCH,Transient non-community system,Ground water,Buncombe,WEAVERVILLE,50,4,42,37
NC0112557,ANTIOCH BAPTIST CHURCH,Transient non-community system,Ground water,Burke,MORGANTON,80,3,13,12
NC2013032,APOLLO CAMPGROUND #1,Transient non-community system,Ground water,Cabarrus,,40,3,0,9
NC2013033,APOLLO CAMPGROUND #2,Transient non-community system,Ground water,Cabarrus,,30,3,0,6
NC3095005,APPALACHIAN ADVENT CHRIST CG,Transient non-community system,Ground water,Watauga,BLOWING ROCK,80,3,41,15
NC0195446,APPALACHIAN SKI MTN,Transient non-community system,Ground water,Watauga,BLOWING ROCK,25,9,22,19
NC0195441,APPALACHIAN STUDENT STUDIOS,Transient non-community system,Ground water,Watauga,BOONE,25,3,19,21
NC0157553,APPLETREE GROUP CAMP,Transient non-community system,Ground water,Macon,AQUONE,150,5,16,22
NC0424844,APPLIED PLASTIC SERVICES INC,Transient non-community system,Ground water,Columbus,BOLTON,25,3,25,9
NC0286159,ARARAT RIVER CAMPGROUND,Transient non-community system,Ground water,Surry,PINACLE,100,4,32,31
NC0106406,ARBOR DALE PRESBYTERIAN CH,Transient non-community system,Ground water,Avery,BANNER ELK,50,3,3,18
NC0180681,ARDIS CHAPEL AME ZION CHURCH,Transient non-community system,Ground water,Rowan,SALISBURY,40,3,33,32
NC0362123,ARROWHEAD CAMPGROUND,Transient non-community system,Ground water,Montgomery,TROY,100,5,6,18
NC0105413,ASHE BAPTIST SUMMER CAMP,Transient non-community system,Ground water,Ashe,FLEETWOOD,30,3,16,13
NC0105414,ASHE COUNTY PARK,Transient non-community system,Ground water,Ashe,JEFFERSON,25,3,20,12
NC3076017,ASHEBORO CONG JEHOVAH WITNESS,Transient non-community system,Ground water,Randolph,ASHEBORO,150,3,12,12
NC0276414,ASHEBORO COUNTRY CLUB INC,Transient non-community system,Ground water,Randolph,ASHEBORO,25,6,30,26
NC1011092,ASHEVILLE RIVER CABINS,Transient non-community system,Ground water,Buncombe,ASHEVILLE,75,4,0,4
NC0291535,ASHLEY GROVE BAPTIST CHURCH,Transient non-community system,Ground water,Vance,HENDERSON,45,3,22,19
NC0156429,ASHWORTH ROAD BAPTIST CHURCH,Transient non-community system,Ground water,McDowell,MARION,50,3,2,17
NC0498500,ASPEN GROVE FWB CHURCH,Transient non-community system,Ground water,Wilson,FOUNTAIN,35,4,13,18
NC0416438,ATLANTIC RV RESORT,Transient non-community system,Ground water,Carteret,ATLANTIC,75,5,13,17
NC0197592,AUSTIN COMMUNITY CENTER,Transient non-community system,Ground water,Wilkes,AUSTIN,25,5,19,30
NC1011094,AUTOCAMP ASHEVILLE,Transient non-community system,Ground water,Buncombe,ASHEVILLE,185,3,1,2
NC2049021,"AUTUMN BRANCH, LLC",Transient non-community system,Ground water,Iredell,DAVIDSON,25,4,7,30
NC0279569,AYERSVILLE BAPTIST CHURCH,Transient non-community system,Ground water,Rockingham,MAYODAN,25,4,8,10
NC0106484,B H CORPENING TRAINING CENTER,Transient non-community system,Ground water,Avery,CROSSNORE,60,3,1,14
NC0241715,B SCOTT WALROND DDS PA,Transient non-community system,Ground water,Guilford,PLEASANT GARDEN,25,4,11,9
NC0276416,BACK CREEK FRIENDS MEETING,Transient non-community system,Ground water,Randolph,ASHEBORO,70,4,39,16
NC2080002,BACK CREEK PRESBYTERIAN CHURCH,Transient non-community system,Ground water,Rowan,MOUNT ULLA,160,5,1,20
NC0362592,BADIN GROUP CAMP-REC AREA,Transient non-community system,Ground water,Montgomery,TROY,100,5,5,20
NC5062003,BADIN LAKE C.G.-UPPER LOOP,Transient non-community system,Ground water,Montgomery,TROY,100,4,2,14
NC0332579,BAHAMA BAPTIST CHURCH,Transient non-community system,Ground water,Durham,BAHAMA,110,4,49,25
NC3085005,BAILEYTOWN CHRISTIAN CHURCH,Transient non-community system,Ground water,Stokes,WALNUT COVE,25,3,7,19
NC0156558,BAKERS MARKET & TIRE SERVICE,Transient non-community system,Ground water,McDowell,MARION,150,4,8,12
NC0144516,BALSAM CENTER FOR HOPE & RECOVERY,Transient non-community system,Ground water,Haywood,BALSAM,25,7,40,28
NC1050056,BALSAM LAKE DAY USE AREA,Transient non-community system,Ground water,Jackson,,25,3,10,8
NC0150545,BALSAM MISSIONARY BAPTIST CH,Transient non-community system,Ground water,Jackson,BALSAM,150,3,42,15
NC0187517,BALSAM MOUNTAIN CAMPGROUND,Transient non-community system,Ground water,Swain,CHEROKEE,25,4,5,19
NC1050081,BALSAM MT PRESERVE- DOUBLE TOP VILLAGE,Transient non-community system,Ground water,Jackson,SYLVA,40,6,0,8
NC0299520,BALTIMORE METHODIST CHURCH,Transient non-community system,Ground water,Yadkin,EAST BEND,90,4,5,19
NC0197522,BANDITS ROOST PARK AREA A,Transient non-community system,Ground water,Wilkes,WILKESBORO,142,6,23,21
NC3097026,BANDITS ROOST PARK AREA B,Transient non-community system,Ground water,Wilkes,,102,3,6,6
NC0239445,BANKS UNITED METHODIST CHURCH,Transient non-community system,Ground water,Granville,OXFORD,75,4,18,17
NC0392809,BAPTIST GROVE CHURCH,Transient non-community system,Ground water,Wake,RALEIGH,100,3,41,22
NC0326572,BAPTIST UNION MISSIONARY BAPTIST CHURCH,Transient non-community system,Ground water,Cumberland,FAYETTEVILLE,125,4,48,31
NC3079019,BAR S RANCH,Transient non-community system,Ground water,Rockingham,REIDSVILLE,25,6,5,9
NC0184407,BARBEE`S GROVE CHURCH,Transient non-community system,Ground water,Stanly,OAKBORO,25,4,11,31
NC0156138,BAREFOOT LANDING & RV PARK,Transient non-community system,Ground water,McDowell,MARION,110,7,15,20
NC0149478,BARKERS GROVE BAPTIST CHURCH,Transient non-community system,Ground water,Iredell,UNION GROVE,35,3,11,27
NC0464414,BARNES FARMING CORP MLC  NO 1,Transient non-community system,Ground water,Nash,SPRING HOPE,41,3,101,18
NC0464420,BARNES FARMING CORP MLC  NO 6,Transient non-community system,Ground water,Nash,SPRING HOPE,56,3,102,20
NC0498589,BARNES FARMING CORP MLC  NO 9,Transient non-community system,Ground water,Wilson,SPRING HOPE,40,3,80,18
NC0464536,BARNES HILL FWB CHURCH,Transient non-community system,Ground water,Nash,NASHVILLE,45,5,37,16
NC0363418,BASCOMS CHAPEL CHURCH,Transient non-community system,Ground water,Moore,ROBBINS,75,4,17,19
NC0145510,BAT CAVE BAPTIST CHURCH,Transient non-community system,Ground water,Henderson,BAT CAVE,150,3,4,19
NC0427452,BAY VILLA RESTAURANT,Transient non-community system,Ground water,Currituck,KNOTTS ISLAND,30,6,27,29
NC3003012,BBQ AT KEV'S,Transient non-community system,Ground water,Alleghany,LAUREL SPRINGS,25,3,0,5
NC3086040,BEAR CREEK BAPTIST CHURCH,Transient non-community system,Ground water,Surry,DOBSON,25,3,30,13
NC0138437,BEAR CREEK CHURCH,Transient non-community system,Ground water,Graham,ROBBINSVILLE,50,2,2,7
NC1011091,BEAR CREEK RV PARK AND CAMPGROUND,Transient non-community system,Ground water,Buncombe,ASHEVILLE,320,5,4,1
NC0326741,BEAVER DAM BAPTIST CHURCH,Transient non-community system,Ground water,Cumberland,ROSEBORO,100,4,9,24
NC0279608,BEAVER ISLAND BAPTIST CHURCH,Transient non-community system,Ground water,Rockingham,MAYODAN,115,4,26,17
NC0424538,BEAVERDAM FWB CHURCH,Transient non-community system,Ground water,Columbus,CHADBOURN,400,3,8,13
NC0181622,BECKY'S COUNTRY STORE & GRILL,Transient non-community system,Ground water,Rutherford,BOSTIC,40,4,12,12
NC4092206,BEECH BLUFF COUNTY PARK,Transient non-community system,Ground water,Wake,FUQUAY-VARINA,25,4,0,2
NC0158415,BEECH GLEN COMMUNITY CENTER,Transient non-community system,Ground water,Madison,MARS HILL,90,3,11,30
NC0286556,BEECHNUT FAMILY CAMPGROUND,Transient non-community system,Ground water,Surry,MT AIRY,40,3,69,17
NC0201589,BELLEMONT FOOD STORE,Transient non-community system,Ground water,Alamance,GRAHAM,25,5,45,17
NC0201516,BELLEMONT METHODIST CHURCH,Transient non-community system,Ground water,Alamance,BURLINGTON,215,7,43,24
NC0136936,BELMONT MOOSE LODGE,Transient non-community system,Ground water,Gaston,BELMONT,298,4,12,38
NC1075012,BENEFICIAL FOODS,Transient non-community system,Ground water,Polk,COLUMBUS,50,5,2,13
NC0197412,BENHAM BAPTIST CHURCH,Transient non-community system,Ground water,Wilkes,ELKIN,25,3,7,8
NC4392516,BENTWINDS GOLF COURSE & CC,Transient non-community system,Ground water,Wake,FUQUAY VARINA,300,3,14,13
NC4392518,BENTWINDS GOLF COURSE-WELL  NO 3,Transient non-community system,Ground water,Wake,FUQUAY VARINA,300,3,15,13
NC4392519,BENTWINDS GOLF COURSE-WELL  NO 4,Transient non-community system,Ground water,Wake,FUQUAY VARINA,300,3,17,13
NC0145512,BEREA BAPTIST CHURCH,Transient non-community system,Ground water,Henderson,HENDERSONVILLE,75,3,6,10
NC0136583,BEREA BAPTIST CHURCH,Transient non-community system,Ground water,Gaston,GASTONIA,100,3,0,23
NC0239492,BEREA MINI MART,Transient non-community system,Ground water,Granville,OXFORD,25,4,14,12
NC0122123,BERRONG RIDGE  RV PARK,Transient non-community system,Ground water,Clay,HAYESVILLE,25,3,15,13
NC0368483,BERRY`S GROVE BAPTIST CHURCH,Transient non-community system,Ground water,Orange,TIMBERLAKE,120,2,14,11
NC6008000,BERTIE BEACH,Transient non-community system,Ground water,Bertie,MERRY HILL,25,3,0,2
NC0155571,BESS CHAPEL UMC,Transient non-community system,Ground water,Lincoln,CHERRYVILLE,100,4,9,51
NC0155517,BETH HAVEN BAPTIST CHURCH,Transient non-community system,Ground water,Lincoln,DENVER,180,3,15,30
NC4092036,BETH SHALOM,Transient non-community system,Ground water,Wake,RALEIGH,180,3,14,15
NC4073003,BETHANY MISSIONARY BAPTIST,Transient non-community system,Ground water,Person,ROUGEMONT,25,3,9,13
NC0118585,BETHANY UNITED CH OF CHRIST,Transient non-community system,Ground water,Catawba,CLAREMONT,30,4,1,24
NC0285403,BETHEL BAPTIST CHURCH,Transient non-community system,Ground water,Stokes,WALNUT COVE,200,6,5,10
NC0156414,BETHEL BAPTIST CHURCH,Transient non-community system,Ground water,McDowell,MARION,150,3,11,19
NC0201620,BETHEL BAPTIST CHURCH,Transient non-community system,Ground water,Alamance,GRAHAM,300,3,20,21
NC0149580,BETHEL BAPTIST CHURCH,Transient non-community system,Ground water,Iredell,STATESVILLE,80,3,35,56
NC0299403,BETHEL BAPTIST CHURCH,Transient non-community system,Ground water,Yadkin,YADKINVILLE,25,4,12,17
NC1044034,BETHEL BAPTIST CHURCH,Transient non-community system,Ground water,Haywood,CANTON,150,4,0,4
NC0363412,BETHEL CHURCH OF GOD,Transient non-community system,Ground water,Moore,SEAGROVE,75,4,68,28
NC0136901,BETHEL EVANGELICAL LUTH CH,Transient non-community system,Ground water,Gaston,LINCOLNTON,100,4,0,16
NC0156427,BETHEL FWB CHURCH,Transient non-community system,Ground water,McDowell,NEBO,150,3,18,15
NC0180598,BETHEL LUTHERAN CHURCH,Transient non-community system,Ground water,Rowan,SALISBURY,65,4,31,37
NC0118778,BETHEL LUTHERAN CHURCH,Transient non-community system,Ground water,Catawba,CLAREMONT,225,3,22,33
NC0241697,BETHEL METHODIST CHURCH,Transient non-community system,Ground water,Guilford,KERNERSVILLE,70,3,6,9
NC0424516,BETHEL METHODIST CHURCH,Transient non-community system,Ground water,Columbus,CLARENDON,75,3,10,17
NC0102584,BETHEL MISSIONARY BAPTIST CH,Transient non-community system,Ground water,Alexander,TAYLORSVILLE,100,4,10,31
NC0241422,BETHEL PRESBYTERIAN CHURCH,Transient non-community system,Ground water,Guilford,MCLEANSVILLE,100,3,17,14
NC0149595,BETHEL UMC CHURCH,Transient non-community system,Ground water,Iredell,STATESVILLE,30,7,11,36
NC0201532,BETHEL UNITED METHODIST CHURCH,Transient non-community system,Ground water,Alamance,GRAHAM,35,3,18,18
NC0145513,BETHEL WESLEYAN CHURCH,Transient non-community system,Ground water,Henderson,FLAT ROCK,125,4,1,13
NC2013010,BETHEL WESLYAN CHURCH,Transient non-community system,Ground water,Cabarrus,KANNOPOLIS,65,4,8,19
NC0136606,BETHESDA FULL GOSPEL TABERNACL,Transient non-community system,Ground water,Gaston,GASTONIA,30,3,6,30
NC0363500,BETHLEHEM BAPTIST CHURCH,Transient non-community system,Ground water,Moore,CARTHAGE,50,4,22,26
NC0156438,BETHLEHEM BAPTIST CHURCH,Transient non-community system,Ground water,McDowell,OLD FORT,45,3,22,28
NC0235447,BETHLEHEM BAPTIST CHURCH,Transient non-community system,Ground water,Franklin,YOUNGSVILLE,120,4,27,16
NC4092116,BETHLEHEM FAMILY LIFE CENTER_4092116,Transient non-community system,Ground water,Wake,KNIGHTDALE,300,4,1,11
NC7010020,BETHLEHEM MISSIONARY BAPT CH,Transient non-community system,Ground water,Brunswick,WINNABOW,70,5,26,22
NC0190498,BETHLEHEM UMC,Transient non-community system,Ground water,Union,WAXHAW,100,3,7,24
NC0155529,BETHPAGE LUTHERAN CHURCH,Transient non-community system,Ground water,Lincoln,LINCOLNTON,90,3,18,27
NC0180682,BETHPAGE UMC,Transient non-community system,Ground water,Rowan,KANNAPOLIS,100,3,2,20
NC1014003,BETSEY`S OLE COUNTRY STORE,Transient non-community system,Ground water,Caldwell,COLLETTSVILLE,30,3,20,10
NC0145514,BEULAH BAPTIST CHURCH,Transient non-community system,Ground water,Henderson,HENDERSONVILLE,40,2,3,8
NC0276421,BEULAH BAPTIST CHURCH,Transient non-community system,Ground water,Randolph,BENNETT,500,5,8,20
NC4392466,BEULAH CHRISTIAN BAPTIST CHURCH,Transient non-community system,Ground water,Wake,ZEBULON,150,3,50,12
NC0286403,BEULAH COMMUNITY CENTER,Transient non-community system,Ground water,Surry,MT AIRY,25,5,4,33
NC0149424,BEULAH HEIGHT WESLEYAN CH,Transient non-community system,Ground water,Iredell,TROUTMAN,40,3,12,25
NC0279739,BIBLE BAPTIST CHURCH,Transient non-community system,Ground water,Rockingham,REIDSVILLE,25,3,17,14
NC0180761,BIBLE MISSIONARY BAPT CHURCH,Transient non-community system,Ground water,Rowan,ROCK WELL,200,4,50,41
NC3001029,BIBLE WESLEYAN CHURCH,Transient non-community system,Ground water,Alamance,GRAHAM,130,4,0,1
NC0144539,BIG CREEK CAMPGROUND,Transient non-community system,Ground water,Haywood,WAYNESVILLE,100,5,5,17
NC0111443,BIG IVY COM DEVELOPMENT C,Transient non-community system,Ground water,Buncombe,BARNARDSVILLE,50,4,8,20
NC0158481,BIG LAUREL BAPTIST CHURCH,Transient non-community system,Ground water,Madison,MARSHALL,35,4,9,22
NC1056043,BIG LEAGUE CAMP,Transient non-community system,Ground water,McDowell,MARION,100,3,3,5
NC0175416,BIG LEVEL BAPTIST CHURCH,Transient non-community system,Ground water,Polk,MILL SPRING,100,4,8,17
NC0156536,BIG LYNN LODGE,Transient non-community system,Ground water,McDowell,LITTLE SWITZERLAND,75,5,15,19
NC7010016,BIG MACEDONIA MISS BAPT CHURCH,Transient non-community system,Ground water,Brunswick,SUPPLY,55,4,4,11
NC0106410,BIG MEADOWS BAPTIST CHURCH,Transient non-community system,Ground water,Avery,NEWLAND,70,4,11,17
NC0382420,BIG PINEY GROVE MISS BAPT CH,Transient non-community system,Ground water,Sampson,CLINTON,75,3,5,19
NC0181590,BIG SPRINGS BAPTIST CHURCH,Transient non-community system,Ground water,Rutherford,ELLENBORO,100,3,9,14
NC0181483,BILLS CREEK BAPTIST CHURCH,Transient non-community system,Ground water,Rutherford,LAKE LURE,75,4,31,16
NC3041059,BILLS PIZZA,Transient non-community system,Ground water,Guilford,RANDLEMAN,25,3,6,12
NC0407501,BILLY K CAMPGROUND,Transient non-community system,Ground water,Beaufort,BLOUNTS CREEK,180,5,14,28
NC1056050,BLACK BEAR ACCESS AREA,Transient non-community system,Ground water,McDowell,MARION,50,3,0,1
NC0188137,BLACK FOREST FAMILY CAMPGROUND,Transient non-community system,Ground water,Transylvania,CEDAR MOUNTAIN,40,4,15,17
NC0392824,BLACK HORSE RUN,Transient non-community system,Ground water,Wake,RALEIGH,25,6,9,18
NC0382425,BLACKMANS GROVE CHURCH,Transient non-community system,Ground water,Sampson,FAISON,50,3,20,17
NC7071055,BLAIR FARM #1,Transient non-community system,Ground water,Pender,CURRIE,60,3,7,13
NC7071056,BLAIR FARM #2,Transient non-community system,Ground water,Pender,CURRIE,100,4,1,20
NC0291533,BLESSED HOPE BAPTIST CHURCH,Transient non-community system,Ground water,Vance,HENDERSON,40,3,16,15
NC0197540,BLOOD CREEK OVERLOOK,Transient non-community system,Ground water,Wilkes,WILKESBORO,25,3,7,12
NC3095048,BLOWING ROCK CONF CTR GYMNASIUM,Transient non-community system,Ground water,Watauga,BLOWING ROCK,25,3,0,1
NC0195566,BLOWING ROCK CONFERENCE CENTER,Transient non-community system,Ground water,Watauga,BLOWING ROCK,325,10,5,10
NC0138411,BLUE BOAR RETREAT,Transient non-community system,Ground water,Graham,ROBBINSVILLE,25,3,9,15
NC0465625,BLUE CLAY RD BUSINESS PARK,Transient non-community system,Ground water,New Hanover,WILMINGTON,25,4,7,19
NC0241482,BLUE COMPASS RV,Transient non-community system,Ground water,Guilford,COLFAX,25,3,12,14
NC0114571,BLUE CREEK BAPTIST CHURCH,Transient non-community system,Ground water,Caldwell,LENOIR,38,3,21,15
NC1058030,BLUE HERON WHITEWATER,Transient non-community system,Ground water,Madison,MARSHALL,100,4,1,10
NC0286600,BLUE MOUNTAIN NO 2,Transient non-community system,Ground water,Surry,PILOT MOUNTAIN,25,5,5,15
NC0286620,BLUE RIDGE BAPTIST CHURCH,Transient non-community system,Ground water,Surry,LOWGAP,35,3,2,9
NC1045024,BLUE RIDGE CHRISTIAN CHURCH,Transient non-community system,Ground water,Henderson,,55,3,2,13
NC0195508,BLUE RIDGE DINER,Transient non-community system,Ground water,Watauga,DEEP GAP,25,3,45,14
NC0188141,BLUE RIDGE FALLS RV RESORT,Transient non-community system,Ground water,Transylvania,LAKE TOXAWAY,50,3,10,13
NC1058002,BLUE RIDGE FUNERAL SERVICE,Transient non-community system,Ground water,Madison,MARS HILL,50,3,2,13
NC0180406,BLUE WATERS POOL,Transient non-community system,Ground water,Rowan,SALISBURY,50,4,13,31
NC0239488,BLUE WING BAPTIST CHURCH,Transient non-community system,Ground water,Granville,ROXBORO,175,5,11,11
NC0286622,BLUES GROVE BAPTIST CHURCH INC,Transient non-community system,Ground water,Surry,MOUNT AIRY,100,4,0,11
NC2055010,BOBBY DAVIS RENTAL PROPERTY,Transient non-community system,Ground water,Lincoln,VALE,25,3,2,21
NC0145516,BOBS CREEK BAPTIST CHURCH,Transient non-community system,Ground water,Henderson,TUXEDO,30,3,5,10
NC0113415,BOGER REFORMED CHURCH,Transient non-community system,Ground water,Cabarrus,CONCORD,50,5,30,31
NC0100449,BOLEN`S CREEK BAPTIST CHURCH,Transient non-community system,Ground water,Yancey,BURNSVILLE,120,4,36,12
NC0161430,BONNIE & CLYDE`S RESTAURANT,Transient non-community system,Ground water,Mitchell,BAKERSVILLE,25,3,15,15
NC0197524,BOOMER PARK BP-9 SCOTT DAM,Transient non-community system,Ground water,Wilkes,WILKESBORO,25,3,5,14
NC7071045,BORI CAFE BAR,Transient non-community system,Ground water,Pender,HAMSTEAD,36,4,3,8
NC1000013,BOWDITCH UNION CHURCH,Transient non-community system,Ground water,Yancey,MICAVILLE,60,3,0,6
NC4098018,BOYETTE BROS PRODUCE LLC,Transient non-community system,Ground water,Wilson,WILSON,50,3,9,11
NC0498581,BOYETTE FARMS,Transient non-community system,Ground water,Wilson,WILSON,35,4,55,19
NC0145517,BOYLSTON BAPTIST CHURCH,Transient non-community system,Ground water,Henderson,HORSE SHOE,55,3,3,13
NC1088046,BOYLSTON CREEK RV PARK & CABINS,Transient non-community system,Ground water,Transylvania,PISGAH FOREST,50,3,0,2
NC7065011,BRADLEY CREEK BOATAMINIUM,Transient non-community system,Ground water,New Hanover,WILMINGTON,414,4,16,30
NC0299436,BRANON FRIENDS MEETING,Transient non-community system,Ground water,Yadkin,YADKINVILLE,70,3,19,17
NC0239432,BRASSFIELD BAPTIST CHURCH,Transient non-community system,Ground water,Granville,CREEDMOOR,75,4,4,15
NC0188496,BREVARD CHURCH OF CHRIST,Transient non-community system,Ground water,Transylvania,PISGAH FOREST,75,3,20,17
NC4392486,BREVOFIELD GOLF LINKS,Transient non-community system,Ground water,Wake,WAKE FOREST,50,3,11,11
NC0309542,BRIAR BRANCH BAPTIST CHURCH,Transient non-community system,Ground water,Bladen,GARLAND,25,4,22,17
NC0158458,BRIGHT HOPE LAUREL UMC,Transient non-community system,Ground water,Madison,MARS HILL,40,3,8,18
NC0149589,BRIGHT LIGHT BAPTIST CHURCH,Transient non-community system,Ground water,Iredell,STATESVILLE,120,4,3,30
NC0241667,BRIGHTWOOD CHRISTIAN CHURCH,Transient non-community system,Ground water,Guilford,GIBSONVILLE,25,4,6,13
NC0285476,BRIMS GROVE BAPT CH,Transient non-community system,Ground water,Stokes,PILOT MOUNTAIN,25,5,9,22
NC0181512,BROAD RIVER BAPTIST CHURCH,Transient non-community system,Ground water,Rutherford,RUTHERFORDTON,40,3,24,17
NC1056005,BROOKSIDE BAPTIST CHURCH,Transient non-community system,Ground water,McDowell,OLD FORT,30,3,7,9
NC0291470,BROOKSTON BAPTIST CHURCH,Transient non-community system,Ground water,Vance,HENDERSON,60,3,14,15
NC3041036,BROOKWOOD GOLF COURSE,Transient non-community system,Ground water,Guilford,WHITSETT,100,3,1,2
NC1014004,BROWN MOUNTAIN BEACH CAMPGRD WELL 1,Transient non-community system,Ground water,Caldwell,LENOIR,50,3,0,1
NC1014005,BROWN MOUNTAIN BEACH CAMPGRD WELL 4,Transient non-community system,Ground water,Caldwell,LENOIR,30,3,0,1
NC0114456,BROWN MOUNTAIN BEACH CAMPGRD WELLS 2 & 3,Transient non-community system,Ground water,Caldwell,LENOIR,125,8,54,35
NC1012005,BROWN MOUNTAIN ORV TRAILHEAD,Transient non-community system,Ground water,Burke,MORGANTON,25,2,3,15
NC0112416,BROWN MTN BAPTIST CHURCH,Transient non-community system,Ground water,Burke,MORGANTON,50,3,0,19
NC0241693,BROWN SUMMIT EXXON,Transient non-community system,Ground water,Guilford,GREENSBORO,25,4,7,23
NC0363417,BROWNS CHAPEL CHRISTIAN CH,Transient non-community system,Ground water,Moore,ROBBINS,100,5,26,37
NC3017032,BROWNS CHAPEL MISSIONARY BAPTIST CH.,Transient non-community system,Ground water,Caswell,,185,3,2,11
NC0319405,BROWN`S CHAPEL UMC,Transient non-community system,Ground water,Chatham,BYNUM,75,3,38,15
NC0118774,BROWN`S CHAPEL UMC,Transient non-community system,Ground water,Catawba,CATAWBA,75,4,45,40
NC7010071,BRUNSWICK CO-NATURE PARK,Transient non-community system,Ground water,Brunswick,WINNABOW,75,3,3,20
NC0319409,BRUSH CREEK BAPTIST CHURCH,Transient non-community system,Ground water,Chatham,BEAR CREEK,120,3,8,17
NC0158441,BRUSH CREEK COUNTRY STORE,Transient non-community system,Ground water,Madison,MARSHALL,100,4,14,28
NC0195505,BRUSHY FORK BAPTIST CHURCH,Transient non-community system,Ground water,Watauga,VILAS,25,4,31,16
NC0156493,BUCK CREEK RV PARK,Transient non-community system,Ground water,McDowell,MARION,125,3,3,18
NC0279614,BUDGET INN,Transient non-community system,Ground water,Rockingham,REIDSVILLE,25,3,23,13
NC0235528,BUD`S TAVERN AND GRILL,Transient non-community system,Ground water,Franklin,YOUNGSVILLE,100,5,139,38
NC1050004,BUFF CREEK BAPTIST CHURCH,Transient non-community system,Ground water,Jackson,SYLVA,60,3,6,10
NC3095025,BUFFALO CAMP RV PARK,Transient non-community system,Ground water,Watauga,,356,5,6,8
NC0114576,BUFFALO COVE MERCANTILE,Transient non-community system,Ground water,Caldwell,LENOIR,50,3,10,17
NC2055015,BUFFALO CREEK CAMPGROUND,Transient non-community system,Ground water,Lincoln,LAWNDALE,25,3,0,9
NC4392419,BUFFALOE LANES NORTH,Transient non-community system,Ground water,Wake,RALEIGH,75,3,18,20
NC4392417,BUFFALOE LANES SOUTH,Transient non-community system,Ground water,Wake,RALEIGH,150,3,9,11
NC5063016,BUILDERS FIRST SOURCE,Transient non-community system,Ground water,Moore,SOUTHERN PINES,50,3,120,19
NC0239460,BULLOCK BAPTIST CHURCH,Transient non-community system,Ground water,Granville,BULLOCK,50,3,6,13
NC0241560,BUR-MIL PARK,Transient non-community system,Ground water,Guilford,GREENSBORO,25,5,9,21
NC3041155,BUR-MIL PARK PLAYGROUND,Transient non-community system,Ground water,Guilford,GREENSBORO,25,3,0,1
NC1012010,BURKE VENEERS,Transient non-community system,Ground water,Burke,MORGANTON,25,3,11,13
NC0157419,BURNINGTOWN BAPTIST CHURCH,Transient non-community system,Ground water,Macon,FRANKLIN,80,5,29,22
NC3079010,BURTON MEMORIAL BAPTIST CHURCH,Transient non-community system,Ground water,Rockingham,REIDSVILLE,85,3,10,10
NC0136792,BYRUM`S GROC & GRILL,Transient non-community system,Ground water,Gaston,GASTONIA,25,4,3,28
NC4392456,C-MINI MART  NO 12,Transient non-community system,Ground water,Wake,RALEIGH,50,2,11,13
NC0180597,CALVARY BAPT CHURCH,Transient non-community system,Ground water,Rowan,SALISBURY,250,3,4,24
NC0363447,CALVARY BAPTIST CHURCH,Transient non-community system,Ground water,Moore,CARTHAGE,75,3,6,19
NC0273479,CALVARY BAPTIST CHURCH,Transient non-community system,Ground water,Person,ROXBORO,50,4,36,18
NC0180674,CALVARY BAPTIST TABERNACLE,Transient non-community system,Ground water,Rowan,SALISBURY,300,3,14,36
NC0465198,CAMELOT HOLDINGS LLC,Transient non-community system,Ground water,New Hanover,WILMINGTON,180,5,27,45
NC0149577,CAMERON PRESBYTERIAN CHURCH,Transient non-community system,Ground water,Iredell,STATESVILLE,70,3,21,43
NC0145410,CAMP BLUE STAR,Transient non-community system,Ground water,Henderson,HENDERSONVILLE,600,10,6,18
NC1045017,CAMP BLUE STAR BOY 1,Transient non-community system,Ground water,Henderson,HENDERSONVILLE,200,4,0,12
NC1045018,CAMP BLUE STAR BOY 3,Transient non-community system,Ground water,Henderson,HENDERSONVILLE,75,4,0,12
NC0195481,CAMP BROADSTONE,Transient non-community system,Ground water,Watauga,BANNER ELK,25,5,5,22
NC0276644,CAMP CARAWAY ROCKS WELL,Transient non-community system,Ground water,Randolph,ASHEBORO,25,4,4,13
NC0276622,CAMP CARAWAY WESTWOODS,Transient non-community system,Ground water,Randolph,ASHEBORO,25,4,1,14
NC0188425,CAMP CAROLINA IN BACK COUNTRY,Transient non-community system,Ground water,Transylvania,BREVARD,350,4,1,17
NC0103421,CAMP CHEERIO,Transient non-community system,Ground water,Alleghany,GLADE VALLEY,260,5,2,17
NC4068006,CAMP CHESTNUT RIDGE,Transient non-community system,Ground water,Orange,EFLAND,300,6,2,8
NC0188548,CAMP CHOSATONGA,Transient non-community system,Ground water,Transylvania,BREVARD,100,4,2,17
NC1044019,CAMP DANIEL BOONE-ARROWHEAD CAMP,Transient non-community system,Ground water,Haywood,CANTON,50,9,9,13
NC0144573,CAMP DANIEL BOONE-BSA,Transient non-community system,Ground water,Haywood,CANTON,750,8,23,21
NC0118598,CAMP DOGWOOD,Transient non-community system,Ground water,Catawba,SHERRILLS FORD,150,8,3,40
NC0469438,CAMP DON-LEE,Transient non-community system,Ground water,Pamlico,ARAPAHOE,280,5,17,30
NC0145451,CAMP FALLING CREEK,Transient non-community system,Ground water,Henderson,TUXEDO,325,6,14,15
NC0145519,CAMP GLEN ARDEN,Transient non-community system,Ground water,Henderson,TUXEDO,180,7,10,17
NC0145453,CAMP GREEN COVE,Transient non-community system,Ground water,Henderson,TUXEDO,275,8,4,13
NC3001012,CAMP GREEN LEAVES,Transient non-community system,Ground water,Alamance,BURLINGTON,25,4,1,2
NC0187495,CAMP GREENBIRD,Transient non-community system,Ground water,Swain,BRYSON CITY,137,5,2,21
NC0145454,CAMP GREYSTONE,Transient non-community system,Ground water,Henderson,TUXEDO,500,10,6,22
NC1045057,CAMP GREYSTONE 2,Transient non-community system,Ground water,Henderson,TUXEDO,300,4,0,1
NC0156467,CAMP GRIER,Transient non-community system,Ground water,McDowell,OLD FORT,200,3,45,40
NC0188437,CAMP GWYNN VALLEY,Transient non-community system,Ground water,Transylvania,BREVARD,175,7,14,17
NC0188431,CAMP HIGH ROCKS MAIN,Transient non-community system,Ground water,Transylvania,CEDAR MTN,190,10,2,12
NC1088011,CAMP HIGH ROCKS- GYM,Transient non-community system,Ground water,Transylvania,,190,3,2,5
NC1088010,CAMP HIGH ROCKS-BARN,Transient non-community system,Ground water,Transylvania,,190,3,2,5
NC1088009,CAMP HIGH ROCKS-DINING HALL,Transient non-community system,Ground water,Transylvania,,190,3,2,5
NC1088012,CAMP HIGH ROCKS-HILL,Transient non-community system,Ground water,Transylvania,,190,3,2,5
NC0145455,CAMP HIGHLANDER,Transient non-community system,Ground water,Henderson,HORSE SHOE,400,12,29,24
NC0188517,CAMP ILLAHEE #1,Transient non-community system,Ground water,Transylvania,BREVARD,320,8,3,14
NC1088017,CAMP ILLAHEE #2,Transient non-community system,Ground water,Transylvania,BREVARD,320,3,4,5
NC0145415,CAMP JUDAEA,Transient non-community system,Ground water,Henderson,HENDERSONVILLE,250,8,1,13
NC0188424,CAMP KAHDALEA,Transient non-community system,Ground water,Transylvania,BREVARD,200,4,8,16
NC4392407,CAMP KANATA,Transient non-community system,Ground water,Wake,WAKE FOREST,200,12,7,17
NC0291511,CAMP KERR LAKE,Transient non-community system,Ground water,Vance,HENDERSON,100,6,30,25
NC0471136,CAMP KIRKWOOD,Transient non-community system,Ground water,Pender,WATHA,400,4,9,21
NC1012023,CAMP LAKE JAMES,Transient non-community system,Ground water,Burke,MORGANTON,25,7,0,10
NC0106486,CAMP LINN HAVEN,Transient non-community system,Ground water,Avery,NEWLAND,100,3,10,13
NC0187509,CAMP LIVING WATER,Transient non-community system,Ground water,Swain,BRYSON CITY,35,5,74,38
NC1087012,CAMP LIVING WATER - GYMNASIUM,Transient non-community system,Ground water,Swain,BRYSON CITY,35,3,5,3
NC0181416,CAMP LURECREST,Transient non-community system,Ground water,Rutherford,LAKE LURE,250,7,38,23
NC0106487,CAMP LUTHEROCK - FOUNDER'S LODGE,Transient non-community system,Ground water,Avery,NEWLAND,50,3,23,13
NC1006011,CAMP LUTHEROCK - MORETZ CABIN,Transient non-community system,Ground water,Avery,NEWLAND,40,3,9,11
NC0106538,CAMP LUTHEROCK BATHHOUSE,Transient non-community system,Ground water,Avery,NEWLAND,50,3,27,14
NC1006003,CAMP LUTHEROCK CROW`S NEST,Transient non-community system,Ground water,Avery,NEWLAND,25,3,8,11
NC5077005,CAMP MACKALL FIRE DEPT,Transient non-community system,Ground water,Richmond,,25,4,4,12
NC0150485,CAMP MERRIE-WOODE,Transient non-community system,Ground water,Jackson,CASHIERS,300,6,23,16
NC0383121,CAMP MONROE,Transient non-community system,Ground water,Scotland,LAUREL HILL,50,3,14,21
NC0276519,CAMP MUNDO VISTA,Transient non-community system,Ground water,Randolph,ASHEBORO,280,8,11,24
NC0368187,CAMP NEW HOPE,Transient non-community system,Ground water,Orange,CHAPEL HILL,77,8,16,22
NC0239473,CAMP OAK HILL,Transient non-community system,Ground water,Granville,OXFORD,200,6,12,17
NC0319437,CAMP ROYALL AUTISM SOCIETY,Transient non-community system,Ground water,Chatham,PITTSBORO,80,7,453,21
NC0145458,CAMP TEKOA #1,Transient non-community system,Ground water,Henderson,HENDERSONVILLE,225,6,1,16
NC1045032,CAMP TEKOA #3,Transient non-community system,Ground water,Henderson,HENDERSONVILLE,35,3,0,7
NC1045033,CAMP TEKOA #4,Transient non-community system,Ground water,Henderson,HENDERSONVILLE,25,3,1,6
NC0145459,CAMP TON A WANDAH,Transient non-community system,Ground water,Henderson,FLAT ROCK,300,7,7,19
NC1087008,CAMP WATIA - YMCA,Transient non-community system,Ground water,Swain,,200,4,0,6
NC0293442,CAMP WILLOW RUN,Transient non-community system,Ground water,Warren,LITTLETON,25,4,3,27
NC3097024,CAMPGROUND GRILL,Transient non-community system,Ground water,Wilkes,TRAPHILL,50,4,0,6
NC0180431,CANAAN BAPTIST CHURCH,Transient non-community system,Ground water,Rowan,SALISBURY,75,4,9,40
NC1012018,CANAL BRIDGE BOATING ACCESS,Transient non-community system,Ground water,Burke,NEBO,100,3,2,15
NC0181475,CANE CREEK BAPTIST CHURCH,Transient non-community system,Ground water,Rutherford,UNION MILLS,55,3,13,16
NC0181495,CANE CREEK MART,Transient non-community system,Ground water,Rutherford,UNION MILLS,25,5,17,9
NC0190552,CANE CREEK PARK-D.U.A.,Transient non-community system,Ground water,Union,WAXHAW,25,8,3,39
NC0190126,CANE CREEK PARK-F.C.A.,Transient non-community system,Ground water,Union,WAXHAW,300,7,19,41
NC0190553,CANE CREEK PARK-G.C.A.,Transient non-community system,Ground water,Union,WAXHAW,65,6,1,36
NC4068012,CANE CREEK RESERVOIR & REC,Transient non-community system,Ground water,Orange,CHAPEL HILL,30,5,1,11
NC1011001,CANE CREEK STATION,Transient non-community system,Ground water,Buncombe,FLETCHER,300,3,34,21
NC5062002,CANEBRAKE HORSE CAMP,Transient non-community system,Ground water,Montgomery,TROY,50,4,2,15
NC1050094,CANEY FORK GENERAL STORE,Transient non-community system,Ground water,Jackson,CULLOWHEE,200,3,0,4
NC0181430,CANOE KITCHEN AND BAR,Transient non-community system,Ground water,Rutherford,LAKE LURE,60,5,43,32
NC0184438,CANTON BAPT CHURCH,Transient non-community system,Ground water,Stanly,ALBEMARLE,135,4,18,29
NC7065065,CAPE FEAR OPTIMIST PARK #3,Transient non-community system,Ground water,New Hanover,WILMINGTON,300,4,0,10
NC7016041,CAPE LOOKOUT VISITOR CENTER,Transient non-community system,Ground water,Carteret,HARKERS ISLAND,100,4,1,10
NC0285450,CAPELLA CHURCH OF CHRIST,Transient non-community system,Ground water,Stokes,KING,135,3,10,12
NC0276621,CARAWAY CONFERENCE CTR & CAMP,Transient non-community system,Ground water,Randolph,ASHEBORO,25,10,9,22
NC0187612,CARDINAL COFFEE,Transient non-community system,Ground water,Swain,BRYSON CITY,50,4,43,19
NC2080054,CARMEL BAPTIST CHURCH,Transient non-community system,Ground water,Rowan,SALISBURY,100,3,0,16
NC0279406,CAROLINA CAMPING & MARINA,Transient non-community system,Ground water,Rockingham,STOKESDALE,300,11,34,30
NC0113522,CAROLINA FAST MART  NO 2,Transient non-community system,Ground water,Cabarrus,CONCORD,25,5,41,40
NC2080076,CAROLINA GOLF MART,Transient non-community system,Ground water,Rowan,,30,3,1,13
NC0100494,CAROLINA HEMLOCKS CMPGP,Transient non-community system,Ground water,Yancey,BURNSVILLE,100,6,34,48
NC0157470,CAROLINA MOTEL,Transient non-community system,Ground water,Macon,FRANKLIN,40,3,21,21
NC0180197,CAROLINA ROSE CAMPGROUND #1,Transient non-community system,Ground water,Rowan,SALISBURY,25,4,42,76
NC0180770,CAROLINA ROSE CAMPGROUND #2,Transient non-community system,Ground water,Rowan,SALISBURY,25,3,32,44
NC2080011,CAROLINA ROSE CAMPGROUND #3,Transient non-community system,Ground water,Rowan,SALISBURY,25,3,22,38
NC2080010,CAROLINA ROSE CAMPGROUND #4,Transient non-community system,Ground water,Rowan,SALISBURY,25,3,13,38
NC0136827,CAROLINA SPEEDWAY,Transient non-community system,Ground water,Gaston,GASTONIA,25,3,24,56
NC6027008,CAROVA PARK,Transient non-community system,Ground water,Currituck,COROLLA,250,3,0,9
NC0382434,CARR`S CHAPEL HOLY CHURCH,Transient non-community system,Ground water,Sampson,GARLAND,50,3,3,22
NC0188462,CARR`S HILL BAPTIST CHURCH,Transient non-community system,Ground water,Transylvania,BREVARD,100,4,1,17
NC1011048,CARSON CHAPEL BAPT FELLOWSHIP HALL,Transient non-community system,Ground water,Buncombe,BARNARDSVILLE,50,3,2,6
NC0111438,CARSON CHAPEL BAPTIST CHURCH,Transient non-community system,Ground water,Buncombe,BARNARDSVILLE,50,3,8,18
NC2049048,CARSON CREEK SCHOOL,Transient non-community system,Ground water,Iredell,MOORESVILLE,30,4,2,14
NC0136727,CARSON MEMORIAL BAPTIST CHURCH,Transient non-community system,Ground water,Gaston,KINGS MOUNTAIN,35,3,3,25
NC0156419,CARSON`S CHAPEL,Transient non-community system,Ground water,McDowell,PLEASANT GARDEN,25,3,10,16
NC0157525,CARTOOGECHAYE CREEK CAMPGROUND,Transient non-community system,Ground water,Macon,FRANKLIN,100,4,52,24
NC1050021,CASHIERS CHURCH OF GOD,Transient non-community system,Ground water,Jackson,CASHIERS,45,3,16,16
NC0150514,CASHIERS COMMONS,Transient non-community system,Ground water,Jackson,CASHIERS,25,3,3,21
NC1050101,CASHIERS FARMERS MARKET,Transient non-community system,Ground water,Jackson,CASHIERS,50,3,0,3
NC1050031,CASHIERS MOUNTAIN MARKET,Transient non-community system,Ground water,Jackson,CASHIERS,300,3,2,17
NC0150518,CASHIERS SPINX #303,Transient non-community system,Ground water,Jackson,CASHIERS,500,4,11,19
NC1050024,CASHIERS UNITED METHODIST CHURCH,Transient non-community system,Ground water,Jackson,CASHIERS,60,3,14,14
NC0392839,CASTAWAYS,Transient non-community system,Ground water,Wake,CLAYTON,61,3,59,23
NC7065052,CASTLE HAYNE CHURCH OF GOD,Transient non-community system,Ground water,New Hanover,CASTLE HAYNE,55,4,2,12
NC0465593,CASTLE HAYNE PARK,Transient non-community system,Ground water,New Hanover,CASTLE HAYNE,50,4,7,14
NC0465636,CASTLE HAYNE PARK-NEW ADDITION,Transient non-community system,Ground water,New Hanover,CASTLE HAYNE,50,3,8,17
NC0144536,CATALOOCHEE CAMPGROUND,Transient non-community system,Ground water,Haywood,WAYNESVILLE,25,5,0,20
NC1044035,CATALOOCHEE SHEEP PASTURE,Transient non-community system,Ground water,Haywood,MAGGIE VALLEY,66,6,0,8
NC0144595,CATALOOCHEE SKI AREA,Transient non-community system,Ground water,Haywood,MAGGIE VALLEY,500,3,1,16
NC1022006,CATALYST CHURCH,Transient non-community system,Ground water,Clay,HAYESVILLE,50,2,8,6
NC0118655,CATAWBA COUNTRY CLUB,Transient non-community system,Ground water,Catawba,NEWTON,25,3,1,30
NC0156459,CATAWBA FALLS CAMPGROUND,Transient non-community system,Ground water,McDowell,OLD FORT,50,3,11,26
NC0392463,CATAWBA SPRINGS CHRISTIAN CH,Transient non-community system,Ground water,Wake,APEX,250,5,9,13
NC0136758,CATFISH COVE INC,Transient non-community system,Ground water,Gaston,BELMONT,25,3,3,25
NC0188565,CATHEY`S CREEK BAPTIST CHURCH,Transient non-community system,Ground water,Transylvania,BREVARD,107,4,3,15
NC0118690,CATHOLIC CONFERENCE CENTER,Transient non-community system,Ground water,Catawba,HICKORY,50,4,2,25
NC0459412,CEDAR BRANCH BAPTIST CHURCH,Transient non-community system,Ground water,Martin,JAMESVILLE,175,4,6,18
NC0138443,CEDAR CLIFF BAPTIST CHURCH,Transient non-community system,Ground water,Graham,ROBBINSVILLE,125,4,49,26
NC0201427,CEDAR CLIFF UMC,Transient non-community system,Ground water,Alamance,GRAHAM,25,4,25,13
NC0326538,CEDAR CREEK BAPTIST CHURCH,Transient non-community system,Ground water,Cumberland,FAYETTEVILLE,100,5,10,28
NC0118723,CEDAR GROVE BAPTIST CHURCH,Transient non-community system,Ground water,Catawba,MAIDEN,40,3,10,32
NC4068028,CEDAR GROVE BLUEBERRY FARM,Transient non-community system,Ground water,Orange,HILLSBOROUGH,60,3,5,4
NC0155510,CEDAR GROVE LUTHERAN CHURCH,Transient non-community system,Ground water,Lincoln,VALE,70,4,11,43
NC0111423,CEDAR HILL MISSIONARY BAPTIST,Transient non-community system,Ground water,Buncombe,ALEXANDER,125,3,19,16
NC0188563,CEDAR MOUNTAIN BAPTIST CHURCH,Transient non-community system,Ground water,Transylvania,CEDAR MOUNTAIN,80,3,15,14
NC0188555,CEDAR MOUNTAIN CAFE,Transient non-community system,Ground water,Transylvania,CEDAR MOUNTAIN,100,3,29,19
NC1088030,CEDAR MOUNTAIN CANTEEN,Transient non-community system,Ground water,Transylvania,BREVARD,25,3,0,5
NC0188579,CEDAR MTN COMMUNITY CENTER,Transient non-community system,Ground water,Transylvania,CEDAR MOUNTAIN,30,3,11,14
NC0471317,CEDAR ON THE GREEN,Transient non-community system,Ground water,Pender,HAMPSTEAD,25,4,8,18
NC0235451,CEDAR ROCK FIRST BAPTIST CH,Transient non-community system,Ground water,Franklin,CASTALIA,70,2,37,15
NC0235425,CEDAR ROCK MISSIONARY BAPTIST CHURCH,Transient non-community system,Ground water,Franklin,CASTALIA,150,3,91,19
NC0145520,CEDAR SPRINGS BAPTIST CHURCH,Transient non-community system,Ground water,Henderson,ZIRCONIA,100,3,10,13
NC0276692,CEDAR SQUARE FRIENDS MEETING,Transient non-community system,Ground water,Randolph,ARCHDALE,115,4,16,10
NC0286415,CEDARBROOK COUNTRY CLUB,Transient non-community system,Ground water,Surry,STATE ROAD,25,3,0,17
NC0201604,CEDAROCK PARK-SHELTER 2,Transient non-community system,Ground water,Alamance,BURLINGTON,25,4,44,16
NC1000003,CELO HEALTH CENTER,Transient non-community system,Ground water,Yancey,BURNSVILLE,25,4,2,16
NC1000002,CELO UNITED METHODIST CHURCH,Transient non-community system,Ground water,Yancey,BURNSVILLE,55,3,3,17
NC2080079,CENTENARY METHODIST CHURCH 1,Transient non-community system,Ground water,Rowan,,100,3,3,20
NC0181583,CENTER FOR INTERCULTURAL TRAINING,Transient non-community system,Ground water,Rutherford,UNION MILLS,40,5,22,13
NC0144458,CENTER PIGEON BAPTIST CH,Transient non-community system,Ground water,Haywood,CANTON,70,3,13,17
NC0118460,CENTER VIEW BAPTIST,Transient non-community system,Ground water,Catawba,MAIDEN,100,3,0,23
NC0235433,CENTERVILLE BAPT CH,Transient non-community system,Ground water,Franklin,CENTERVILLE,50,3,25,15
NC5009009,CENTERVILLE BAPTIST CHURCH,Transient non-community system,Ground water,Bladen,KELLY,125,3,26,20
NC0368435,CENTRAL BAPTIST CHURCH,Transient non-community system,Ground water,Orange,MEBANE,150,5,48,26
NC0351697,CENTRAL CROPS RESEARCH STATION,Transient non-community system,Ground water,Johnston,CLAYTON,25,3,7,18
NC0241424,CENTRE FRIENDS MEETING,Transient non-community system,Ground water,Guilford,GREENSBORO,25,3,10,16
NC0442577,CHADDY`S BIG HAT RESTAURANT,Transient non-community system,Ground water,Halifax,LITTLETON,60,3,77,30
NC0279560,CHAPEL HILL PRIMITIVE BAPT CH,Transient non-community system,Ground water,Rockingham,RUFFIN,50,3,9,13
NC0299498,CHARITY BAPTIST CHURCH,Transient non-community system,Ground water,Yadkin,BOONVILLE,25,5,11,26
NC5026014,CHARITY BAPTIST CHURCH,Transient non-community system,Ground water,Cumberland,FAYETTEVILLE,50,3,5,28
NC0241452,CHARITY BAPTIST CHURCH,Transient non-community system,Ground water,Guilford,GREENSBORO,25,5,15,14
NC0286644,CHARITY HILL BAPTIST CHURCH,Transient non-community system,Ground water,Surry,THURMOND,100,5,17,19
NC0136915,CHARITY INDEPENDENT BAPTIST,Transient non-community system,Ground water,Gaston,GASTONIA,60,3,6,23
NC7065016,CHARLESTON PLACE,Transient non-community system,Ground water,New Hanover,WILMINGTON,25,4,0,9
NC4019027,CHATHAM RV PARK,Transient non-community system,Ground water,Chatham,MONCURE,30,3,17,10
NC0122414,CHATUGE MOUNTAIN INN,Transient non-community system,Ground water,Clay,HAYESVILLE,25,3,24,29
NC0122402,CHATUGE SHORES GOLF COURSE,Transient non-community system,Ground water,Clay,HAYESVILLE,25,5,34,21
NC2080066,CHEESEMAN`S GENERAL STORE,Transient non-community system,Ground water,Rowan,,25,4,7,24
NC0138403,CHEOAH POINT REC AREA,Transient non-community system,Ground water,Graham,ROBBINSVILLE,200,7,7,12
NC0138404,CHEOAH WORK CENTER,Transient non-community system,Ground water,Graham,ROBBINSVILLE,25,8,4,18
NC3017056,CHEROKEE SCOUT RESERVATION,Transient non-community system,Ground water,Caswell,YANCEYVILLE,25,7,7,2
NC0424596,CHERRY GROVE BAPT CHURCH,Transient non-community system,Ground water,Columbus,CERRO GORDO,200,5,44,18
NC0181538,CHERRY MTN FWB CHURCH,Transient non-community system,Ground water,Rutherford,BOSTIC,35,5,19,18
NC0156483,CHERRY SPRINGS BAPTIST CHURCH,Transient non-community system,Ground water,McDowell,OLD FORT,200,3,7,15
NC0136535,CHESTNUT RIDGE BAPTIST CHURCH,Transient non-community system,Ground water,Gaston,KINGS MOUNTAIN,250,4,0,28
NC4068026,CHESTNUT RIDGE UMC,Transient non-community system,Ground water,Orange,EFLAND,50,3,4,8
NC3017023,CHILTON`S GROCERY & SERVICE,Transient non-community system,Ground water,Caswell,REIDSVILLE,25,4,36,20
NC0181106,CHIMNEY ROCK STATE PARK,Transient non-community system,Ground water,Rutherford,CHIMNEY ROCK,820,9,12,25
NC0150164,CHIPMUNK TRAIL POA INC.,Transient non-community system,Ground water,Jackson,GLENVILLE,58,5,21,16
NC0180767,CHRIST UMC,Transient non-community system,Ground water,Rowan,,90,4,8,52
NC0136834,CHRISTIAN FELLOWSHIP ASSEMBLY,Transient non-community system,Ground water,Gaston,DALLAS,100,3,9,33
NC0424691,CHRISTIAN PLAINS AME ZION CH,Transient non-community system,Ground water,Columbus,WHITEVILLE,35,3,35,13
NC0279522,CHRISTIAN VIEW PENT HOLINESS,Transient non-community system,Ground water,Rockingham,STONEVILLE,50,4,37,16
NC4392528,CHRISTY'S DANCEXPLOSION,Transient non-community system,Ground water,Wake,GARNER,75,3,57,21
NC0158460,CHURCH OF GOD AT MIDDLE LAUREL,Transient non-community system,Ground water,Madison,MARSHALL,60,3,10,12
NC0326411,CHURCH OF GOD OF PROPHECY,Transient non-community system,Ground water,Cumberland,STEDMAN,89,4,9,21
NC0235452,CHURCH OF GOD OF PROPHECY,Transient non-community system,Ground water,Franklin,WAKE FOREST,55,3,60,26
NC0149544,CHURCH OF JESUS CHRIST LDS_0149544,Transient non-community system,Ground water,Iredell,MOORESVILLE,150,3,9,24
NC4092129,CHURCH OF JESUS CHRIST LDS_4092129,Transient non-community system,Ground water,Wake,WAKE FOREST,500,4,10,11
NC0217415,CHURCH OF JESUS CHRIST OF LDS,Transient non-community system,Ground water,Caswell,BURLINGTON,25,4,16,14
NC7016037,CIR - RV PARK,Transient non-community system,Ground water,Carteret,CEDAR ISLAND,80,5,7,20
NC0201636,CIRCLE K #2720161,Transient non-community system,Ground water,Alamance,ELON COLLEGE,25,4,14,10
NC3086018,CIRCLE K NO. 1529,Transient non-community system,Ground water,Surry,DOBSON,25,3,22,18
NC3086005,CIRCLE K NO. 1530,Transient non-community system,Ground water,Surry,MT AIRY,25,3,25,23
NC0150502,CLARION POINTE SYLVA,Transient non-community system,Ground water,Jackson,SYLVA,150,4,34,24
NC0276664,CLARK`S GENERAL STORE,Transient non-community system,Ground water,Randolph,ASHEBORO,50,5,31,13
NC1022008,CLAY CO REC PARK LOOP A,Transient non-community system,Ground water,Clay,HAYESVILLE,80,3,9,4
NC1022009,CLAY CO REC PARK LOOP B,Transient non-community system,Ground water,Clay,HAYESVILLE,80,3,6,4
NC0160639,CLEAR CREEK BAPTIST CHURCH,Transient non-community system,Ground water,Mecklenburg,CHARLOTTE,50,4,28,31
NC0279625,CLEARVIEW BAPTIST CHURCH,Transient non-community system,Ground water,Rockingham,MAYODAN,25,3,9,14
NC0273465,CLEMENT BAPTIST CHURCH,Transient non-community system,Ground water,Person,HURDLE MILLS,155,5,19,11
NC0351866,CLEMMONS STATE FOREST,Transient non-community system,Ground water,Johnston,CLAYTON,50,5,12,13
NC0157424,CLIFFSIDE LAKE REC AREA,Transient non-community system,Ground water,Macon,HIGHLANDS,100,3,6,23
NC0197590,CLINGMAN MEDICAL CENTER,Transient non-community system,Ground water,Wilkes,RONDA,25,3,34,14
NC3097013,CLINGMAN PIT STOP,Transient non-community system,Ground water,Wilkes,RONDA,25,4,11,12
NC3086059,CLODPATCH #1,Transient non-community system,Ground water,Surry,,71,6,6,5
NC7016038,COASTAL CAROLINA CAMPGROUND,Transient non-community system,Ground water,Carteret,BEAUFORT,110,4,5,18
NC7071024,COASTAL FITNESS CENTER,Transient non-community system,Ground water,Pender,HAMPSTEAD,100,4,7,18
NC0113491,CODDLE CREEK GROCERY,Transient non-community system,Ground water,Cabarrus,DAVIDSON,25,5,47,33
NC7065015,CODY`S III,Transient non-community system,Ground water,New Hanover,WILMINGTON,25,3,59,28
NC1044008,COLD MOUNTAIN MARKET,Transient non-community system,Ground water,Haywood,CANTON,200,3,57,33
NC0187544,COLD SPRINGS BAPTIST CHURCH,Transient non-community system,Ground water,Swain,BRYSON CITY,70,2,19,17
NC0113402,COLD SPRINGS UMC,Transient non-community system,Ground water,Cabarrus,CONCORD,400,4,13,31
NC0111445,COLES COVE BAPTIST CHURCH,Transient non-community system,Ground water,Buncombe,WEAVERVILLE,40,3,24,21
NC0326664,COLLIERS CHAPEL COMM CHURCH,Transient non-community system,Ground water,Cumberland,LINDEN,25,5,25,21
NC0309556,COLLY CHAPEL CHURCH,Transient non-community system,Ground water,Bladen,HARRELLS,60,4,6,15
NC0149565,COMMUNITY BAPT CHURCH,Transient non-community system,Ground water,Iredell,MT MOURNE,35,3,3,18
NC0241439,COMMUNITY BAPTIST CHURCH,Transient non-community system,Ground water,Guilford,GREENSBORO,25,3,43,18
NC4073007,COMMUNITY BAPTIST CHURCH,Transient non-community system,Ground water,Person,ROXBORO,40,3,4,11
NC0241425,COMMUNITY IN CHRIST PRESBY CH,Transient non-community system,Ground water,Guilford,GREENSBORO,25,4,32,15
NC4392442,COMMUNITY MART,Transient non-community system,Ground water,Wake,RALEIGH,100,3,18,11
NC0118737,COMMUNITY MISSIONARY BAPT CH,Transient non-community system,Ground water,Catawba,CATAWBA,25,3,1,28
NC0392774,COMPASS CHRISTIAN CHURCH,Transient non-community system,Ground water,Wake,FUQUAY VARINA,300,3,41,22
NC1000008,COMPASSIONATE CARE OF WNC,Transient non-community system,Ground water,Yancey,BURNSVILLE,35,3,2,8
NC4092247,COMPASSIONATE TABERNACLE OF FAITH MBC,Transient non-community system,Ground water,Wake,RALEIGH,70,3,0,1
NC0326769,CONCORD BAPTIST CHURCH,Transient non-community system,Ground water,Cumberland,STEDMAN,100,3,9,19
NC0118586,CONCORD CHURCH,Transient non-community system,Ground water,Catawba,CATAWBA,60,4,7,34
NC0156444,CONCORD UMC,Transient non-community system,Ground water,McDowell,MARION,35,3,8,19
NC0180525,CONCORDIA LUTHERAN CHURCH,Transient non-community system,Ground water,Rowan,CHINA GROVE,350,5,2,24
NC0195500,CONE PARK,Transient non-community system,Ground water,Watauga,BLOWING ROCK,500,4,2,22
NC0118546,COOKESVILLE GRILL,Transient non-community system,Ground water,Catawba,VALE,50,4,0,32
NC0197596,COOL SPRINGS BAPTIST CHURCH,Transient non-community system,Ground water,Wilkes,ELKIN,25,3,11,12
NC0187127,COOPERS CREEK CAMPGROUND,Transient non-community system,Ground water,Swain,BRYSON CITY,90,3,1,13
NC0175414,COOPERS GAP BAPTIST CHURCH,Transient non-community system,Ground water,Polk,MILL SPRING,250,4,8,30
NC1050096,COPE CREEK OFFICE PARK,Transient non-community system,Ground water,Jackson,SYLVA,50,2,0,2
NC0286624,COPELAND BAPTIST CHURCH,Transient non-community system,Ground water,Surry,DOBSON,25,3,1,14
NC3086028,COPELAND FOOD MART,Transient non-community system,Ground water,Surry,DOBSON,50,4,56,25
NC0118456,CORINTH BAPTIST CH,Transient non-community system,Ground water,Catawba,VALE,100,3,3,29
NC0235420,CORINTH BAPTIST CHURCH,Transient non-community system,Ground water,Franklin,LOUISBURG,75,2,51,13
NC0180687,CORINTH CHURCH OF CHRIST,Transient non-community system,Ground water,Rowan,WOODLEAF,50,7,13,60
NC0392975,CORINTH UNITED CH OF CHRIST,Transient non-community system,Ground water,Wake,YOUNGSVILLE,125,4,83,19
NC0424511,CORNER GRILL,Transient non-community system,Ground water,Columbus,BOLTON,50,3,29,12
NC1050095,CORNER MARKET,Transient non-community system,Ground water,Jackson,TUCKASEEGEE,200,2,1,3
NC2049034,CORNERSTONE ARP CHURCH,Transient non-community system,Ground water,Iredell,MOORESVILLE,70,3,1,17
NC0241710,CORNERSTONE BAPTIST CHURCH,Transient non-community system,Ground water,Guilford,HIGH POINT,25,4,34,18
NC5063003,CORNERSTONE BAPTIST CHURCH,Transient non-community system,Ground water,Moore,WEST END,50,4,22,25
NC0332569,CORNERSTONE BIBLE CHURCH,Transient non-community system,Ground water,Durham,DURHAM,75,4,36,12
NC2080058,CORNERSTONE EVENT CENTER,Transient non-community system,Ground water,Rowan,,25,3,4,16
NC3099009,CORNERSTONE FAMILY MINISTRIES,Transient non-community system,Ground water,Yadkin,YADKINVILLE,25,3,5,13
NC7024029,CORNERSTONE FWB CHURCH,Transient non-community system,Ground water,Columbus,WHITEVILLE,150,4,0,5
NC1088003,CORNERSTONE PRESBYTERIAN CHURCH,Transient non-community system,Ground water,Transylvania,BREVARD,35,4,6,10
NC0150489,CORNUCOPIA GOURMET,Transient non-community system,Ground water,Jackson,CASHIERS,200,4,22,15
NC0180688,CORRIHER HEIGHTS BAPTIST CH,Transient non-community system,Ground water,Rowan,CHINA GROVE,96,3,25,22
NC0118743,COULTER`S GROVE AME ZION CH,Transient non-community system,Ground water,Catawba,NEWTON,35,3,2,26
NC2036010,COUNTRY CORNER,Transient non-community system,Ground water,Gaston,ALEXIS,25,5,5,38
NC2080065,COUNTRY GARDEN FAMILY PARK B,Transient non-community system,Ground water,Rowan,,35,3,1,27
NC1087013,COUNTRY GIRL'S RV PARK #2,Transient non-community system,Ground water,Swain,BRYSON CITY,40,3,9,6
NC1087007,COUNTRY GIRL`S RV PARK,Transient non-community system,Ground water,Swain,BRYSON CITY,40,3,45,36
NC3041017,COUNTRY HILL GOLF COURSE,Transient non-community system,Ground water,Guilford,GIBOSNVILLE,25,3,30,10
NC0195536,COUNTRY RETREAT FAM BILLIARDS,Transient non-community system,Ground water,Watauga,BOONE,25,3,23,18
NC0431481,COUNTRY SQUIRE RESTAURANT,Transient non-community system,Ground water,Duplin,WARSAW,75,3,3,13
NC0239487,COUNTRY STORE & GRILL,Transient non-community system,Ground water,Granville,OXFORD,30,4,13,15
NC0157455,COUNTRY WOODS RV PARK,Transient non-community system,Ground water,Macon,FRANKLIN,95,4,59,22
NC4035024,COUNTY LINE GROCERY & GRILL,Transient non-community system,Ground water,Franklin,ZEBULON,50,3,0,7
NC0149566,COUNTY LINE HWY 64 GROCERY,Transient non-community system,Ground water,Iredell,COLD SPRINGS,25,3,61,63
NC3095042,COVE CREEK STORE,Transient non-community system,Ground water,Watauga,SUGAR GROVE,25,3,0,3
NC0239491,COVENANT HOPE CHURCH,Transient non-community system,Ground water,Granville,WAKE FOREST,25,4,28,11
NC0100440,COVEY ROCK FWB CHURCH,Transient non-community system,Ground water,Yancey,GREEN MOUNTAIN,110,3,9,17
NC0157494,COWEE BAPTIST CHURCH,Transient non-community system,Ground water,Macon,FRANKLIN,400,5,2,24
NC1057002,COWEE CONVENIENCE,Transient non-community system,Ground water,Macon,FRANKLIN,100,4,23,28
NC0157464,COWEETA HYDROLOGIC LABORATORY,Transient non-community system,Ground water,Macon,OTTO,50,5,4,23
NC0145523,CRAB CREEK BAPTIST CHURCH,Transient non-community system,Ground water,Henderson,HENDERSONVILLE,200,3,7,11
NC0144550,CRABTREE BAPTIST CHURCH,Transient non-community system,Ground water,Haywood,CLYDE,60,3,8,20
NC0188484,CRADLE OF FORESTRY,Transient non-community system,Ground water,Transylvania,PISGAH FOREST,150,6,4,15
NC0319440,CRAIG`S GENERAL STORE,Transient non-community system,Ground water,Chatham,APEX,25,5,121,27
NC0197614,CRANBERRY BAPTIST CHURCH,Transient non-community system,Ground water,Wilkes,ROARING RIVER,100,3,25,10
NC2055004,CREEKSIDE LAKES,Transient non-community system,Ground water,Lincoln,VALE,25,3,1,35
NC0105477,CRESTON SUPERETTE,Transient non-community system,Ground water,Ashe,CRESTON,25,4,10,17
NC0144527,CRESTVIEW BAPTIST CHURCH,Transient non-community system,Ground water,Haywood,CANTON,200,3,17,13
NC0241499,CROOKED TREE GOLF COURSE,Transient non-community system,Ground water,Guilford,BROWNS SUMMIT,25,5,28,18
NC0113408,CROSS OF CHRIST LUTHERAN CH,Transient non-community system,Ground water,Cabarrus,CONCORD,90,3,4,22
NC7016029,CROSS ROADS PIZZA,Transient non-community system,Ground water,Carteret,OTWAY,100,4,24,24
NC0416475,CROSSROADS,Transient non-community system,Ground water,Carteret,BEAUFORT,200,4,20,12
NC1050097,CROSSROADS COMMERCIAL AREA,Transient non-community system,Ground water,Jackson,CASHIERS,100,4,1,2
NC0102541,CROSSROADS GRILL,Transient non-community system,Ground water,Alexander,TAYLORSVILLE,75,3,1,36
NC0201438,CROSSWAY CHURCH,Transient non-community system,Ground water,Alamance,ALTAMAHAW,85,6,69,10
NC0319424,CROSSWINDS BOATING CENTER LLC,Transient non-community system,Ground water,Chatham,APEX,50,4,16,17
NC4392444,CROWDER DISTRICT PARK,Transient non-community system,Ground water,Wake,APEX,200,4,4,11
NC0136627,CROWDER'S RIDGE CAMP,Transient non-community system,Ground water,Gaston,GASTONIA,25,4,10,31
NC0136733,CROWDERS CRK ARP CHURCH,Transient non-community system,Ground water,Gaston,GASTONIA,100,4,4,34
NC0136623,CROWDERS MT GOLF CLUB,Transient non-community system,Ground water,Gaston,KINGS MOUNTAIN,25,3,25,30
NC2036029,CROWDERS MTN ST PARK-BREVARD RD,Transient non-community system,Ground water,Gaston,KINGS MOUNTAIN,100,4,1,27
NC2023006,CROWDERS MTN ST PRK - BOULDERS ACCESS,Transient non-community system,Ground water,Cleveland,KINGS MOUNTAIN,25,3,1,30
NC0136713,CROWDERS MTN ST PRK PICNIC/CTR,Transient non-community system,Ground water,Gaston,KINGS MOUNTAIN,25,3,6,71
NC0155501,CROWELL MEMORIAL GLOBAL METHODIST CHURCH,Transient non-community system,Ground water,Lincoln,LINCOLNTON,60,5,4,26
NC5083008,CRUZ N MART,Transient non-community system,Ground water,Scotland,LAUREL HILL,75,3,1,8
NC5026009,CRYSTAL SPRINGS CHAPEL,Transient non-community system,Ground water,Cumberland,FAYETTEVILLE,60,3,59,18
NC0157421,CULLASAJA ASSEMBLY OF GOD,Transient non-community system,Ground water,Macon,FRANKLIN,135,4,46,26
NC0157526,CULLASAJA RIVER CAMPGROUND,Transient non-community system,Ground water,Macon,FRANKLIN,211,4,27,25
NC0103443,CUMBERLAND KNOB MAINTENANCE,Transient non-community system,Ground water,Alleghany,BLUE RIDGE PKY,25,4,4,24
NC0326733,CUMBERLAND UNION BAPTIST CH,Transient non-community system,Ground water,Cumberland,FAYETTEVILLE,50,3,13,20
NC6027007,CURRITUCK COUNTY RURAL CENTER,Transient non-community system,Ground water,Currituck,POWELLS POINT,75,3,2,13
NC0299542,CUTTER`S MART,Transient non-community system,Ground water,Yadkin,YADKINVILLE,25,4,25,42
NC7071023,CVS PHARMACY #7046 - HAMPSTEAD,Transient non-community system,Ground water,Pender,HAMPSTEAD,100,3,15,21
NC0424504,CYPRESS CREEK FWB CHURCH,Transient non-community system,Ground water,Columbus,WHITEVILLE,110,3,10,13
NC0111442,D & D  GROCERY,Transient non-community system,Ground water,Buncombe,WEAVERVILLE,150,3,27,20
NC0111432,D & R FISHING LAKE & GRILL,Transient non-community system,Ground water,Buncombe,FAIRVIEW,35,5,24,28
NC7065039,D H GRIFFIN,Transient non-community system,Ground water,New Hanover,WILMINGTON,25,3,1,10
NC0286573,DADDY SAM`S,Transient non-community system,Ground water,Surry,LOW GAP,25,4,21,23
NC0351529,DALTON MCLAMB MLC NO 250,Transient non-community system,Ground water,Johnston,BENSON,40,4,8,16
NC0180671,DAN NICHOLAS PARK-CAMPGROUND,Transient non-community system,Ground water,Rowan,SALISBURY,25,3,11,43
NC0180669,DAN NICHOLAS PARK-GIRL SCOUTS,Transient non-community system,Ground water,Rowan,SALISBURY,50,3,6,28
NC0180680,DAN NICHOLAS PARK-PICNIC AREA,Transient non-community system,Ground water,Rowan,SALISBURY,25,9,6,43
NC0285523,DAN RIVER FAMILY RESTAURANT,Transient non-community system,Ground water,Stokes,DANBURY,25,5,20,21
NC0112412,DANIEL BOONE FAM CPG,Transient non-community system,Ground water,Burke,MORGANTON,75,5,14,16
NC0155506,DANIEL`S LUTHERAN CHURCH,Transient non-community system,Ground water,Lincoln,LINCOLNTON,75,3,4,29
NC0239484,DANNY`S COUNTRY STORE & GRILL,Transient non-community system,Ground water,Granville,OXFORD,100,4,13,15
NC3099002,DARWIN`S CAFE,Transient non-community system,Ground water,Yadkin,HAMPTONVILLE,25,6,17,21
NC0122118,DAVENPORT CAMPGROUND,Transient non-community system,Ground water,Clay,HAYESVILLE,64,3,24,19
NC0111501,DAYS INN - WEST,Transient non-community system,Ground water,Buncombe,CANDLER,100,9,2,20
NC0286596,DAYSPRING BAPTIST CHURCH,Transient non-community system,Ground water,Surry,DOBSON,60,4,14,17
NC0102563,DEAL ORCHARDS INC,Transient non-community system,Ground water,Alexander,TAYLORSVILLE,50,4,7,44
NC1087009,DEALS GAP MOTORCYCLE MAINTENANCE,Transient non-community system,Ground water,Swain,,30,3,0,3
NC0187622,DEALS GAP MOTORCYCLE RESORT,Transient non-community system,Ground water,Swain,TAPOCO,100,5,14,13
NC0299544,DEBBIE`S SNACK BAR,Transient non-community system,Ground water,Yadkin,HAMPTONVILLE,25,3,44,23
NC0299510,DEEP CREEK BAPTIST CHURCH,Transient non-community system,Ground water,Yadkin,YADKINVILLE,125,5,12,21
NC0363474,DEEP CREEK BAPTIST CHURCH,Transient non-community system,Ground water,Moore,PINEHURST,75,4,8,22
NC0299449,DEEP CREEK FRIENDS CHURCH,Transient non-community system,Ground water,Yadkin,YADKINVILLE,25,6,14,36
NC1087014,DEEP CREEK TUBE CENTER AND CAMPGROUND,Transient non-community system,Ground water,Swain,BRYSON CITY,120,3,3,3
NC0276494,DEEP RIVER CAMPGROUND,Transient non-community system,Ground water,Randolph,ASHEBORO,25,3,48,39
NC3079003,DEEP SPRINGS COUNTRY CLUB,Transient non-community system,Ground water,Rockingham,STONEVILLE,25,4,3,16
NC3079004,DEEP SPRINGS COUNTRY CLUB  NO 2,Transient non-community system,Ground water,Rockingham,STONEVILLE,25,5,13,17
NC0156432,DEER PARK RV CAMPGROUND,Transient non-community system,Ground water,McDowell,NEBO,100,3,15,20
NC1056022,DEER PARK RV CAMPGROUND #2,Transient non-community system,Ground water,McDowell,NEBO,40,5,8,20
NC0122413,DEERFIELD INN,Transient non-community system,Ground water,Clay,HAYESVILLE,25,4,31,25
NC1056020,DEERFIELD LAKE,Transient non-community system,Ground water,McDowell,MARION,70,3,51,32
NC0188543,DEERWOODE PRESERVE,Transient non-community system,Ground water,Transylvania,BREVARD,50,3,6,12
NC0157408,DESTINY CHURCH OF GOD,Transient non-community system,Ground water,Macon,FRANKLIN,65,3,61,33
NC1006002,DIAMOND CREEK CLUBHOUSE,Transient non-community system,Ground water,Avery,BANNER ELK,75,7,4,17
NC0111465,DILLINGHAM PRESBYTERIAN CHURCH,Transient non-community system,Ground water,Buncombe,BARNARDSVILLE,50,3,12,22
NC0160860,DIXIE GRILL & GROCERY,Transient non-community system,Ground water,Mecklenburg,CHARLOTTE,25,4,31,31
NC3099031,DOBBINS CREEK VINEYARDS,Transient non-community system,Ground water,Yadkin,,25,3,1,10
NC2036033,DOLLAR GENERAL,Transient non-community system,Ground water,Gaston,,25,2,1,16
NC3001035,DOLLAR GENERAL # 11418,Transient non-community system,Ground water,Alamance,SNOW CAMP,25,3,1,1
NC3041144,DOLLAR GENERAL #10129,Transient non-community system,Ground water,Guilford,PLEASANT GARDEN,25,2,1,5
NC1044028,DOLLAR GENERAL #12247,Transient non-community system,Ground water,Haywood,CANTON,100,3,26,16
NC1011059,DOLLAR GENERAL #13963,Transient non-community system,Ground water,Buncombe,LEICESTER,200,3,1,5
NC1006016,DOLLAR GENERAL #14483,Transient non-community system,Ground water,Avery,NEWLAND,200,2,1,4
NC4091011,DOLLAR GENERAL #14737,Transient non-community system,Ground water,Vance,HENDERSON,25,2,1,10
NC1056046,DOLLAR GENERAL #14888,Transient non-community system,Ground water,McDowell,MARION,200,3,1,9
NC4035021,DOLLAR GENERAL #15180,Transient non-community system,Ground water,Franklin,LOUISBURG,25,2,5,9
NC4039017,DOLLAR GENERAL #15695,Transient non-community system,Ground water,Granville,WILTON,25,3,0,4
NC1056044,DOLLAR GENERAL #15706,Transient non-community system,Ground water,McDowell,NEBO,200,2,1,3
NC1011058,DOLLAR GENERAL #16125,Transient non-community system,Ground water,Buncombe,CANDLER,200,2,1,4
NC1088035,DOLLAR GENERAL #16509,Transient non-community system,Ground water,Transylvania,BREVARD,200,2,0,3
NC4039016,DOLLAR GENERAL #16541,Transient non-community system,Ground water,Granville,OXFORD,25,2,1,7
NC3079036,DOLLAR GENERAL #16932,Transient non-community system,Ground water,Rockingham,MADISON,25,3,2,5
NC3099036,DOLLAR GENERAL #16942,Transient non-community system,Ground water,Yadkin,EAST BEND,25,3,0,7
NC3079035,DOLLAR GENERAL #16984,Transient non-community system,Ground water,Rockingham,REIDSVILLE,25,3,1,5
NC1011056,DOLLAR GENERAL #17201,Transient non-community system,Ground water,Buncombe,FLETCHER,100,3,2,7
NC0105511,DOLLAR GENERAL #17263,Transient non-community system,Ground water,Ashe,WARRENSVILLE,25,3,8,16
NC3097030,DOLLAR GENERAL #17265,Transient non-community system,Ground water,Wilkes,THURMOND,25,3,0,5
NC3001018,DOLLAR GENERAL #17285,Transient non-community system,Ground water,Alamance,BURLINGTON,50,3,5,8
NC1050080,DOLLAR GENERAL #17313,Transient non-community system,Ground water,Jackson,SYLVA,75,3,0,7
NC3001019,DOLLAR GENERAL #17591,Transient non-community system,Ground water,Alamance,GRAHAM,25,3,0,7
NC3095040,DOLLAR GENERAL #17616,Transient non-community system,Ground water,Watauga,BOONE,25,3,1,3
NC3095039,DOLLAR GENERAL #17619,Transient non-community system,Ground water,Watauga,BOONE,25,3,0,4
NC3001020,DOLLAR GENERAL #17651,Transient non-community system,Ground water,Alamance,GRAHAM,25,3,0,6
NC1056042,DOLLAR GENERAL #18037,Transient non-community system,Ground water,McDowell,MARION,200,3,4,8
NC4073024,DOLLAR GENERAL #18090,Transient non-community system,Ground water,Person,ROXBORO,25,3,2,8
NC1045042,DOLLAR GENERAL #18237,Transient non-community system,Ground water,Henderson,HENDERSONVILLE,200,3,0,7
NC2049043,DOLLAR GENERAL #18416,Transient non-community system,Ground water,Iredell,MOORESVILLE,25,3,0,12
NC3001022,DOLLAR GENERAL #18571,Transient non-community system,Ground water,Alamance,BURLINGTON,25,3,0,4
NC1061020,DOLLAR GENERAL #18574,Transient non-community system,Ground water,Mitchell,BAKERSVILLE,200,3,0,3
NC4035025,DOLLAR GENERAL #18665,Transient non-community system,Ground water,Franklin,LOUISBURG,25,3,1,9
NC2049044,DOLLAR GENERAL #19359,Transient non-community system,Ground water,Iredell,MOORESVILLE,25,3,0,13
NC3076029,DOLLAR GENERAL #19811,Transient non-community system,Ground water,Randolph,LEVEL CROSS,25,3,1,5
NC6027010,DOLLAR GENERAL #20253,Transient non-community system,Ground water,Currituck,KNOTTS ISLAND,25,3,0,6
NC1057023,DOLLAR GENERAL #20327,Transient non-community system,Ground water,Macon,HIGHLANDS,200,2,0,2
NC3041120,DOLLAR GENERAL #20363,Transient non-community system,Ground water,Guilford,COLFAX,25,3,3,6
NC4039019,DOLLAR GENERAL #20378,Transient non-community system,Ground water,Granville,OXFORD,25,3,0,2
NC3097029,DOLLAR GENERAL #20382,Transient non-community system,Ground water,Wilkes,BOOMER,25,3,1,3
NC1000016,DOLLAR GENERAL #20458,Transient non-community system,Ground water,Yancey,BURNSVILLE,200,3,0,6
NC3017053,DOLLAR GENERAL #20498,Transient non-community system,Ground water,Caswell,LEASBURG,25,3,0,3
NC3041124,DOLLAR GENERAL #20502,Transient non-community system,Ground water,Guilford,JULIAN,25,3,0,3
NC1011062,DOLLAR GENERAL #20560,Transient non-community system,Ground water,Buncombe,ASHEVILLE,200,3,0,7
NC3085008,DOLLAR GENERAL #20566,Transient non-community system,Ground water,Stokes,LAWSONVILLE,25,3,0,2
NC3086072,DOLLAR GENERAL #20776,Transient non-community system,Ground water,Surry,MT AIRY,25,3,1,6
NC4092204,DOLLAR GENERAL #21250,Transient non-community system,Ground water,Wake,WENDELL,25,3,0,4
NC3041125,DOLLAR GENERAL #21337,Transient non-community system,Ground water,Guilford,COLFAX,25,3,1,2
NC1088039,DOLLAR GENERAL #21507,Transient non-community system,Ground water,Transylvania,BREVARD,200,3,0,3
NC1011064,DOLLAR GENERAL #21759,Transient non-community system,Ground water,Buncombe,ARDEN,200,3,1,4
NC1020009,DOLLAR GENERAL #22094,Transient non-community system,Ground water,Cherokee,MURPHY,200,3,0,2
NC1087010,DOLLAR GENERAL #22423,Transient non-community system,Ground water,Swain,BRYSON CITY,200,2,1,6
NC3001026,DOLLAR GENERAL #22481,Transient non-community system,Ground water,Alamance,ALTAMAHAW,25,3,0,1
NC3041131,DOLLAR GENERAL #22526,Transient non-community system,Ground water,Guilford,GREENSBORO,25,3,1,3
NC3079040,DOLLAR GENERAL #22532,Transient non-community system,Ground water,Rockingham,REIDSVILLE,25,3,1,4
NC3017054,DOLLAR GENERAL #22537,Transient non-community system,Ground water,Caswell,PELHAM,25,3,0,2
NC3017055,DOLLAR GENERAL #22558,Transient non-community system,Ground water,Caswell,BURLINGTON,25,3,1,3
NC1087011,DOLLAR GENERAL #22714,Transient non-community system,Ground water,Swain,BRYSON CITY,200,3,0,3
NC6037000,DOLLAR GENERAL #22761,Transient non-community system,Ground water,Gates,CORAPEAKE,25,3,0,3
NC3076032,DOLLAR GENERAL #22861,Transient non-community system,Ground water,Randolph,ARCHDALE,25,3,1,3
NC4073027,DOLLAR GENERAL #22905,Transient non-community system,Ground water,Person,ROXBORO,100,2,0,1
NC1081032,DOLLAR GENERAL #23229,Transient non-community system,Ground water,Rutherford,MILL SPRING,200,3,0,2
NC3001027,DOLLAR GENERAL #23297,Transient non-community system,Ground water,Alamance,BURLINGTON,25,3,0,2
NC4039022,DOLLAR GENERAL #23358,Transient non-community system,Ground water,Granville,OXFORD,25,3,0,2
NC1011072,DOLLAR GENERAL #23461,Transient non-community system,Ground water,Buncombe,WEAVERVILLE,200,3,0,3
NC3005018,DOLLAR GENERAL #23542,Transient non-community system,Ground water,Ashe,GLENDALESPRINGS,25,3,0,3
NC3086073,DOLLAR GENERAL #23553,Transient non-community system,Ground water,Surry,PILOT MOUNTAIN,25,3,0,3
NC4035038,DOLLAR GENERAL #23621,Transient non-community system,Ground water,Franklin,FRANKLINTON,25,3,0,4
NC3003011,DOLLAR GENERAL #23736,Transient non-community system,Ground water,Alleghany,ENNICE,25,3,0,1
NC3041134,DOLLAR GENERAL #23737,Transient non-community system,Ground water,Guilford,GREENSBORO,25,3,1,1
NC5063026,DOLLAR GENERAL #23789,Transient non-community system,Ground water,Moore,SEAGROVE,75,3,0,3
NC1050090,DOLLAR GENERAL #23836,Transient non-community system,Ground water,Jackson,SYLVA,200,3,0,3
NC4064039,DOLLAR GENERAL #23949,Transient non-community system,Ground water,Nash,MIDDLESEX,25,3,0,4
NC3005019,DOLLAR GENERAL #24229,Transient non-community system,Ground water,Ashe,CRUMPLER,25,3,0,2
NC3079045,DOLLAR GENERAL #24704,Transient non-community system,Ground water,Rockingham,REIDSVILLE,25,3,0,1
NC3085009,DOLLAR GENERAL #24792,Transient non-community system,Ground water,Stokes,PINE HALL,25,3,0,1
NC3017057,DOLLAR GENERAL #25445,Transient non-community system,Ground water,Caswell,YANCEYVILLE,25,3,1,2
NC2080091,DOLLAR GENERAL #25502,Transient non-community system,Ground water,Rowan,ROCKWELL,25,3,0,1
NC1022011,DOLLAR GENERAL #25787,Transient non-community system,Ground water,Clay,WARNE,40,3,0,1
NC1044038,DOLLAR GENERAL #25788,Transient non-community system,Ground water,Haywood,CANTON,100,3,0,1
NC3076037,DOLLAR GENERAL #25967,Transient non-community system,Ground water,Randolph,SOPHIA,25,3,0,1
NC1022012,DOLLAR GENERAL #30113,Transient non-community system,Ground water,Clay,HAYESVILLE,40,3,0,1
NC2036045,DOLLAR GENERAL #30459,Transient non-community system,Ground water,Gaston,DALLAS,25,3,0,7
NC3097031,DOLLAR GENERAL #30804,Transient non-community system,Ground water,Wilkes,RONDA,25,3,0,1
NC7016050,DOLLAR GENERAL #30901,Transient non-community system,Ground water,Carteret,BEAUFORT,75,3,0,2
NC1057028,DOLLAR GENERAL #31019,Transient non-community system,Ground water,Macon,FRANKLIN,50,3,2,1
NC3079046,DOLLAR GENERAL #31021,Transient non-community system,Ground water,Rockingham,MADISON,25,3,0,2
NC3079047,DOLLAR GENERAL #31221,Transient non-community system,Ground water,Rockingham,REIDSVILLE,25,2,0,1
NC3097032,DOLLAR GENERAL #31280,Transient non-community system,Ground water,Wilkes,WILKESBORO,25,3,0,1
NC3076038,DOLLAR GENERAL #31382,Transient non-community system,Ground water,Randolph,JULIAN,25,3,1,1
NC1006017,DOLLAR GENERAL #31478,Transient non-community system,Ground water,Avery,NEWLAND,200,3,0,5
NC3086075,DOLLAR GENERAL #31569,Transient non-community system,Ground water,Surry,DOBSON,25,3,0,2
NC3086076,DOLLAR GENERAL #31893,Transient non-community system,Ground water,Surry,LOWGAP,25,4,0,1
NC1011041,DOLLAR GENERAL #423,Transient non-community system,Ground water,Buncombe,CANDLER,200,3,1,10
NC3041112,DOLLAR GENERAL #9353,Transient non-community system,Ground water,Guilford,CLIMAX,25,3,0,5
NC2080081,DOLLAR GENERAL - ATWELL,Transient non-community system,Ground water,Rowan,MOORESVILLE,25,3,0,8
NC3086071,DOLLAR GENERAL 19730,Transient non-community system,Ground water,Surry,STATE ROAD,25,3,1,6
NC3086070,DOLLAR GENERAL 19965,Transient non-community system,Ground water,Surry,MT AIRY,25,3,0,4
NC5082029,DOLLAR GENERAL 24905,Transient non-community system,Ground water,Sampson,ROSE HILL,75,3,1,8
NC2036035,DOLLAR GENERAL HWY 279 STORE 16652,Transient non-community system,Ground water,Gaston,BESSMER CITY,25,4,0,12
NC2080080,DOLLAR GENERAL HWY 601 STORE 16429,Transient non-community system,Ground water,Rowan,SALISBURY,25,3,2,12
NC4035032,DOLLAR GENERAL INGLESIDE,Transient non-community system,Ground water,Franklin,LOUISBURG,25,3,0,9
NC3017044,DOLLAR GENERAL NC 49,Transient non-community system,Ground water,Caswell,,25,4,5,11
NC3017051,DOLLAR GENERAL NC HWY 87,Transient non-community system,Ground water,Caswell,,25,3,3,5
NC4073025,DOLLAR GENERAL ROXBORO STORE #21332,Transient non-community system,Ground water,Person,ROXBORO,25,3,0,2
NC7010066,DOLLAR GENERAL STORE #11156,Transient non-community system,Ground water,Brunswick,BOLIVIA,75,3,3,8
NC3017052,DOLLAR GENERAL STORE #13809,Transient non-community system,Ground water,Caswell,SEMORA,25,3,2,6
NC3001016,DOLLAR GENERAL STORE #14901,Transient non-community system,Ground water,Alamance,SNOW CAMP,50,3,1,6
NC3001017,DOLLAR GENERAL STORE #15122,Transient non-community system,Ground water,Alamance,BELLMONT,50,3,0,4
NC3041105,DOLLAR GENERAL STORE #15343,Transient non-community system,Ground water,Guilford,BROWN SUMMITT,50,3,0,4
NC5026029,DOLLAR GENERAL STORE #15984,Transient non-community system,Ground water,Cumberland,,75,3,4,11
NC1057017,DOLLAR GENERAL STORE #16505,Transient non-community system,Ground water,Macon,,60,4,2,7
NC2049040,DOLLAR GENERAL STORE #16689,Transient non-community system,Ground water,Iredell,MOORESVILLE,25,4,0,24
NC7016044,DOLLAR GENERAL STORE #17043,Transient non-community system,Ground water,Carteret,SEA LEVEL,50,3,3,7
NC1057020,DOLLAR GENERAL STORE #17114,Transient non-community system,Ground water,Macon,FRANKLIN,75,4,3,10
NC1057021,DOLLAR GENERAL STORE #17200,Transient non-community system,Ground water,Macon,SCALY MTN,75,3,0,4
NC1088032,DOLLAR GENERAL STORE #17310,Transient non-community system,Ground water,Transylvania,,300,3,2,6
NC1022005,DOLLAR GENERAL STORE #17442,Transient non-community system,Ground water,Clay,HAYESVILLE,75,3,0,5
NC5026031,DOLLAR GENERAL STORE #17481,Transient non-community system,Ground water,Cumberland,FAYETTEVILLE,75,4,0,11
NC5026030,DOLLAR GENERAL STORE #17482,Transient non-community system,Ground water,Cumberland,FAYETTEVILLE,100,3,0,10
NC7024028,DOLLAR GENERAL STORE #18407,Transient non-community system,Ground water,Columbus,WHITEVILLE,50,3,1,5
NC1050082,DOLLAR GENERAL STORE #18789,Transient non-community system,Ground water,Jackson,TUCKASEGEE,200,3,1,5
NC2080084,DOLLAR GENERAL STORE #19670,Transient non-community system,Ground water,Rowan,CHINA GROVE,25,3,0,8
NC2080085,DOLLAR GENERAL STORE #20459,Transient non-community system,Ground water,Rowan,GOLD HILL,25,3,0,5
NC5026033,DOLLAR GENERAL STORE #20659,Transient non-community system,Ground water,Cumberland,FAYETTEVILLE,75,3,0,10
NC2018017,DOLLAR GENERAL STORE #21867,Transient non-community system,Ground water,Catawba,NEWTON,25,3,0,11
NC2055014,DOLLAR GENERAL STORE #23276,Transient non-community system,Ground water,Lincoln,VALE,25,3,0,9
NC7024030,DOLLAR GENERAL STORE #23400,Transient non-community system,Ground water,Columbus,WHITEVILLE,75,4,1,3
NC2080089,DOLLAR GENERAL STORE #24556,Transient non-community system,Ground water,Rowan,SALISBURY,25,2,0,1
NC0155582,DOLLAR GENERAL STORE #3216,Transient non-community system,Ground water,Lincoln,VALE,25,3,7,29
NC2080068,DOLLAR GENERAL STORE 11597,Transient non-community system,Ground water,Rowan,,25,3,8,18
NC2080087,DOLLAR GENERAL STORE 20477,Transient non-community system,Ground water,Rowan,WOODLEAF,25,3,0,7
NC2036039,DOLLAR GENERAL STORE 20482,Transient non-community system,Ground water,Gaston,KINGS MOUNTAIN,25,3,0,16
NC2036040,DOLLAR GENERAL STORE 21479,Transient non-community system,Ground water,Gaston,GASTONIA,25,3,0,15
NC1075016,DOLLAR GENERAL STORE-MILL SPRING,Transient non-community system,Ground water,Polk,MILL SPRING,100,3,0,15
NC2080086,DOLLAR GENERAL STORE_20632,Transient non-community system,Ground water,Rowan,ROCKWELL,25,3,0,9
NC6059017,DOMTAR PAPER CO - MOBILE EQUIPMENT,Transient non-community system,Ground water,Martin,PLYMOUTH,25,3,0,10
NC2036036,DOT I-85 EXIT 13 WEIGH STATION,Transient non-community system,Ground water,Gaston,BESSEMER CITY,50,3,0,7
NC0195497,DOT-BLOWING ROCK RA US 221 W,Transient non-community system,Ground water,Watauga,BLOWING ROCK,40,4,6,23
NC0187575,DOT-BRYSON CITY LIC RENEW CTR,Transient non-community system,Ground water,Swain,BRYSON CITY,25,3,5,15
NC0416402,DOT-CEDAR ISLAND FERRY TERM,Transient non-community system,Ground water,Carteret,CEDAR ISLAND,200,9,10,46
NC0465508,DOT-FT FISHER FERRY,Transient non-community system,Ground water,New Hanover,KURE BEACH,500,5,10,18
NC0442557,DOT-HALIFAX CO WEIGH ST NBL,Transient non-community system,Ground water,Halifax,ENFIELD,25,4,21,17
NC0442558,DOT-HALIFAX CO WEIGH ST SBL,Transient non-community system,Ground water,Halifax,ENFIELD,25,6,34,24
NC0448403,DOT-HATTERAS FERRY SOUTH DOCK,Transient non-community system,Ground water,Hyde,OCRACOKE,100,4,4,20
NC0144121,DOT-I-40 REST AREA WBL,Transient non-community system,Ground water,Haywood,WAYNESVILLE,"1,000",12,24,16
NC0286528,DOT-SURRY CO I-77 WEIGH ST NBL,Transient non-community system,Ground water,Surry,MT AIRY,200,3,8,14
NC0286529,DOT-SURRY CO I-77 WEIGH ST SBL,Transient non-community system,Ground water,Surry,MT AIRY,200,4,13,29
NC3099042,DOUBLE BLUFF RECREATION AREA,Transient non-community system,Ground water,Yadkin,JONESVILLE,25,3,0,2
NC3086025,DOUBLE CREEK CHURCH OF CHRIST,Transient non-community system,Ground water,Surry,DOBSON,50,4,4,12
NC0241556,DOUBLE D BURNOUT SALOON,Transient non-community system,Ground water,Guilford,KERNERSVILLE,25,3,39,12
NC0100438,DOUBLE ISLAND BAPTIST CHURCH,Transient non-community system,Ground water,Yancey,GREEN MOUNTAIN,125,3,35,15
NC0382700,DOUG WILSON LABOR CAMP  NO 1,Transient non-community system,Ground water,Sampson,CLINTON,110,3,23,22
NC0382702,DOUG WILSON LABOR CAMP  NO 3,Transient non-community system,Ground water,Sampson,CLINTON,25,3,19,22
NC0103445,DOUGHTON PARK LODGE AND RESTAURANT,Transient non-community system,Ground water,Alleghany,BLUE RIDGE PKY,25,4,7,25
NC0103444,DOUGHTON PARK--CAMPGROUND,Transient non-community system,Ground water,Alleghany,BLUE RIDGE PKY,400,4,3,23
NC0363414,DOVER BAPTIST CHURCH,Transient non-community system,Ground water,Moore,ROBBINS,150,3,22,31
NC0102557,DOVER BAPTIST CHURCH,Transient non-community system,Ground water,Alexander,TAYLORSVILLE,120,3,1,28
NC0106490,DOWN BY THE RIVER CAMPGROUND,Transient non-community system,Ground water,Avery,PINEOLA,188,4,32,22
NC0138433,DRY CREEK BAPTIST CHURCH,Transient non-community system,Ground water,Graham,ROBBINSVILLE,25,2,8,14
NC0150483,DUCK HAWK PROVISIONS,Transient non-community system,Ground water,Jackson,CASHIERS,150,3,13,21
NC0235457,DUKE MEMORIAL BAPTIST CHURCH,Transient non-community system,Ground water,Franklin,SPRING HOPE,60,3,11,23
NC0160457,DULINS GROVE ADVENT CHRISTIAN,Transient non-community system,Ground water,Mecklenburg,CHARLOTTE,40,4,12,37
NC0180689,DUNN'S MOUNTAIN COMMUNITY CHURCH,Transient non-community system,Ground water,Rowan,SALISBURY,55,4,11,29
NC2080049,DUNNS MOUNTAIN PARK,Transient non-community system,Ground water,Rowan,SALISBURY,28,4,1,16
NC7031009,DUPLIN COUNTRY CLUB,Transient non-community system,Ground water,Duplin,KENANSVILLE,150,3,7,7
NC1088047,DUPONT CAMPGROUND,Transient non-community system,Ground water,Transylvania,HENDERSONVILLE,75,3,1,4
NC1088038,DUPONT STATE FOREST HOOKER FALLS ACCESS,Transient non-community system,Ground water,Transylvania,BREVARD,100,3,1,7
NC1088014,DUPONT STATE FOREST VISITOR'S CENTER,Transient non-community system,Ground water,Transylvania,,30,5,2,16
NC1045056,DUPONT STATE FOREST-GUION FARM ACCESS AR,Transient non-community system,Ground water,Henderson,HENDERSONVILLE,50,3,0,1
NC1088048,DUPONT YURT AND KANTEEN,Transient non-community system,Ground water,Transylvania,PISGAH FOREST,50,3,0,2
NC2002002,DUSTY RIDGE PARK,Transient non-community system,Ground water,Alexander,TAYLORSVILLE,25,3,0,10
NC0144405,DUTCH COVE BAPTIST CHURCH,Transient non-community system,Ground water,Haywood,CANTON,125,3,21,21
NC4392620,DUTCHMAN DOWNS SWIM CLUB POOL,Transient non-community system,Ground water,Wake,RALEIGH,40,2,30,19
NC0180759,DUTCHMAN`S POINT CAMPGROUND,Transient non-community system,Ground water,Rowan,SALISBURY,30,3,3,25
NC0156454,DYSARTSVILLE BAPTIST CHURCH,Transient non-community system,Ground water,McDowell,NEBO,50,5,21,25
NC1056008,DYSARTSVILLE CHEVRON/RESTAURANT,Transient non-community system,Ground water,McDowell,NEBO,150,3,7,12
NC2090004,EAGLE CHASE GOLF CLUB,Transient non-community system,Ground water,Union,MARSHVILLE,25,4,5,13
NC7065013,EAGLE ISLAND FRUIT & SEAFOOD,Transient non-community system,Ground water,New Hanover,WILMINGTON,200,4,10,21
NC0363481,EAGLE SPRINGS BAPTIST CHURCH,Transient non-community system,Ground water,Moore,EAGLE SPRINGS,75,5,50,24
NC0188435,EAGLES NEST FOUNDATION,Transient non-community system,Ground water,Transylvania,PISGAN FOREST,220,6,3,17
NC1088019,EAGLES NEST FOUNDATION #2,Transient non-community system,Ground water,Transylvania,PISGHA FOREST,220,3,1,4
NC0188561,EARTHSHINE LODGE,Transient non-community system,Ground water,Transylvania,LAKE TOXAWAY,100,5,23,16
NC4064018,EAST COAST MIGRANT HS PROJECT,Transient non-community system,Ground water,Nash,BAILEY,75,3,0,19
NC0383448,EAST COAST UMBRELLA,Transient non-community system,Ground water,Scotland,LAUREL HILL,25,3,20,20
NC0188407,EAST FORK BAPTIST CHURCH,Transient non-community system,Ground water,Transylvania,BREVARD,80,3,4,12
NC0144529,EAST FORK BAPTIST CHURCH,Transient non-community system,Ground water,Haywood,CANTON,130,3,8,15
NC0150546,EAST LAPORTE RECREATION PARK,Transient non-community system,Ground water,Jackson,CULLOWHEE,25,4,20,20
NC0155502,EAST LINCOLN MISSIONARY BAPT,Transient non-community system,Ground water,Lincoln,IRON STATION,35,3,38,51
NC0416502,EASTERN PARK,Transient non-community system,Ground water,Carteret,SMYRNA,200,3,13,16
NC7016014,EASTERN PARK ANNEX,Transient non-community system,Ground water,Carteret,SMYRNA,200,6,15,15
NC0180502,EASTSIDE BAPT CHURCH,Transient non-community system,Ground water,Rowan,SALISBURY,55,3,36,54
NC0149572,EASTSIDE BAPTIST CHURCH,Transient non-community system,Ground water,Iredell,MOORESVILLE,110,4,30,55
NC0155494,EASTWIND UNITED PENTECOSTAL CH,Transient non-community system,Ground water,Lincoln,IRON STATION,25,3,39,32
NC0285440,EASY EATS,Transient non-community system,Ground water,Stokes,WESTFIELD,25,6,8,37
NC0368402,EBENEZER BAPTIST CHURCH,Transient non-community system,Ground water,Orange,HILLSBOROUGH,800,4,34,24
NC0180638,EBENEZER LUTHERAN CHURCH,Transient non-community system,Ground water,Rowan,CHINA GROVE,165,4,17,48
NC0118414,EBENEZER METH CHURCH,Transient non-community system,Ground water,Catawba,VALE,55,3,21,30
NC0279413,EDEN UNITED METHODIST CH,Transient non-community system,Ground water,Rockingham,MADISON,60,4,15,12
NC0145531,EDNEYVILLE UMC,Transient non-community system,Ground water,Henderson,EDNEYVILLE,70,3,5,13
NC0410562,EL GRILL,Transient non-community system,Ground water,Brunswick,SUPPLY,35,4,17,13
NC0155577,EL SHADDAI FULL GOSPEL CHURCH,Transient non-community system,Ground water,Lincoln,IRON STATION,35,3,22,29
NC7016048,EL'S EAST,Transient non-community system,Ground water,Carteret,SMYRNA,30,4,1,1
NC0201417,ELI WHITNEY RECREATION CENTER,Transient non-community system,Ground water,Alamance,GRAHAM,25,3,32,27
NC3001021,ELI'S KITCHEN,Transient non-community system,Ground water,Alamance,GRAHAM,25,4,0,8
NC0428489,ELIZABETHAN GARDENS,Transient non-community system,Ground water,Dare,MANTEO,200,4,14,22
NC0197474,ELK BAPTIST CHURCH,Transient non-community system,Ground water,Wilkes,FERGUSON,25,3,21,9
NC3095021,ELK KNOB STATE PARK VISITOR OFFICE,Transient non-community system,Ground water,Watauga,,25,3,0,7
NC0106418,ELK VALLEY BAPTIST CHURCH,Transient non-community system,Ground water,Avery,BANNER ELK,50,2,8,16
NC0363596,ELLIOTT`S ON LINDEN,Transient non-community system,Ground water,Moore,PINEHURST,70,3,23,21
NC0180584,ELLIS PARK,Transient non-community system,Ground water,Rowan,SALISBURY,100,3,7,38
NC0279468,ELLISBORO BAPTIST CHURCH,Transient non-community system,Ground water,Rockingham,MADISON,25,3,12,26
NC0279613,ELM GROVE BAPTIST CHURCH,Transient non-community system,Ground water,Rockingham,REIDSVILLE,200,4,8,20
NC0160463,ELON PARK,Transient non-community system,Ground water,Mecklenburg,CHARLOTTE,25,4,2,32
NC1061007,EMERALD VILLAGE,Transient non-community system,Ground water,Mitchell,LITTLE SWITZERLAND,25,3,16,14
NC0363541,EMMANUEL BAPTIST CHURCH,Transient non-community system,Ground water,Moore,CARTHAGE,150,4,25,30
NC0145532,EMMANUEL BAPTIST CHURCH,Transient non-community system,Ground water,Henderson,HORSE SHOE,45,3,14,15
NC4392452,ENCHANTED OAKS POOL HOA,Transient non-community system,Ground water,Wake,RALEIGH,75,4,19,12
NC0187604,ENDLESS RIVER ADVENTURES,Transient non-community system,Ground water,Swain,BRYSON CITY,75,3,19,13
NC3041145,ENGLISH ROSE COFFEE AND TEA HOUSE,Transient non-community system,Ground water,Guilford,PLEASANT GARDEN,25,3,1,6
NC0332550,ENO RIVER ST PARK,Transient non-community system,Ground water,Durham,DURHAM,150,7,19,21
NC0180690,ENOCHVILLE CHURCH OF GOD,Transient non-community system,Ground water,Rowan,KANNAPOLIS,50,3,19,41
NC0158403,ENON BAPTIST CHURCH,Transient non-community system,Ground water,Madison,MARSHALL,100,4,3,13
NC0239455,ENON BAPTIST CHURCH,Transient non-community system,Ground water,Granville,OXFORD,90,5,12,14
NC0188417,ENON BAPTIST CHURCH,Transient non-community system,Ground water,Transylvania,PISGAH FOREST,115,5,10,25
NC0273474,EPHESUS BAPTIST CHURCH,Transient non-community system,Ground water,Person,SEMORA,100,6,7,18
NC0464554,EPHESUS BAPTIST CHURCH,Transient non-community system,Ground water,Nash,SPRING HOPE,100,3,8,13
NC0145534,EPISCOPAL CH OF THE TRANSFIGUR,Transient non-community system,Ground water,Henderson,BAT CAVE,75,7,12,20
NC0382538,EPISCOPAL FARMWORKER MINISTRY,Transient non-community system,Ground water,Sampson,NEWTON GROVE,75,3,15,20
NC0363575,ESTES TRUCKING COMPANY,Transient non-community system,Ground water,Moore,ABERDEEN,50,3,11,17
NC1038001,ETERNAL BELIEVERS MIS. BAPTIST,Transient non-community system,Ground water,Graham,FONTANA DAM,40,3,1,11
NC2049023,EUFOLA BAPTIST CHURCH,Transient non-community system,Ground water,Iredell,STATEVILLE,350,3,2,29
NC5026024,EUREKA SPRINGS TRAINING SITE,Transient non-community system,Ground water,Cumberland,SPRING LAKE,50,4,4,13
NC0392586,EVANGEL PENT HOLINESS CH,Transient non-community system,Ground water,Wake,FUQUAY VARINA,45,4,29,14
NC0326740,EVERGREEN BAPTIST CHURCH,Transient non-community system,Ground water,Cumberland,AUTRYVILLE,75,4,11,23
NC0382462,EVERGREEN MISSIONARY BAPT CH,Transient non-community system,Ground water,Sampson,ROSE HILL,50,4,10,23
NC0382545,EZZELL TRUCKING INC,Transient non-community system,Ground water,Sampson,HARRELLS,50,4,48,24
NC0190548,FAIRFIELD BAPTIST CHURCH,Transient non-community system,Ground water,Union,MARSHVILLE,50,4,49,30
NC0363512,FAIRVIEW BAPTIST CHURCH,Transient non-community system,Ground water,Moore,WEST END,50,5,16,26
NC0181403,FAIRVIEW BAPTIST CHURCH,Transient non-community system,Ground water,Rutherford,BOSTIC,90,3,5,16
NC0279450,FAIRVIEW BAPTIST CHURCH,Transient non-community system,Ground water,Rockingham,REIDSVILLE,125,4,18,17
NC3086022,FAIRVIEW BAPTIST CHURCH,Transient non-community system,Ground water,Surry,DOBSON,25,4,15,21
NC0286659,"FAIRVIEW CHURCH OF SHOALS, INC.",Transient non-community system,Ground water,Surry,PINNACLE,25,4,5,8
NC3086015,FAIRVIEW QUICK STOP,Transient non-community system,Ground water,Surry,DOBSON,25,5,10,15
NC0155532,FAITH BAPTIST CHURCH,Transient non-community system,Ground water,Lincoln,IRON STATION,100,4,4,31
NC0175410,FAITH BAPTIST CHURCH,Transient non-community system,Ground water,Polk,MILL SPRING,100,3,6,25
NC0118767,FAITH BAPTIST CHURCH,Transient non-community system,Ground water,Catawba,NEWTON,50,4,22,57
NC0188478,FAITH BAPTIST CHURCH,Transient non-community system,Ground water,Transylvania,LAKE TOXAWAY,25,3,9,16
NC0392759,FAITH BIBLE FELLOWSHIP,Transient non-community system,Ground water,Wake,RALEIGH,75,4,26,13
NC3099019,FAITH COMMUNITY CHURCH,Transient non-community system,Ground water,Yadkin,EAST BEND,25,3,20,12
NC0299560,FAITH FELLOWSHIP CHURCH,Transient non-community system,Ground water,Yadkin,YADKINVILLE,70,4,13,16
NC1000004,FAITH FELLOWSHIP CHURCH,Transient non-community system,Ground water,Yancey,MICAVILLE,125,3,14,11
NC0156442,FAITH MISSION BAPTIST CHURCH,Transient non-community system,Ground water,McDowell,MARION,85,3,2,19
NC0299426,FALL CREEK BAPTIST CHURCH,Transient non-community system,Ground water,Yadkin,JONESVILLE,300,4,5,16
NC0454450,FALLING CREEK COUNTRY CLUB,Transient non-community system,Ground water,Lenoir,KINSTON,250,3,8,36
NC0187616,FALLING WATERS RESORT (LODGE),Transient non-community system,Ground water,Swain,BRYSON CITY,44,3,71,14
NC0187617,FALLING WATERS RESORT (YURT),Transient non-community system,Ground water,Swain,BRYSON CITY,39,3,75,14
NC4392525,FALLS LAKE CONGREGATION,Transient non-community system,Ground water,Wake,RALEIGH,100,4,43,17
NC4392403,FALLS LAKE MANAGEMENT CENTER,Transient non-community system,Ground water,Wake,WAKE FOREST,25,3,3,23
NC4392121,FALLS LAKE SRA - BEAVER DAM,Transient non-community system,Ground water,Wake,WAKE FOREST,100,7,12,20
NC4392416,FALLS LAKE SRA - BW WELLS,Transient non-community system,Ground water,Wake,WAKE FOREST,50,4,9,17
NC0392767,FALLS LAKE SRA - HWY 50 BOAT LAUNCH,Transient non-community system,Ground water,Wake,WAKE FOREST,25,4,15,16
NC0392788,FALLS LAKE SRA- SANDLING BEACH,Transient non-community system,Ground water,Wake,WAKE FOREST,25,8,10,20
NC4392149,FALLS LAKE SRA-HOLLY POINT,Transient non-community system,Ground water,Wake,WAKE FOREST,254,10,7,16
NC2055013,FAMILY DOLLAR #10815,Transient non-community system,Ground water,Lincoln,IRON STATION,25,3,5,24
NC3041029,FAMILY MEDICINE OF SUMMERFIELD,Transient non-community system,Ground water,Guilford,SUMMERFIELD,25,5,0,18
NC0156543,FAMOUS LOUISE ROCKHOUSE RT,Transient non-community system,Ground water,McDowell,LINVILLE FALLS,100,3,1,12
NC0136892,FANCY HILL BAPTIST CHURCH,Transient non-community system,Ground water,Gaston,DALLAS,75,3,16,55
NC4092227,FANTASY LAKE ADVENTURE PARK,Transient non-community system,Ground water,Wake,ROLESVILLE,150,3,1,1
NC0276460,FARMER MISSIONARY BAPT CHURCH,Transient non-community system,Ground water,Randolph,ASHEBORO,40,4,13,17
NC0368433,FARMHOUSE RESTAURANT,Transient non-community system,Ground water,Orange,CHAPEL HILL,50,4,97,23
NC0279741,FARRIS MEMORIAL PARK,Transient non-community system,Ground water,Rockingham,MAYODAN,25,3,27,17
NC2080072,FATHER & SON PRODUCE MARKET,Transient non-community system,Ground water,Rowan,SALISBURY,25,3,0,10
NC4064033,FAULKNER`S STORE,Transient non-community system,Ground water,Nash,RED OAK,50,3,9,14
NC5326413,FED EX FREIGHT,Transient non-community system,Ground water,Cumberland,HOPE MILLS,30,3,18,18
NC0239446,FELLOWSHIP BAPTIST CHURCH,Transient non-community system,Ground water,Granville,CREEDMOOR,95,3,8,9
NC2049025,FELLOWSHIP BAPTIST CHURCH,Transient non-community system,Ground water,Iredell,TROUTMAN,50,3,8,25
NC0155574,FELLOWSHIP BAPTIST CHURCH,Transient non-community system,Ground water,Lincoln,MAIDEN,25,3,3,26
NC0392587,FELLOWSHIP BAPTIST CHURCH,Transient non-community system,Ground water,Wake,WILLOW SPRINGS,250,4,17,14
NC0184547,FELLOWSHIP BAPTIST CHURCH,Transient non-community system,Ground water,Stanly,ALBEMARLE,25,3,2,22
NC1087001,FEREBEE MEMORIAL PARK,Transient non-community system,Ground water,Swain,BRYSON CITY,500,3,18,21
NC0144598,FERGUSON SUPPLY & DELI,Transient non-community system,Ground water,Haywood,CLYDE,150,4,61,39
NC0149406,FERN HILL BAPT CHURCH,Transient non-community system,Ground water,Iredell,MOORESVILLE,50,4,35,29
NC0319443,FIDDLESTIX AT JORDAN LAKE,Transient non-community system,Ground water,Chatham,PITTSBORO,50,4,7,10
NC0120453,FIELDS OF THE WOOD,Transient non-community system,Ground water,Cherokee,MURPHY,25,3,28,12
NC0368480,FIESTA GRILL,Transient non-community system,Ground water,Orange,CHAPEL HILL,75,3,18,17
NC0144460,FINES CRK MEM BAPT CHURCH,Transient non-community system,Ground water,Haywood,CLYDE,40,3,24,23
NC0145530,FIRESIDE GOLF RANGE,Transient non-community system,Ground water,Henderson,HENDERSONVILLE,25,3,28,21
NC0241441,FIRST BAPTIST CHURCH,Transient non-community system,Ground water,Guilford,SUMMERFIELD,400,3,5,14
NC2080048,FIRST BAPTIST CHURCH OF GOLD HILL,Transient non-community system,Ground water,Rowan,,60,3,2,14
NC2080020,FIRST BAPTIST OF ENOCHVILLE,Transient non-community system,Ground water,Rowan,KANNAPOLIS,80,3,8,32
NC0181519,FIRST BROAD BAPTIST CHURCH,Transient non-community system,Ground water,Rutherford,BOSTIC,90,5,11,15
NC0332580,FIRST LEDGE ROCK BAPTIST CH,Transient non-community system,Ground water,Durham,DURHAM,30,3,28,16
NC0464573,FISHER`S MIGRANT LABOR CAMP,Transient non-community system,Ground water,Nash,WHITAKERS,100,4,27,20
NC0368434,FIVE FORKS BAPT CHURCH,Transient non-community system,Ground water,Orange,CEDAR GROVE,165,4,8,14
NC0201595,FIVE POINTS GROCERY & GRILL,Transient non-community system,Ground water,Alamance,BURLINGTON,25,5,16,13
NC0190509,FLAG BRANCH BAPTIST CHURCH,Transient non-community system,Ground water,Union,MONROE,60,5,29,33
NC0150184,FLAMING ARROW CAMPGROUND,Transient non-community system,Ground water,Jackson,CHEROKEE,203,4,10,30
NC0111449,FLAT CREEK BAPTIST CHURCH,Transient non-community system,Ground water,Buncombe,WEAVERVILLE,109,3,6,18
NC0299438,FLAT ROCK BAPTIST CHURCH,Transient non-community system,Ground water,Yadkin,HAMPTONVILLE,25,3,10,12
NC0363502,FLINT HILL BAPTIST CHURCH,Transient non-community system,Ground water,Moore,ROBBINS,100,5,17,25
NC3099028,FLINT HILL VINEYARD,Transient non-community system,Ground water,Yadkin,,25,3,6,7
NC0195132,FLINTLOCK CAMPGROUND,Transient non-community system,Ground water,Watauga,BOONE,245,4,26,31
NC0286654,FLIPPIN MEMORIAL BAPTIST CH,Transient non-community system,Ground water,Surry,MT AIRY,50,4,1,10
NC1012036,FONTA FLORA - WHIPPOORWILL FARM,Transient non-community system,Ground water,Burke,NEBO,50,6,0,2
NC1012034,FONTA FLORA COUNTY PARK,Transient non-community system,Ground water,Burke,LINVILLE,40,3,3,6
NC0197512,FOOD FAIR 2,Transient non-community system,Ground water,Wilkes,FERGUSON,25,3,23,14
NC0285525,FOOT HILLS MARKET & GRILL INC,Transient non-community system,Ground water,Stokes,MADISON,25,5,30,19
NC1075018,FOOTHILLS COMMUNITY CHAPEL,Transient non-community system,Ground water,Polk,COLUMBUS,300,3,0,2
NC0197547,FOOTHILLS DELI/GROCERY,Transient non-community system,Ground water,Wilkes,THURMOND,25,4,10,19
NC0299507,FORBUSH BAPTIST CHURCH,Transient non-community system,Ground water,Yadkin,YADKINVILLE,70,4,15,20
NC4092189,FOREST RIDGE PARK,Transient non-community system,Ground water,Wake,RALEIGH,25,4,1,4
NC1081017,FORK CREEK BAPTIST CHURCH,Transient non-community system,Ground water,Rutherford,UNION MILLS,60,3,4,8
NC5026012,FORT BRAGG RANGE-33,Transient non-community system,Ground water,Cumberland,FORT BRAGG,25,4,2,13
NC5047004,FORT BRAGG RANGE-63,Transient non-community system,Ground water,Hoke,FORT BRAGG,25,5,3,15
NC5047005,FORT BRAGG RANGE-74,Transient non-community system,Ground water,Hoke,FORT BRAGG,25,4,3,14
NC5047007,FORT BRAGG RANGE-79,Transient non-community system,Ground water,Hoke,FORT BRAGG,25,4,2,13
NC5026011,FORT BRAGG-RANGE 30,Transient non-community system,Ground water,Cumberland,FORT BRAGG,25,5,3,14
NC0197543,FORT HAMBY PARK,Transient non-community system,Ground water,Wilkes,WILKESBORO,50,3,8,14
NC0150185,FORT WILDERNESS CAMPGROUND,Transient non-community system,Ground water,Jackson,WHITTIER,191,5,31,27
NC0235539,FOY MART  NO 1,Transient non-community system,Ground water,Franklin,SPRING HOPE,75,3,19,14
NC0180567,FRANKLIN BAPTIST CHURCH,Transient non-community system,Ground water,Rowan,SALISBURY,140,4,0,27
NC1057015,FRANKLIN LDS CHURCH,Transient non-community system,Ground water,Macon,FRANKLIN,70,4,4,10
NC0180613,FRANKLIN PRESBYTERIAN CHURCH,Transient non-community system,Ground water,Rowan,SALISBURY,50,3,14,45
NC0234461,FRATERNITY CH OF THE BRETHREN,Transient non-community system,Ground water,Forsyth,WINSTON SALEM,25,3,9,21
NC0392972,FRAZIER STORE INC,Transient non-community system,Ground water,Wake,WAKE FOREST,30,4,6,19
NC7024010,FREEWILL PENTECOSTAL HOLINESS,Transient non-community system,Ground water,Columbus,LAKE WACCAMAW,35,3,0,9
NC1058024,FRENCH BROAD ADVENTURES,Transient non-community system,Ground water,Madison,MARSHALL,50,4,14,22
NC0286510,FRESH START MINISTRIES,Transient non-community system,Ground water,Surry,WESTFIELD,60,4,10,22
NC0102560,FRIENDLY BAPTIST CHURCH,Transient non-community system,Ground water,Alexander,TAYLORSVILLE,30,3,0,26
NC0286443,FRIENDLY CHAPEL CHURCH,Transient non-community system,Ground water,Surry,PILOT MOUNTAIN,25,4,0,12
NC0285452,FRIENDSHIP BAPT CHURCH,Transient non-community system,Ground water,Stokes,GERMANTON,25,4,23,15
NC0276469,FRIENDSHIP BAPTIST CHURCH,Transient non-community system,Ground water,Randolph,ASHEBORO,25,3,4,17
NC0299493,FRIENDSHIP BAPTIST CHURCH,Transient non-community system,Ground water,Yadkin,EAST BEND,25,3,8,12
NC0136423,FRIENDSHIP BAPTIST CHURCH,Transient non-community system,Ground water,Gaston,BELMONT,200,6,6,31
NC0201509,FRIENDSHIP CHURCH,Transient non-community system,Ground water,Alamance,BURLINGTON,80,4,44,19
NC0118742,FRIENDSHIP METHODIST CHURCH,Transient non-community system,Ground water,Catawba,NEWTON,140,3,1,25
NC0113509,FRIENDSHIP UMC,Transient non-community system,Ground water,Cabarrus,CONCORD,65,4,16,41
NC0428422,FRISCO CAMPGROUND,Transient non-community system,Ground water,Dare,FRISCO,406,8,0,20
NC0190539,FRONTIER MEATS,Transient non-community system,Ground water,Union,WAXHAW,50,3,5,19
NC0150536,FRONTIER TRADING POST,Transient non-community system,Ground water,Jackson,WHITTIER,35,3,6,13
NC0195145,FRONTIER VILLAGE I (WELL 1),Transient non-community system,Ground water,Watauga,BOONE,25,4,0,21
NC0195146,FRONTIER VILLAGE I (WELL 2),Transient non-community system,Ground water,Watauga,BOONE,25,4,5,22
NC0195148,FRONTIER VILLAGE I (WELL 4),Transient non-community system,Ground water,Watauga,BOONE,25,4,2,23
NC0195149,FRONTIER VILLAGE II (WELL 1),Transient non-community system,Ground water,Watauga,BOONE,25,4,3,18
NC0195150,FRONTIER VILLAGE II (WELL 2),Transient non-community system,Ground water,Watauga,BOONE,25,4,4,17
NC0195158,FRONTIER VILLAGE III,Transient non-community system,Ground water,Watauga,BOONE,25,5,3,23
NC0326926,FRONTLINE CHURCH,Transient non-community system,Ground water,Cumberland,FAYETTEVILLE,50,3,16,23
NC0145542,FRUITLAND BAPTIST CHURCH,Transient non-community system,Ground water,Henderson,HENDERSONVILLE,200,3,1,10
NC4392625,FUENTE DE SALVACION,Transient non-community system,Ground water,Wake,GARNER,50,3,2,10
NC0188588,FULL GOSPEL CHURCH,Transient non-community system,Ground water,Transylvania,BREVARD,65,3,20,10
NC0285416,FULP MORAVIAN CHURCH,Transient non-community system,Ground water,Stokes,WALNUT COVE,105,3,7,12
NC4392627,FUQUAY-VARINA CHURCH OF CHRIST,Transient non-community system,Ground water,Wake,FUQUAY VARINA,150,3,16,20
NC0190431,FURNITURE FACTORY OUTLET WORLD,Transient non-community system,Ground water,Union,WAXHAW,25,5,3,23
NC0158482,GABRIELS CREEK BAPTIST CHURCH,Transient non-community system,Ground water,Madison,MARS HILL,100,3,16,17
NC0155525,GAINSVILLE BAPTIST CHURCH,Transient non-community system,Ground water,Lincoln,LINCOLNTON,100,4,4,28
NC0326858,GALATIA PRESBYTERIAN CHURCH,Transient non-community system,Ground water,Cumberland,FAYETTEVILLE,150,3,29,26
NC0190516,GALILEE BAPTIST CHURCH,Transient non-community system,Ground water,Union,MONROE,100,5,149,37
NC3095029,GAMEKEEPER,Transient non-community system,Ground water,Watauga,,25,8,6,9
NC1050092,GANA SITA,Transient non-community system,Ground water,Jackson,CASHIERS,44,5,0,2
NC0424605,GAPWAY BAPT CHURCH,Transient non-community system,Ground water,Columbus,TABOR CITY,25,4,27,16
NC4392496,GARNER CHURCH OF GOD,Transient non-community system,Ground water,Wake,GARNER,150,3,17,15
NC0392845,GARNER COUNTRY CLUB,Transient non-community system,Ground water,Wake,GARNER,25,3,17,16
NC0136937,GASTON CHRISTIAN CHURCH,Transient non-community system,Ground water,Gaston,BELMONT,100,5,24,49
NC0136466,GASTONIA MUNICIPAL AIRPORT,Transient non-community system,Ground water,Gaston,GASTONIA,25,4,17,42
NC0273481,GATEWAY BAPTIST CHURCH,Transient non-community system,Ground water,Person,ROUGEMONT,25,2,24,10
NC0150474,GATEWAY FLEA MARKET,Transient non-community system,Ground water,Jackson,WHITTIER,25,3,2,16
NC0187477,GEAR HEAD INN,Transient non-community system,Ground water,Swain,CHEROKEE,25,3,5,24
NC0161432,GEM MOUNTAIN STORE & MUSEUM,Transient non-community system,Ground water,Mitchell,SPRUCE PINE,100,3,11,13
NC2080037,GENESIS BAPTIST CHURCH,Transient non-community system,Ground water,Rowan,CHINA GROVE,60,4,2,24
NC3099010,GENTRY FAMILY FUNERAL SERV  NO 2,Transient non-community system,Ground water,Yadkin,JONESVILLE,25,4,10,15
NC3099007,GENTRY FAMILY FUNERAL SERVICE,Transient non-community system,Ground water,Yadkin,YADKINVILLE,25,4,19,12
NC0416467,GEORGE'S TAKEOUT,Transient non-community system,Ground water,Carteret,SMYRNA,100,5,8,14
NC1011033,GEORGETOWN BAPTIST CHURCH/FELLOWSHIPHALL,Transient non-community system,Ground water,Buncombe,LEICESTER,100,3,38,13
NC0122401,GIBSON COVE CAMPGROUND,Transient non-community system,Ground water,Clay,HAYESVILLE,75,4,15,22
NC0217422,GIBSONVILLE EXXON,Transient non-community system,Ground water,Caswell,GIBSONVILLE,25,5,10,28
NC0190576,GILBOA UMC,Transient non-community system,Ground water,Union,MARSHVILLE,35,4,10,23
NC0161408,GILLESPIE GAP MAINTENANCE,Transient non-community system,Ground water,Mitchell,SPRUCE PINE,250,5,3,24
NC0113448,GILWOOD PRESBYTERIAN,Transient non-community system,Ground water,Cabarrus,CONCORD,70,3,21,37
NC3079042,GIOIA DELL'AMORE CELLARS PAVILION,Transient non-community system,Ground water,Rockingham,MAYODON,25,3,2,2
NC3079041,GIOIA DELL'AMORE CELLARS TASTING ROOM,Transient non-community system,Ground water,Rockingham,MAYODAN,25,3,2,2
NC0188587,GLADE CREEK BAPTIST CHURCH,Transient non-community system,Ground water,Transylvania,PISGAH FOREST,120,3,21,12
NC0105420,GLENDALE SPRINGS INN INC,Transient non-community system,Ground water,Ashe,GLENDALE SPRING,25,4,20,22
NC0363436,GLENDON INDEPENDENT CHRISTIAN,Transient non-community system,Ground water,Moore,CARTHAGE,50,3,17,20
NC0286630,GLORY LIGHT BAPTIST CHURCH,Transient non-community system,Ground water,Surry,SILOAM,25,3,2,8
NC7065060,GO STORE IT #46,Transient non-community system,Ground water,New Hanover,WILMINGTON,50,4,3,19
NC2080064,GOLD HILL MARKET,Transient non-community system,Ground water,Rowan,GOLD HILL,25,4,10,32
NC2080007,GOLD HILL WESLYAN CHURCH,Transient non-community system,Ground water,Rowan,GOLD HILL,100,5,6,19
NC0464548,GOLD VALLEY CH-GOD OF PROPHECY,Transient non-community system,Ground water,Nash,MIDDLESEX,50,4,26,15
NC0150421,GOLDEN EAGLE MOTEL,Transient non-community system,Ground water,Jackson,WHITTIER,25,3,19,23
NC0392526,GOOD HOPE BAPTIST CHURCH,Transient non-community system,Ground water,Wake,KNIGHTDALE,200,2,23,18
NC1011090,GOOD NEWS BAPTIST CHURCH,Transient non-community system,Ground water,Buncombe,CANDLER,100,3,0,2
NC0279455,GOODWILL 1ST BAPT CHURCH,Transient non-community system,Ground water,Rockingham,MADISON,75,4,16,12
NC0424465,GORE TRAILER MFG CO,Transient non-community system,Ground water,Columbus,WHITEVILLE,25,4,4,10
NC0187606,GORGEOUS STAYS,Transient non-community system,Ground water,Swain,BRYSON CITY,25,7,38,19
NC1088025,GORGES STATE PARK - PICNIC AREA,Transient non-community system,Ground water,Transylvania,,25,5,0,9
NC1088015,GORGES STATE PARK - VISITORS CENTER,Transient non-community system,Ground water,Transylvania,SAPPHIRE,25,4,0,9
NC0197451,GOSHEN BAPTIST CHURCH,Transient non-community system,Ground water,Wilkes,WILKESBORO,25,3,4,12
NC0382470,GOSHEN NEW LIFE INT PENTECOSTAL HOLINESS,Transient non-community system,Ground water,Sampson,FAISON,60,4,23,23
NC0459434,GOSPEL LIGHT CH OF CHRIST,Transient non-community system,Ground water,Martin,JAMESVILLE,50,4,19,39
NC2080053,GOSPEL LIGHTHOUSE CHURCH,Transient non-community system,Ground water,Rowan,,50,4,9,24
NC0111513,GOSSETTS,Transient non-community system,Ground water,Buncombe,LEICESTER,300,4,24,20
NC4092190,GRACE ASSEMBLY OF GOD,Transient non-community system,Ground water,Wake,WAKE FOREST,150,3,4,6
NC0197587,GRACE BAPTIST CHURCH,Transient non-community system,Ground water,Wilkes,WILKESBORO,25,4,11,13
NC0145545,GRACE COMMUNITY CHURCH,Transient non-community system,Ground water,Henderson,FLETCHER,"1,000",4,20,13
NC0326853,GRACE COMMUNITY CHURCH OF GRAYS CREEK,Transient non-community system,Ground water,Cumberland,HOPE MILLS,40,3,12,26
NC0180433,GRACE LOWER STONE REFORMED CHURCH,Transient non-community system,Ground water,Rowan,ROCKWELL,150,3,2,25
NC0180535,GRACE LUTHERAN CHURCH,Transient non-community system,Ground water,Rowan,SALISBURY,80,5,26,28
NC0118632,GRACE LUTHERAN CHURCH,Transient non-community system,Ground water,Catawba,NEWTON,50,3,12,27
NC0145546,GRACE MISSIONARY BAPTIST CH,Transient non-community system,Ground water,Henderson,SALUDA,35,2,5,13
NC5326406,GRACE PLACE CHRISTIAN CHURCH,Transient non-community system,Ground water,Cumberland,HOPE MILLS,100,3,22,21
NC0416508,GRACE PRESBYTERIAN CHURCH,Transient non-community system,Ground water,Carteret,BEAUFORT,150,4,14,19
NC0138452,GRACE TABERNACLE,Transient non-community system,Ground water,Graham,ROBBINSVILLE,50,3,59,12
NC0180458,GRAHAMS GROCERY,Transient non-community system,Ground water,Rowan,SALISBURY,25,3,9,17
NC0188574,GRAND OLDE STATION,Transient non-community system,Ground water,Transylvania,LAKE TOXAWAY,25,3,15,15
NC0106537,GRANDFATHER BUSINESS CENTER,Transient non-community system,Ground water,Avery,BANNER ELK,25,3,1,18
NC0195134,GRANDFATHER MOUNTAIN CAMPGRD,Transient non-community system,Ground water,Watauga,BOONE,225,4,13,36
NC0106492,GRANDFATHER MTN ENTRANCE,Transient non-community system,Ground water,Avery,LINVILLE,500,3,0,13
NC0106513,GRANDFATHER MTN MUSEUM,Transient non-community system,Ground water,Avery,LINVILLE,200,6,3,17
NC0106514,GRANDFATHER MTN PICNIC AREA,Transient non-community system,Ground water,Avery,LINVILLE,300,3,2,12
NC0106493,GRANDFATHER MTN SNACK BAR,Transient non-community system,Ground water,Avery,LINVILLE,300,11,8,20
NC0195510,GRANDVIEW RESTAURANT,Transient non-community system,Ground water,Watauga,BANNER ELK,25,3,7,13
NC4039013,GRANVILLE ATHLETIC PARK #1,Transient non-community system,Ground water,Granville,OXFORD,200,3,7,9
NC4039014,GRANVILLE ATHLETIC PARK #2,Transient non-community system,Ground water,Granville,OXFORD,200,3,7,9
NC7024023,GRAPEFULL SISTER`S VINEYARD,Transient non-community system,Ground water,Columbus,TABOR CITY,50,3,6,9
NC0239405,GRASSY CREEK BAPTIST CHURCH,Transient non-community system,Ground water,Granville,BULLOCK,75,3,5,12
NC0239483,GRASSY CREEK COMMUNITY CENTER,Transient non-community system,Ground water,Granville,BULLOCK,40,2,15,12
NC0149459,GRASSY KNOB BAPTIST CHURCH,Transient non-community system,Ground water,Iredell,UNION GROVE,75,3,15,40
NC0181516,GRAYS CREEK BAPTIST CHURCH,Transient non-community system,Ground water,Rutherford,RUTHERFORDTON,175,3,16,14
NC0326536,GRAYS CREEK BAPTIST CHURCH,Transient non-community system,Ground water,Cumberland,FAYETTEVILLE,125,5,18,29
NC5026008,GRAY`S CREEK CHURCH OF GOD,Transient non-community system,Ground water,Cumberland,HOPE MILLS,50,4,47,23
NC0187511,GREASY BRANCH WATER CORP,Transient non-community system,Ground water,Swain,BRYSON CITY,102,7,7,22
NC7016042,GREAT ISLAND CABINS-CAPE LOOKOUT,Transient non-community system,Ground water,Carteret,HARKERS ISLAND,200,4,2,10
NC0187593,GREAT SMOKIES BAIT AND TACKLE,Transient non-community system,Ground water,Swain,BRYSON CITY,100,5,28,24
NC0150183,GREAT SMOKY MOUNTAIN CAMP & RV PARK,Transient non-community system,Ground water,Jackson,WHITTIER,638,3,6,20
NC4073018,GREATER CLEGG`S CHAPEL BAPTIST CHURCH,Transient non-community system,Ground water,Person,TIMBERLAKE,100,3,11,11
NC0326864,GREATER FIRST BAPTIST CHURCH,Transient non-community system,Ground water,Cumberland,FAYETTEVILLE,200,4,39,23
NC0382543,GREATER SIX RUNS MISS BAPT CH,Transient non-community system,Ground water,Sampson,TURKEY,150,5,10,18
NC0459422,GREEN ACRES CAMPGROUND,Transient non-community system,Ground water,Martin,WILLIAMSTON,445,5,0,32
NC0175481,GREEN CRK MISSIONARY BAPTIST,Transient non-community system,Ground water,Polk,TRYON,90,3,8,15
NC0181484,GREEN HILL BAPTIST CHURCH,Transient non-community system,Ground water,Rutherford,RUTHERFORDTON,120,3,15,18
NC0392555,GREEN PINES BAPTIST CHURCH,Transient non-community system,Ground water,Wake,KNIGHTDALE,150,2,10,14
NC0175446,GREEN RIVER LODGE,Transient non-community system,Ground water,Polk,SALUDA,40,3,12,14
NC0145548,GREEN RIVER PRESERVE,Transient non-community system,Ground water,Henderson,CEDAR MOUNTAIN,160,5,15,14
NC0145549,GREEN SIX OAKS MALL,Transient non-community system,Ground water,Henderson,TUXEDO,100,3,2,13
NC0156423,GREENLEE BAPTIST CHURCH,Transient non-community system,Ground water,McDowell,OLD FORT,75,4,6,20
NC0241500,GREENSBORO CAMPGROUNDS INC,Transient non-community system,Ground water,Guilford,GREENSBORO,246,7,104,36
NC0279762,GREENSBORO NATIONAL GOLF CLUB,Transient non-community system,Ground water,Rockingham,SUMMERFIELD,25,5,36,28
NC3079029,GREENSBORO NATIONAL GOLF CLUB - POOL,Transient non-community system,Ground water,Rockingham,,25,2,26,21
NC3097021,GREENSTREET MTN CAMPGROUND RESORT,Transient non-community system,Ground water,Wilkes,TRAPHILL,250,9,0,8
NC0326865,GREGORY POOLE EQUIPMENT CO,Transient non-community system,Ground water,Cumberland,HOPE MILLS,75,6,7,18
NC0188575,GREYSTONE INN & RESTAURANT,Transient non-community system,Ground water,Transylvania,LAKE TOXAWAY,25,6,6,15
NC2090011,GRITS HOMECOOKING,Transient non-community system,Ground water,Union,WAXHAW,25,3,4,37
NC0392596,GROCERY BOY JR  NO 30,Transient non-community system,Ground water,Wake,WILLOW SPRINGS,150,7,17,13
NC0279542,GROOMS CHAPEL MISSIONARY BAPT,Transient non-community system,Ground water,Rockingham,REIDSVILLE,25,3,36,13
NC3041068,GUILFORD MACKINTOSH PARK,Transient non-community system,Ground water,Guilford,WHITSETT,25,3,11,10
NC0286653,GUM ORCHARD BAPTIST CHURCH,Transient non-community system,Ground water,Surry,ELKIN,25,5,20,31
NC1011061,"H & S, LLC",Transient non-community system,Ground water,Buncombe,ALEXANDER,25,4,3,7
NC3029004,HAGAN SEA BASE,Transient non-community system,Ground water,Davidson,SOUTHMONT,50,3,0,1
NC0241513,HAGAN STONE PARK,Transient non-community system,Ground water,Guilford,PLEASANT GARDEN,25,4,31,28
NC3041126,HAGAN STONE PARK AQUATIC CENTER,Transient non-community system,Ground water,Guilford,PLEASANT GARDEN,25,3,1,4
NC0241719,HAGAN STONE PARK-CAMPGROUND,Transient non-community system,Ground water,Guilford,PLEASANT GARDEN,25,6,7,22
NC0326483,HAIR`S FREEWILL HOLINESS CHURCH,Transient non-community system,Ground water,Cumberland,FAYETTEVILLE,35,4,40,29
NC5082013,HALL'S METHODIST CHURCH,Transient non-community system,Ground water,Sampson,AUTRYVILLE,50,3,6,13
NC1050012,HAMBURG BAPTIST CHURCH,Transient non-community system,Ground water,Jackson,GLENVILLE,30,3,31,19
NC0190569,HAMILTON CROSSROADS BAPTIST CH,Transient non-community system,Ground water,Union,MARSHVILLE,50,4,10,25
NC0467549,HAMMOCKS BEACH STATE PARK-BEAR ISLAND,Transient non-community system,Ground water,Onslow,SWANSBORO,450,12,3,22
NC3076018,HAMMONDS BP,Transient non-community system,Ground water,Randolph,ASHEBORO,25,4,3,13
NC3099004,HAMPTONVILLE GROCERY,Transient non-community system,Ground water,Yadkin,HAMPTONVILLE,25,4,19,24
NC4392455,HAN DEE HUGO NO 257,Transient non-community system,Ground water,Wake,RALEIGH,100,3,10,10
NC4392454,HAN DEE HUGO NO. 256,Transient non-community system,Ground water,Wake,APEX,100,3,15,13
NC4392495,HAN DEE HUGO`S STORE  NO 43,Transient non-community system,Ground water,Wake,GARNER,100,3,14,17
NC0416468,HANDY HOUSE  NO 10,Transient non-community system,Ground water,Carteret,DAVIS,50,6,13,14
NC0416499,HANDY HOUSE  NO 2,Transient non-community system,Ground water,Carteret,SMYRNA,50,4,20,30
NC0285501,HANGING ROCK STATE PARK,Transient non-community system,Ground water,Stokes,DANBURY,100,4,5,24
NC0285132,HANGING ROCK STATE PARK  NO 2,Transient non-community system,Ground water,Stokes,DANBURY,200,6,5,43
NC0156426,HANKINS BAPTIST CHURCH,Transient non-community system,Ground water,McDowell,MARION,50,4,17,20
NC0424685,HAPPY HOME BAPTIST CHURCH,Transient non-community system,Ground water,Columbus,NAKINA,80,4,6,11
NC0150527,HAPP`S PLACE,Transient non-community system,Ground water,Jackson,GLENVILLE,200,4,13,21
NC0136784,HARDIN COMMUNITY BAPTIST CHURCH,Transient non-community system,Ground water,Gaston,DALLAS,165,3,14,30
NC3086056,HARDY BROS INC,Transient non-community system,Ground water,Surry,SILOAM,92,3,0,7
NC3086031,HARDYS CUSTOM GOLF CENTER,Transient non-community system,Ground water,Surry,W PINE STREET,25,3,8,8
NC0156451,HARMONY GROVE BAPTIST CHURCH,Transient non-community system,Ground water,McDowell,NEBO,45,3,17,20
NC1088027,HARMONY KORNER,Transient non-community system,Ground water,Transylvania,BREVARD,100,3,2,11
NC4392520,HARRIS LAKE COUNTY PARK WELL 1,Transient non-community system,Ground water,Wake,RALEIGH,250,4,3,11
NC4392521,HARRIS LAKE COUNTY PARK WELL 2,Transient non-community system,Ground water,Wake,RALEIGH,250,4,0,10
NC0118776,HARVEST BAPTIST CHURCH,Transient non-community system,Ground water,Catawba,NEWTON,100,3,7,29
NC0136933,HARVEST BAPTIST CHURCH,Transient non-community system,Ground water,Gaston,KINGS MOUNTAIN,50,3,10,26
NC0332584,HARVEST GLEN BAPTIST CHURCH,Transient non-community system,Ground water,Durham,DURHAM,50,3,9,11
NC3086049,HARVEST GRILL,Transient non-community system,Ground water,Surry,DOBSON,25,4,1,11
NC0181552,HARVEST TIME BIBLE CAMP,Transient non-community system,Ground water,Rutherford,ELLENBORO,100,4,17,15
NC0309465,HAW BLUFF BAPTIST CHURCH,Transient non-community system,Ground water,Bladen,KELLY,50,6,15,30
NC0239444,HAWKINS CHAPEL BAPTIST CHURCH,Transient non-community system,Ground water,Granville,FRANKLINTON,250,3,8,15
NC0273445,HAWKINS CONV. MART AND GRILL,Transient non-community system,Ground water,Person,ROXBORO,100,3,24,14
NC4039012,HAWTHORNE COMMUNITY POOL,Transient non-community system,Ground water,Granville,CREEDMOORE,30,3,20,8
NC0235409,HAYWOOD BAPTIST CH,Transient non-community system,Ground water,Franklin,LOUISBURG,115,4,22,18
NC0106465,HEATON CHRISTIAN CHURCH,Transient non-community system,Ground water,Avery,ELK PARK,150,3,9,17
NC1061015,HEAVEN BOUND CHURCH,Transient non-community system,Ground water,Mitchell,BAKERSVILLE,35,3,0,6
NC0155523,HEBRON CHURCH,Transient non-community system,Ground water,Lincoln,VALE,35,3,19,32
NC0195436,HEBRON COLONY,Transient non-community system,Ground water,Watauga,BOONE,36,3,36,16
NC0201565,HEBRON COMMUNITY CHURCH,Transient non-community system,Ground water,Alamance,MEBANE,25,6,100,61
NC0187565,HELLARDS,Transient non-community system,Ground water,Swain,BRYSON CITY,25,3,10,17
NC0285457,HEMLOCK GOLF COURSE,Transient non-community system,Ground water,Stokes,WALNUT COVE,25,5,12,23
NC0187583,HEMLOCK INN,Transient non-community system,Ground water,Swain,BRYSON CITY,25,8,13,17
NC0180548,HENDERSON GROVE BAPTIST CHURCH,Transient non-community system,Ground water,Rowan,SALISBURY,50,4,33,25
NC0106540,HENSON CREEK BAPTIST CHURCH,Transient non-community system,Ground water,Avery,NEWLAND,100,3,8,12
NC0136738,HEPHZIBAH ARP CHURCH,Transient non-community system,Ground water,Gaston,BESSEMER CITY,25,5,38,54
NC0106522,HERITAGE MOTORS,Transient non-community system,Ground water,Avery,BANNER ELK,25,3,13,14
NC0190518,HERMON BAPTIST CHURCH,Transient non-community system,Ground water,Union,WAXHAW,25,3,16,35
NC0239406,HESTER BAPTIST CHURCH,Transient non-community system,Ground water,Granville,OXFORD,200,4,24,22
NC2018014,HG&H SPORTS,Transient non-community system,Ground water,Catawba,CONOVER,25,4,3,29
NC0187494,HIAWATHA TRAILER PARK,Transient non-community system,Ground water,Swain,BRYSON CITY,75,3,33,13
NC0424728,HICKORY GROVE BAPT CHURCH,Transient non-community system,Ground water,Columbus,FAIR BLUFF,55,3,34,19
NC0235443,HICKORY GROVE BAPTIST CHURCH,Transient non-community system,Ground water,Franklin,LOUISBURG,150,3,18,18
NC0136672,HICKORY GROVE BAPTIST CHURCH,Transient non-community system,Ground water,Gaston,GASTONIA,150,3,9,38
NC0157411,HICKORY KNOLL CHURCH,Transient non-community system,Ground water,Macon,FRANKLIN,45,5,50,22
NC1011051,HICKORY NUT GAP FARM,Transient non-community system,Ground water,Buncombe,FAISON,50,3,1,6
NC0235427,HICKORY ROCK BAPTIST CHURCH,Transient non-community system,Ground water,Franklin,LOUISBURG,35,3,60,12
NC0156572,HICKS CHAPEL BAPTIST CHURCH,Transient non-community system,Ground water,McDowell,MARION,100,3,16,18
NC3001007,HICO BAPTIST CHURCH,Transient non-community system,Ground water,Alamance,GRAHAM,100,4,9,15
NC0201187,HIDDEN LAKE CAMPGROUND,Transient non-community system,Ground water,Alamance,GRAHAM,100,4,17,25
NC0138412,HIDDEN WATERS RV PARK,Transient non-community system,Ground water,Graham,ROBBINSVILLE,25,3,7,9
NC0100514,HIGGINS FWB CHURCH,Transient non-community system,Ground water,Yancey,BURNSVILLE,35,3,15,16
NC0105424,HIGGINS LODGE,Transient non-community system,Ground water,Ashe,LAUREL SPRINGS,25,6,16,22
NC0100503,HIGH PASTURES,Transient non-community system,Ground water,Yancey,BURNSVILLE,50,4,8,18
NC1000014,HIGH PASTURES - LAUREL LODGE,Transient non-community system,Ground water,Yancey,BURNSVILLE,50,3,0,5
NC0363444,HIGHFALLS UNITED METH CHURCH,Transient non-community system,Ground water,Moore,ROBBINS,50,3,10,17
NC4392506,HIGHLAND BAPTIST CHURCH,Transient non-community system,Ground water,Wake,RALEIGH,300,2,21,14
NC2036002,HIGHWAY 161 FLEA MARKET,Transient non-community system,Ground water,Gaston,KINGS MOUNTAIN,25,3,4,27
NC0332563,HILL FOREST SUMMER CAMP,Transient non-community system,Ground water,Durham,ROUGEMONT,50,7,23,15
NC0235469,HILL KING METHODIST CHURCH,Transient non-community system,Ground water,Franklin,LOUISBURG,50,3,102,26
NC0285515,HILLBILLY HIDE AWAY,Transient non-community system,Ground water,Stokes,WALNUT COVE,250,4,11,15
NC3086009,HILLS GROVE BAPTIST CHURCH,Transient non-community system,Ground water,Surry,PILOT MOUNTAIN,50,4,17,13
NC0136826,HILLSIDE FOODMART,Transient non-community system,Ground water,Gaston,BESSEMER CITY,25,4,50,64
NC0285518,HILLSIDE MARKET & DELI,Transient non-community system,Ground water,Stokes,WALNUT COVE,25,4,21,23
NC0122417,HILL`S STORE,Transient non-community system,Ground water,Clay,HAYESVILLE,25,3,33,22
NC0122403,HINTON RURAL LIFE CENTER INC,Transient non-community system,Ground water,Clay,HAYESVILLE,120,8,15,16
NC0195174,HITCHING POST RV PARK-CAMPGRD,Transient non-community system,Ground water,Watauga,DEEP GAP,32,5,7,18
NC4098009,HOCUTT FARMS MLC #3,Transient non-community system,Ground water,Wilson,SIMS,60,3,41,28
NC0464461,HOLIDAY MOTEL,Transient non-community system,Ground water,Nash,ROCKY MOUNT,30,3,75,23
NC0424441,HOLIDAY MOTEL & RESTAURANT,Transient non-community system,Ground water,Columbus,WHITEVILLE,200,6,10,16
NC0319471,HOLLAND CHAPEL AME ZION CHURCH,Transient non-community system,Ground water,Chatham,APEX,150,5,64,39
NC4092030,HOLLAND UMC ANNEX,Transient non-community system,Ground water,Wake,RALEIGH,"1,000",4,35,18
NC0382488,HOLLANDS CHAPEL PENT HOLINESS,Transient non-community system,Ground water,Sampson,SALEMBURG,75,5,2,20
NC0471321,HOLLAND`S SHELTER CREEK INC,Transient non-community system,Ground water,Pender,BURGAW,65,4,5,27
NC0332453,HOLLOW ROCK RACQUET&SWIM CLUB,Transient non-community system,Ground water,Durham,DURHAM,50,4,41,18
NC0276485,HOLLY BLUFF FAMILY CAMPGROUNDS,Transient non-community system,Ground water,Randolph,ASHEBORO,25,7,13,29
NC0150425,HOLLY COVE RV RESORT,Transient non-community system,Ground water,Jackson,WHITTIER,157,5,5,21
NC0464558,HOLLY GROVE BAPTIST CHURCH,Transient non-community system,Ground water,Nash,SPRING HOPE,125,2,17,19
NC0362492,HOLLY MOUNT BAPTIST CHURCH,Transient non-community system,Ground water,Montgomery,MT GILEAD,55,7,5,16
NC3099030,HOLLY RIDGE FAMILY CAMPGROUND,Transient non-community system,Ground water,Yadkin,BOONVILLE,229,5,4,12
NC0276646,HOLLY RIDGE GOLF LINKS,Transient non-community system,Ground water,Randolph,SOPHIA,25,5,9,15
NC0276403,HOLLY SPRING FRIENDS MEETING,Transient non-community system,Ground water,Randolph,RAMSEUR,25,4,3,16
NC0157492,HOLLY SPRINGS BAPTIST CHURCH,Transient non-community system,Ground water,Macon,FRANKLIN,350,5,15,25
NC0276486,HOLLY`S CHAPEL PENT HOLINESS,Transient non-community system,Ground water,Randolph,RAMSEUR,25,4,19,15
NC0145600,HOLMES EDUCATIONAL FOREST OFFICE,Transient non-community system,Ground water,Henderson,HENDERSONVILLE,100,4,0,13
NC0106495,HOLSTON PRESBYTERIAN CAMP,Transient non-community system,Ground water,Avery,BANNER ELK,50,3,16,19
NC0149561,HOME RUN MARKET #19,Transient non-community system,Ground water,Iredell,TROUTMAN,25,5,59,32
NC0286579,HOMEPLACE RECREATIONAL PARK,Transient non-community system,Ground water,Surry,ARARAT,358,6,15,18
NC4073010,HOMESTEAD STEAK HOUSE & RESTAU,Transient non-community system,Ground water,Person,TIMBERLAKE,25,4,8,9
NC4073011,HOMESTEAD-FESTIVAL HOUSE,Transient non-community system,Ground water,Person,TIMBERLAKE,25,3,1,11
NC4392522,HOMEWOOD NURSERY,Transient non-community system,Ground water,Wake,RALEIGH,50,6,23,18
NC0195511,HONEYBEAR CAMPGROUND SECTION  C&D,Transient non-community system,Ground water,Watauga,BOONE,62,3,14,33
NC0195448,HONEYBEAR CAMPGROUND SECTION A&B,Transient non-community system,Ground water,Watauga,BOONE,60,4,43,30
NC4092187,HONEYCUTT PARK,Transient non-community system,Ground water,Wake,RALEIGH,25,3,1,5
NC2018012,HONEYS BANK & PHARMACY,Transient non-community system,Ground water,Catawba,VALE,25,3,0,29
NC0145551,HOOPERS CREEK BAPTIST CHURCH,Transient non-community system,Ground water,Henderson,FLETCHER,120,3,4,12
NC0190574,HOPE 2ND ADVENT CHRISTIAN CH,Transient non-community system,Ground water,Union,MONROE,25,4,24,27
NC0273471,HOPE CHURCH MILL CREEK,Transient non-community system,Ground water,Person,ROXBORO,60,2,17,13
NC0160796,HOPEWELL AME ZION CHURCH,Transient non-community system,Ground water,Mecklenburg,HUNTERSVILLE,60,3,20,26
NC0190482,HOPEWELL BAPTIST CHURCH,Transient non-community system,Ground water,Union,MONROE,25,4,9,37
NC0118597,HOPEWELL METHODIST CHURCH,Transient non-community system,Ground water,Catawba,SHERRILLS FORD,80,3,9,26
NC1061016,HOPSON`S STORE,Transient non-community system,Ground water,Mitchell,,99,3,1,6
NC0286595,HORNE CREEK FARM,Transient non-community system,Ground water,Surry,PINNACLE,25,3,13,18
NC3086077,HORNE CREEK FARM APPLE ORCHARD BUILDING,Transient non-community system,Ground water,Surry,PINNACLE,25,3,0,2
NC0112571,HORSESHOE BEND CAMPGROUND,Transient non-community system,Ground water,Burke,MORGANTON,64,5,9,21
NC1011018,HOTDOG KING,Transient non-community system,Ground water,Buncombe,CANDLER,100,3,27,26
NC6028003,HOTEL MANTEO,Transient non-community system,Ground water,Dare,MANTEO,40,4,2,30
NC0363470,HOUSE IN THE HORSESHOE,Transient non-community system,Ground water,Moore,SANFORD,50,3,21,23
NC0326922,HOUSEHOLD OF FAITH,Transient non-community system,Ground water,Cumberland,FAYETTEVILLE,100,3,8,20
NC0149581,HOUSTON RD BAPTIST CHURCH,Transient non-community system,Ground water,Iredell,TROUTMAN,40,3,19,28
NC4092202,HOWLING COW CREAMERY,Transient non-community system,Ground water,Wake,RALEIGH,300,3,3,5
NC0118772,HUDSON CHAPEL BAPTIST CHURCH,Transient non-community system,Ground water,Catawba,CATAWBA,25,4,15,33
NC0279169,HUMPHREYS RIDGE  CAMPGROUND NO 3,Transient non-community system,Ground water,Rockingham,STOKESDALE,50,7,7,21
NC0279168,HUMPHREYS RIDGE CAMPGROUND NO 2,Transient non-community system,Ground water,Rockingham,STOKESDALE,33,4,2,22
NC0279750,HUMPHREY`S GRILL,Transient non-community system,Ground water,Rockingham,STOKESDALE,25,7,2,17
NC0279695,HUMPHREY`S RIDGE CAMPGRD  NO 1,Transient non-community system,Ground water,Rockingham,STOKESDALE,100,6,6,25
NC0239420,HUNTSVILLE BAPTIST CHURCH,Transient non-community system,Ground water,Granville,OXFORD,200,2,36,12
NC0299465,HUNTSVILLE BAPTIST CHURCH,Transient non-community system,Ground water,Yadkin,YADKINVILLE,25,3,15,10
NC0273464,HURDLE MILLS MARKET,Transient non-community system,Ground water,Person,HURDLE MILLS,30,4,18,11
NC0155486,HWY 10 AUCTION,Transient non-community system,Ground water,Lincoln,LAWNDALE,25,3,29,48
NC0201580,HWY 49 NORTH PATEL,Transient non-community system,Ground water,Alamance,BURLINGTON,25,5,6,17
NC0273102,HYCO MARINA,Transient non-community system,Ground water,Person,LEASBURG,50,3,59,16
NC0145552,HYDER`S KOUNTRY KUBBARD INC,Transient non-community system,Ground water,Henderson,HORSE SHOE,50,3,3,13
NC7065044,I 140 BUSINESS CENTER BLDG #A,Transient non-community system,Ground water,New Hanover,WILMINGTON,50,3,1,12
NC0201570,I-85 GOLF PRO SHOP AND DRIVING RANGE,Transient non-community system,Ground water,Alamance,HAW RIVER,25,3,49,11
NC0145567,IGLESIA BAUTISTA AGUA VIVA,Transient non-community system,Ground water,Henderson,EDNEYVILLE,120,3,7,14
NC2080035,IGLESIA BAUTISTA EMANUEL,Transient non-community system,Ground water,Rowan,KANNAPOLIS,25,3,0,19
NC2049022,IGLESIA EVANGELICA LUZ Y VIDA,Transient non-community system,Ground water,Iredell,MOORESVILLE,50,3,7,29
NC0118759,IGLESIA JESUS ES MI ROCA,Transient non-community system,Ground water,Catawba,MAIDEN,40,4,21,33
NC2055005,IGLESIA MANANTIAL DE VIDA,Transient non-community system,Ground water,Lincoln,IRON STATION,80,3,1,23
NC0416521,IHRIE SUPPLY COMPANY,Transient non-community system,Ground water,Carteret,MOREHEAD CITY,30,4,11,17
NC0239489,ILONG BAPTIST CHURCH,Transient non-community system,Ground water,Granville,KITTRELL,250,4,38,15
NC0160873,IMAGE CHURCH,Transient non-community system,Ground water,Mecklenburg,MATTHEWS,400,3,15,23
NC2090006,IMMANUEL BAPTIST CHURCH,Transient non-community system,Ground water,Union,WAXHAW,60,4,11,16
NC0180496,IMMANUEL LUTHERAN CHURCH,Transient non-community system,Ground water,Rowan,ROCKWELL,100,3,0,21
NC0286626,INDIAN GROVE BAPTIST CHURCH,Transient non-community system,Ground water,Surry,MT AIRY,140,3,10,13
NC2084001,INDIAN HILL PRESBYTERIAN CH,Transient non-community system,Ground water,Stanly,STANFIELD,25,4,14,39
NC7065003,INLET WATCH YACHT CLUB,Transient non-community system,Ground water,New Hanover,WILMINGTON,260,7,6,38
NC3095016,INN AT CRESTWOOD,Transient non-community system,Ground water,Watauga,,25,7,1,8
NC0195553,INN AT THE PONDS,Transient non-community system,Ground water,Watauga,BANNER ELK,25,3,2,10
NC0157431,INN OF THE LAST RESORT,Transient non-community system,Ground water,Macon,FRANKLIN,40,8,36,31
NC0157521,IOTLA BAPTIST CHURCH,Transient non-community system,Ground water,Macon,FRANKLIN,150,3,6,15
NC1038003,IRON HORSE CAMPGROUND,Transient non-community system,Ground water,Graham,ROBBINSVILLE,25,4,2,10
NC0155514,IRON STATION METHODIST CHURCH,Transient non-community system,Ground water,Lincoln,IRON STATION,25,4,10,25
NC7071033,IRONCLAD GOLF & BEER GARDEN,Transient non-community system,Ground water,Pender,HAMPSTEAD,200,7,55,22
NC7016030,ISLAND CHOICE VARIETY,Transient non-community system,Ground water,Carteret,CEDAR ISLAND,75,4,2,13
NC0285417,ISOM BAPT CHURCH,Transient non-community system,Ground water,Stokes,WALNUT COVE,50,4,6,10
NC1006001,ITALIAN PIZZA & PASTA RESTAURANT,Transient non-community system,Ground water,Avery,PINEOLA,75,3,14,14
NC0155530,IVEY MEMORIAL UMC,Transient non-community system,Ground water,Lincoln,MAIDEN,60,3,0,29
NC0111450,IVY HILL BAPTIST CHURCH,Transient non-community system,Ground water,Buncombe,WEAVERVILLE,75,4,4,18
NC4064001,J B ROSE & SONS MIGRANT CAMP,Transient non-community system,Ground water,Nash,NASHVILLE,75,3,25,11
NC0279776,J MART #4,Transient non-community system,Ground water,Rockingham,REIDSVILLE,25,5,29,23
NC0363467,JACKSON SPRINGS PRESBYTERIAN,Transient non-community system,Ground water,Moore,JACKSON SPRINGS,50,9,39,23
NC2049027,JCR FAMILY CAMPGROUND,Transient non-community system,Ground water,Iredell,LOVE VALLEY,25,4,176,14
NC0201483,JEFFERIES CROSS BAPT CHURCH,Transient non-community system,Ground water,Alamance,BURLINGTON,25,4,35,10
NC0105502,JEFFRESS PARK,Transient non-community system,Ground water,Ashe,PURLEAR,25,6,6,25
NC0235549,JEFFREYS II,Transient non-community system,Ground water,Franklin,YOUNGSVILLE,100,4,36,16
NC1050007,JEHOVAH`S WITNESS KINGDOM,Transient non-community system,Ground water,Jackson,WHITTIER,80,4,35,35
NC0299430,JERRYS SNACK BAR,Transient non-community system,Ground water,Yadkin,JONESVILLE,25,3,11,15
NC0286623,JESSUP GROVE BAPTIST CHURCH,Transient non-community system,Ground water,Surry,PILOT MOUNTAIN,100,3,10,17
NC5326404,JESUS FIRST CHURCH,Transient non-community system,Ground water,Cumberland,FAYETTEVILLE,80,3,20,18
NC1045045,JETER MOUNTAIN FARM,Transient non-community system,Ground water,Henderson,HENDERSONVILLE,100,3,1,2
NC0180413,JOHNSON`S RESTAURANT,Transient non-community system,Ground water,Rowan,CHINA GROVE,75,4,3,20
NC0114454,JOHN`S RIVER CAMP,Transient non-community system,Ground water,Caldwell,COLLETSVILLE,25,6,5,13
NC3086074,JOLO WINERY,Transient non-community system,Ground water,Surry,PILOT MOUNTAIN,25,4,0,1
NC0235405,JONES CHAPEL MISSIONARY BAPTIST CHURCH,Transient non-community system,Ground water,Franklin,LOUISBURG,75,2,14,14
NC0118528,JONES FISH CAMP,Transient non-community system,Ground water,Catawba,DENVER,150,4,16,28
NC3001014,JONES STATION RV PARK,Transient non-community system,Ground water,Alamance,MEBANE,25,5,3,5
NC2090001,JOY BAKERY,Transient non-community system,Ground water,Union,MATTHEWS,25,3,25,24
NC0149582,JOY DELIGHT COMMANDMENT KEEPIN,Transient non-community system,Ground water,Iredell,TROUTMAN,50,5,56,45
NC5077004,JOY FREEWILL BAPTIST CHURCH,Transient non-community system,Ground water,Richmond,,75,3,4,9
NC0160878,JOYNER'S MARINA,Transient non-community system,Ground water,Mecklenburg,CHARLOTTE,25,4,72,38
NC3005020,JUAREZ CONVENIENCE STORE,Transient non-community system,Ground water,Ashe,LANSING,25,3,4,1
NC0144592,JUKEBOX JUNCTION SODA SHOPPE,Transient non-community system,Ground water,Haywood,CANTON,150,3,30,29
NC0465585,JUNG`S EGGROLL EXPRESS,Transient non-community system,Ground water,New Hanover,CASTLE HAYNE,75,4,31,15
NC0392592,JUNIPER LEVEL BAPTIST CHURCH,Transient non-community system,Ground water,Wake,RALEIGH,175,3,48,16
NC0276616,JUST DESSERTS CATERING AND CAKES,Transient non-community system,Ground water,Randolph,SOPHIA,25,4,51,21
NC0156555,K G`S QUICK STOP,Transient non-community system,Ground water,McDowell,MARION,250,3,6,22
NC0145466,KANUGA CAMP FOR BOYS & GIRLS,Transient non-community system,Ground water,Henderson,HENDERSONVILLE,140,5,11,20
NC0180437,KEATONS BARBEQUE,Transient non-community system,Ground water,Rowan,CLEVELAND,25,3,68,44
NC3041095,KEELEY PARK GARDENS,Transient non-community system,Ground water,Guilford,GREENSBORO,25,4,3,4
NC3041096,KEELEY PARK SPRAYGROUND,Transient non-community system,Ground water,Guilford,GREENSBORO,25,4,6,6
NC0309482,KELLY GENERAL STORE,Transient non-community system,Ground water,Bladen,KELLY,50,3,12,18
NC7071064,KELLY'S MERCANTILE,Transient non-community system,Ground water,Pender,ATKINSON,50,3,1,3
NC3076001,KELLY`S 49,Transient non-community system,Ground water,Randolph,DENTON,25,4,63,22
NC0234574,KERNERSVILLE LAKE PARK,Transient non-community system,Ground water,Forsyth,KERNERSVILLE,75,3,7,10
NC0291528,KERR LAKE COUNTRY CLUB,Transient non-community system,Ground water,Vance,HENDERSON,50,3,7,14
NC0291454,KERR LAKE VILLAGE & CAMPGROUND,Transient non-community system,Ground water,Vance,HENDERSON,107,3,88,35
NC0291490,KERR RES HENDERSON POINT,Transient non-community system,Ground water,Vance,HENDERSON,127,8,0,21
NC0291488,KERR RES HIBERNIA,Transient non-community system,Ground water,Vance,HENDERSON,25,6,4,23
NC1088024,KEYSTONE CAMP #2,Transient non-community system,Ground water,Transylvania,BREVARD,75,4,8,13
NC0188421,KEYSTONE CAMP INC,Transient non-community system,Ground water,Transylvania,BREVARD,180,3,8,18
NC0201628,KIMESVILLE ROAD BAPTIST CH,Transient non-community system,Ground water,Alamance,BURLINGTON,90,3,49,12
NC0235474,KINCHES CHAPEL CHRISTIAN CHURCH,Transient non-community system,Ground water,Franklin,FRANKLINTON,150,3,29,12
NC0326924,KINGDOM HALL (SR-2008),Transient non-community system,Ground water,Cumberland,FAYETTEVILLE,100,3,9,19
NC3017017,KINGDOM HALL JEHOVAH`S WITNESS,Transient non-community system,Ground water,Caswell,BLANCH,75,3,10,13
NC2036023,KINGDOM HALL OF JEHOVAH'S WITNESSES,Transient non-community system,Ground water,Gaston,,140,4,2,17
NC0368484,KINGDOM HALL OF JEHOVAH`S WITN,Transient non-community system,Ground water,Orange,HILLSBOROUGH,80,5,25,20
NC5062004,KINGS MOUNTAIN REC AREA,Transient non-community system,Ground water,Montgomery,TROY,50,4,2,17
NC0118763,KING`S WAY BAPTIST CHURCH,Transient non-community system,Ground water,Catawba,NEWTON,45,3,22,35
NC0184429,KINZA MEMORIAL BAPTIST CHURCH,Transient non-community system,Ground water,Stanly,STANFIELD,100,4,10,31
NC4064012,KMC FARMS,Transient non-community system,Ground water,Nash,BAILEY,40,3,70,19
NC4392622,KNIGHT`S PLAY GOLF CENTER,Transient non-community system,Ground water,Wake,APEX,100,4,8,10
NC0197402,KNOBBS BAPTIST CHURCH,Transient non-community system,Ground water,Wilkes,ELKIN,25,4,9,13
NC6027002,KNOTTS ISLAND SENIOR CENTER,Transient non-community system,Ground water,Currituck,KNOTTS ISLAND,25,3,7,25
NC0427479,KNOTT`S ISLAND BAPTIST CHURCH,Transient non-community system,Ground water,Currituck,KNOTTS ISLAND,124,4,35,25
NC0427440,KNOTT`S ISLAND FERRY OPER,Transient non-community system,Ground water,Currituck,KNOTTS ISLAND,50,3,14,31
NC0427472,KNOTT`S ISLAND MARKET,Transient non-community system,Ground water,Currituck,KNOTTS ISLAND,200,4,21,29
NC0111162,KOA-ASHEVILLE WEST,Transient non-community system,Ground water,Buncombe,CANDLER,75,7,121,18
NC0195459,KOA-CAMPGROUND,Transient non-community system,Ground water,Watauga,BOONE,352,8,2,30
NC0442110,KOA-ENFIELD/ROCKY MOUNT,Transient non-community system,Ground water,Halifax,ENFIELD,50,4,16,19
NC0155550,KOUNTRY KORNER,Transient non-community system,Ground water,Lincoln,VALE,25,3,10,38
NC2049033,KPAC LLC,Transient non-community system,Ground water,Iredell,TROUTMAN,25,3,0,16
NC0465539,LA BELLA AIROSA RESTAURANT,Transient non-community system,Ground water,New Hanover,WILMINGTON,150,5,73,19
NC0465600,LA COSTA RESTAURANT,Transient non-community system,Ground water,New Hanover,WILMINGTON,120,4,3,31
NC0286646,LADONIA BAPTIST CHURCH,Transient non-community system,Ground water,Surry,MOUNT AIRY,25,4,20,14
NC0201505,LAKE CAMMACK MARINA,Transient non-community system,Ground water,Alamance,BURLINGTON,25,4,3,14
NC0120444,LAKE CHEROKEE RECREATION AREA,Transient non-community system,Ground water,Cherokee,MURPHY,25,7,9,15
NC2080046,LAKE COMMUNITY CHURCH,Transient non-community system,Ground water,Rowan,,150,3,11,17
NC2060090,LAKE DAVIDSON OFFICE CONDOMINIUMS,Transient non-community system,Ground water,Mecklenburg,DAVIDSON,25,3,2,20
NC3041006,LAKE HIGGINS MARINA,Transient non-community system,Ground water,Guilford,SUMMERFIELD,25,3,19,15
NC0181611,LAKE HOUSE RESTAURANT,Transient non-community system,Ground water,Rutherford,LAKE LURE,200,3,26,17
NC0156535,LAKE JAMES LANDING,Transient non-community system,Ground water,McDowell,MARION,60,4,18,27
NC0112428,LAKE JAMES MARINA,Transient non-community system,Ground water,Burke,NEBO,25,3,19,21
NC0156530,LAKE JAMES STATE PARK - CATAWBA,Transient non-community system,Ground water,McDowell,NEBO,200,4,5,16
NC1012035,LAKE JAMES STATE PARK - VISITOR CENTER,Transient non-community system,Ground water,Burke,NEBO,300,4,1,3
NC1012030,LAKE JAMES STATE PARK-PADDY CREEK,Transient non-community system,Ground water,Burke,NEBO,300,7,0,13
NC1012033,LAKE JAMES STATE PARK-PADDY CRK CMPGRND,Transient non-community system,Ground water,Burke,NEBO,50,4,0,6
NC7031007,LAKE LEAMON CAMPGROUND,Transient non-community system,Ground water,Duplin,WALLACE,127,4,7,13
NC1044006,LAKE LOGAN EPISCOPAL CENTER,Transient non-community system,Ground water,Haywood,CANTON,100,4,0,15
NC0201599,LAKE MACKINTOSH MARINA-CABIN,Transient non-community system,Ground water,Alamance,BURLINGTON,25,3,5,20
NC0201597,LAKE MACKINTOSH MARINA-WARDEN,Transient non-community system,Ground water,Alamance,BURLINGTON,25,3,10,13
NC0332406,LAKE MICHIE BOAT DOCK,Transient non-community system,Ground water,Durham,BAHAMA,25,3,23,13
NC0118617,LAKE NORMAN MOTEL,Transient non-community system,Ground water,Catawba,SHERRILLS FORD,144,4,1,26
NC2049018,LAKE NORMAN ST PARK PICNIC PENINSULA,Transient non-community system,Ground water,Iredell,TROUTMAN,25,3,1,30
NC0149488,LAKE NORMAN ST PRK CAMPGROUND,Transient non-community system,Ground water,Iredell,TROUTMAN,25,4,1,32
NC0149486,LAKE NORMAN ST PRK VISITOR CENTER,Transient non-community system,Ground water,Iredell,TROUTMAN,25,3,6,37
NC0149487,LAKE NORMAN STATE PRK M&S AREA,Transient non-community system,Ground water,Iredell,TROUTMAN,25,4,4,49
NC0279158,LAKE REIDSVILLE REC PARK,Transient non-community system,Ground water,Rockingham,REIDSVILLE,250,7,20,45
NC0113490,LAKE TODD FISH CAMP,Transient non-community system,Ground water,Cabarrus,CONCORD,25,3,42,27
NC0188573,LAKE TOXAWAY BAPTIST CHURCH,Transient non-community system,Ground water,Transylvania,LAKE TOXAWAY,50,4,21,16
NC0188513,LAKE TOXAWAY COMMUNITY CENTER,Transient non-community system,Ground water,Transylvania,LAKE TOXAWAY,50,3,10,20
NC0188562,LAKE TOXAWAY MARINE,Transient non-community system,Ground water,Transylvania,LAKE TOXAWAY,200,3,0,11
NC0188571,LAKE TOXAWAY METHODIST CH,Transient non-community system,Ground water,Transylvania,LAKE TOXAWAY,40,4,2,13
NC0188572,LAKE TOXAWAY TRADING POST,Transient non-community system,Ground water,Transylvania,LAKE TOXAWAY,25,4,3,10
NC0424833,LAKE WACCAMAW ST PARK-VISITORS,Transient non-community system,Ground water,Columbus,LAKE WACCAMAW,150,4,7,11
NC0424814,LAKE WACCAMAW STATE PARK,Transient non-community system,Ground water,Columbus,LAKE WACCAMAW,180,5,5,13
NC0392785,LAKE WHEELER GROC & HARDWARE,Transient non-community system,Ground water,Wake,RALEIGH,50,4,20,17
NC4392402,LAKE WHEELER PARK,Transient non-community system,Ground water,Wake,RALEIGH,100,6,9,15
NC0332585,LAKE WINDS GOLF COURSE,Transient non-community system,Ground water,Durham,ROUGEMONT,750,4,36,13
NC4091012,LAKESIDE GRILL,Transient non-community system,Ground water,Vance,HENDERSON,30,2,3,4
NC0392756,LAKESIDE MART,Transient non-community system,Ground water,Wake,KNIGHTDALE,50,4,42,20
NC0184545,LAKEVIEW BAPTIST CHURCH,Transient non-community system,Ground water,Stanly,ALBEMARLE,100,6,23,39
NC0201451,LAKEVIEW COMMUNITY CHURCH,Transient non-community system,Ground water,Alamance,BURLINGTON,200,4,17,12
NC0180663,LAKEVIEW FAMILY RESTAURANT,Transient non-community system,Ground water,Rowan,SALISBURY,25,3,29,35
NC1022004,LAKEVIEW LANDING II,Transient non-community system,Ground water,Clay,HAYESVILLE,25,3,0,4
NC0187549,LAKEVIEW LODGE,Transient non-community system,Ground water,Swain,BRYSON CITY,50,5,40,17
NC2036016,LAKEWOOD PROFESSIONAL PARK,Transient non-community system,Ground water,Gaston,BELMONT,25,4,6,31
NC0157426,LAKE`S END CAFE & STORE,Transient non-community system,Ground water,Macon,TOPTON,42,3,42,15
NC0319487,LAMBERT CHAPEL BAPTIST CHURCH,Transient non-community system,Ground water,Chatham,SILER CITY,125,3,11,12
NC0273412,LAMBERTH MEMORIAL BAPTIST CH,Transient non-community system,Ground water,Person,ROXBORO,100,5,16,20
NC1050041,LANCEWOOD  NO 2,Transient non-community system,Ground water,Jackson,CASHIERS,79,6,0,8
NC0150459,LANCEWOOD NO.1,Transient non-community system,Ground water,Jackson,CASHIERS,61,5,9,13
NC0136905,LANDMARK BAPTIST CHURCH,Transient non-community system,Ground water,Gaston,GASTONIA,150,3,7,21
NC0150528,LANDMARK CENTER,Transient non-community system,Ground water,Jackson,CASHIERS,50,3,32,12
NC0241565,LARRY & FRANK`S DRIVE-IN,Transient non-community system,Ground water,Guilford,RANDLEMAN,25,4,13,17
NC0392849,LAS CAROLINAS GROCERY AND GRILL,Transient non-community system,Ground water,Wake,CLAYTON,75,4,74,29
NC0368481,LATTISVILLE GROVE MISSIONARY BAPTIST,Transient non-community system,Ground water,Orange,HURDLE MILLS,250,5,61,18
NC2060058,LAUREL BAPTIST CHURCH,Transient non-community system,Ground water,Mecklenburg,CHARLOTTE,200,3,21,25
NC0150189,LAUREL BUSH CAMPGROUND,Transient non-community system,Ground water,Jackson,DILLSBORO,61,4,5,27
NC3099027,LAUREL GRAY VINEYARD,Transient non-community system,Ground water,Yadkin,,25,4,5,14
NC0362511,LAUREL HILL BAPTIST CHURCH,Transient non-community system,Ground water,Montgomery,TROY,75,5,57,35
NC0383454,LAUREL HILL PRESBYTERIAN CH,Transient non-community system,Ground water,Scotland,LAURINBURG,60,4,26,21
NC0158437,LAUREL MEDICAL CENTER,Transient non-community system,Ground water,Madison,MARSHALL,25,3,15,16
NC0105426,LAUREL RIDGE CAMP,Transient non-community system,Ground water,Ashe,LAUREL RIDGE,25,6,11,19
NC3095020,LAUREL SPRINGS BAPTIST CHURCH,Transient non-community system,Ground water,Watauga,,25,3,10,6
NC0136565,LAUREL WOOD BAPTIST CHURCH,Transient non-community system,Ground water,Gaston,BESSEMER CITY,40,3,34,27
NC0285492,LAWSONVILLE BAPTIST CHURCH,Transient non-community system,Ground water,Stokes,DANBURY,135,4,11,14
NC0279476,LAWSONVILLE ROAD BAPT CHURCH,Transient non-community system,Ground water,Rockingham,REIDSVILLE,275,5,29,31
NC2080003,LAZY 5 RANCH,Transient non-community system,Ground water,Rowan,MT ULLA,200,6,8,28
NC0102555,LEBANON BAPTIST CHURCH,Transient non-community system,Ground water,Alexander,TAYLORSVILLE,125,4,3,27
NC0368440,LEBANON UMC,Transient non-community system,Ground water,Orange,MEBANE,100,4,15,15
NC4068003,LEE CHAPEL BAPTIST CHURCH,Transient non-community system,Ground water,Orange,CEDAR GROVE,120,3,12,12
NC0332574,LEESVILLE ROAD BAPTIST CHURCH,Transient non-community system,Ground water,Durham,DURHAM,70,2,16,18
NC2080027,LEE`S RV PARK,Transient non-community system,Ground water,Rowan,WOODLEAF,25,3,13,40
NC1011049,LEICESTER BRANCH LIBRARY,Transient non-community system,Ground water,Buncombe,LEICESTER,50,3,1,15
NC0180754,LEISURE POINT CAMPGROUND,Transient non-community system,Ground water,Rowan,SALISBURY,25,3,4,23
NC0114525,LENOIR MOOSE LODGE  NO 385,Transient non-community system,Ground water,Caldwell,LENOIR,25,3,1,31
NC2080062,LENTZ GS LLC,Transient non-community system,Ground water,Rowan,,25,4,0,17
NC0155531,LEONARD`S FORK BAPT CHURCH,Transient non-community system,Ground water,Lincoln,LINCOLNTON,225,4,11,36
NC0276661,LEVEL CROSS BP,Transient non-community system,Ground water,Randolph,LEVEL CROSS,25,5,8,15
NC0276653,LEVEL CROSS COMMUNITY ASSOC,Transient non-community system,Ground water,Randolph,LEVEL CROSS,25,3,8,12
NC0276660,LEVEL CROSS SHELL,Transient non-community system,Ground water,Randolph,LEVEL CROSS,25,5,4,15
NC0197561,LEWIS BAPTIST CHURCH,Transient non-community system,Ground water,Wilkes,N WILKESBORO,25,3,10,15
NC0197448,LEWIS FORK BAPTIST CHURCH,Transient non-community system,Ground water,Wilkes,PURLEAR,175,5,24,16
NC0157474,LIBERTY BAPTIST CHURCH,Transient non-community system,Ground water,Macon,FRANKLIN,70,4,1,14
NC0230434,LIBERTY BAPTIST CHURCH,Transient non-community system,Ground water,Davie,MOCKSVILLE,25,4,4,11
NC0144593,LIBERTY BAPTIST CHURCH,Transient non-community system,Ground water,Haywood,WAYNESVILLE,30,3,13,12
NC0291464,LIBERTY CHRISTIAN CHURCH,Transient non-community system,Ground water,Vance,HENDERSON,50,3,12,13
NC0158479,LIBERTY MISSIONARY BAPTIST CH,Transient non-community system,Ground water,Madison,HOT SPRINGS,60,3,34,11
NC0180427,LIBERTY UMC,Transient non-community system,Ground water,Rowan,GOLD HILL,50,3,4,24
NC0279748,LIBERTY WESLEYAN CHURCH,Transient non-community system,Ground water,Rockingham,SUMMERFIELD,150,4,6,16
NC0136921,LIFE OF FAITH FELLOWSHIP,Transient non-community system,Ground water,Gaston,GASTONIA,85,3,49,30
NC0184548,LIGHTHOUSE BAPTIST CHURCH,Transient non-community system,Ground water,Stanly,ALBEMARLE,170,3,26,39
NC1050074,LIGHTHOUSE BAPTIST CHURCH,Transient non-community system,Ground water,Jackson,SYLVA,125,3,0,7
NC4392524,LIGHTHOUSE BAPTIST CHURCH,Transient non-community system,Ground water,Wake,ROLESVILLE,35,3,47,23
NC0136769,LIL DEBBIES COUNTRY SANDWICH,Transient non-community system,Ground water,Gaston,DALLAS,25,3,71,70
NC0106535,LINDSEY DENTAL OFFICE,Transient non-community system,Ground water,Avery,NEWLAND,25,3,5,11
NC0118523,LINEBERGER`S CATTLE COMPANY,Transient non-community system,Ground water,Catawba,SHERRILLS FORD,300,5,0,27
NC0156445,LINVILLE FALLS COMMUNITY CH,Transient non-community system,Ground water,McDowell,LINVILLE FALLS,50,3,10,16
NC1012032,LINVILLE FALLS GENERAL STORE,Transient non-community system,Ground water,Burke,,65,3,3,9
NC0156477,LINVILLE FALLS LODGE,Transient non-community system,Ground water,McDowell,LINVILLE FALLS,200,4,45,36
NC0106496,"LINVILLE FALLS R.V PARK, CAMPGROUND AND",Transient non-community system,Ground water,Avery,LINVILLE FALLS,102,4,43,28
NC1012011,LINVILLE RIVERS END RV PARK  NO 1,Transient non-community system,Ground water,Burke,NEBO,30,3,2,14
NC1012012,LINVILLE RIVERS END RV PARK  NO 2,Transient non-community system,Ground water,Burke,NEBO,30,3,4,10
NC1012013,LINVILLE RIVERS END RV PARK  NO 3,Transient non-community system,Ground water,Burke,NEBO,30,3,10,11
NC1012014,LINVILLE RIVERS END RV PARK  NO 4,Transient non-community system,Ground water,Burke,NEBO,42,3,12,11
NC1012009,LINVILLE SHORES CAMPGROUND,Transient non-community system,Ground water,Burke,MORGANTON,163,4,13,23
NC0299486,LITTLE KITCHEN,Transient non-community system,Ground water,Yadkin,UNION GROVE,25,6,40,38
NC7010017,LITTLE MACEDONIA BAPT CHURCH,Transient non-community system,Ground water,Brunswick,SUPPLY,75,4,19,12
NC3086039,LITTLE RICHMOND BAPTIST CHURCH,Transient non-community system,Ground water,Surry,ELKIN,25,6,2,19
NC0188508,LITTLE RIVER BAPTIST CHURCH,Transient non-community system,Ground water,Transylvania,PENROSE,250,4,7,19
NC0332561,LITTLE RIVER LAKE BOAT HOUSE,Transient non-community system,Ground water,Durham,DURHAM,30,4,38,25
NC4068013,LITTLE RIVER RECREATIONAL PARK,Transient non-community system,Ground water,Orange,ROUGEMONT,100,5,20,21
NC0197471,LITTLE ROCK BAPTIST CHURCH,Transient non-community system,Ground water,Wilkes,BOOMER,25,4,0,11
NC1061018,LITTLE ROCK CREEK CAMPGROUND,Transient non-community system,Ground water,Mitchell,BAKERSVILLE,25,3,10,11
NC1061022,LITTLE SWITZERLAND ORCHARD & BREWERY,Transient non-community system,Ground water,Mitchell,SPRUCE PINE,25,3,0,3
NC0118578,LITTLES FAMILY CAMPGROUND,Transient non-community system,Ground water,Catawba,SHERRILLS FORD,150,4,7,36
NC0474407,LIVE OAK FWB CHURCH,Transient non-community system,Ground water,Pitt,GRIFTON,75,3,42,31
NC3017050,LIVELY STONES BAPT CH #2,Transient non-community system,Ground water,Caswell,,75,3,10,10
NC4035007,LIVING SPRINGS CHURCH OF GOD,Transient non-community system,Ground water,Franklin,FRANKLINTON,60,3,43,21
NC4392527,LIVING WATERS AME,Transient non-community system,Ground water,Wake,RALEIGH,200,2,9,14
NC3041049,LIVING WATERS BAPTIST CHURCH,Transient non-community system,Ground water,Guilford,GREENSBORO,25,3,21,17
NC1056040,LIVING WATERS TABERNACLE,Transient non-community system,Ground water,McDowell,OLD FORT,150,3,2,11
NC2036025,LIVING WORD TABERNACLE,Transient non-community system,Ground water,Gaston,GASTONIA,200,3,0,22
NC0424755,LIVINGSTON BAPTIST CHURCH,Transient non-community system,Ground water,Columbus,DELCO,150,3,3,13
NC7024027,LIVINGSTON CREEK,Transient non-community system,Ground water,Columbus,DELCO,75,3,4,8
NC0114480,LIVINGSTON MEMORIAL BAPTIST CH,Transient non-community system,Ground water,Caldwell,LENOIR,50,4,2,21
NC0187489,LLOYDS ON THE RIVER,Transient non-community system,Ground water,Swain,BRYSON CITY,50,3,19,17
NC2049049,"LNK ICE, LLC",Transient non-community system,Ground water,Iredell,MOORESVILLE,25,3,0,7
NC0326427,LOCKS CREEK CHURCH,Transient non-community system,Ground water,Cumberland,FAYETTEVILLE,50,3,21,30
NC7010059,LOCKWOOD FOLLY MARKET PLACE,Transient non-community system,Ground water,Brunswick,SUPPLY,50,3,8,13
NC0111451,LOCUST GROVE BAPTIST CHURCH,Transient non-community system,Ground water,Buncombe,WEAVERVILLE,300,3,19,18
NC0241416,LOCUST GROVE BAPTIST CHURCH,Transient non-community system,Ground water,Guilford,BROWNS SUMMIT,25,3,12,14
NC0138430,LONE OAK BAPTIST CHURCH,Transient non-community system,Ground water,Graham,ROBBINSVILLE,125,3,4,21
NC5082012,LONG BRANCH BAPTIST CHURCH,Transient non-community system,Ground water,Sampson,AUTRYVILLE,75,4,4,18
NC0160531,LONG COVE YACHT CLUB,Transient non-community system,Ground water,Mecklenburg,CHARLOTTE,25,4,19,34
NC0136543,LONG CREEK PRESBYTERIAN,Transient non-community system,Ground water,Gaston,KINGS MOUNTAIN,75,4,32,65
NC0118311,LONG ISLAND CAMPGROUND,Transient non-community system,Ground water,Catawba,CATAWBA,58,4,0,36
NC7016043,LONG POINT CABINS,Transient non-community system,Ground water,Carteret,HARKERS ISLAND,50,6,2,10
NC0299419,LONGTOWN UNITED METHODIST CH,Transient non-community system,Ground water,Yadkin,YADKINVILLE,60,4,4,13
NC0157458,LONGVIEW BAPTIST CHURCH,Transient non-community system,Ground water,Macon,FRANKLIN,70,3,2,17
NC1056021,LOST DUTCHMAN`S MINING ASSOC,Transient non-community system,Ground water,McDowell,NEBO,50,3,7,9
NC0157422,LOUISA CHAPEL CHURCH,Transient non-community system,Ground water,Macon,FRANKLIN,55,4,6,17
NC1050010,LOVEDALE BAPTIST CHURCH,Transient non-community system,Ground water,Jackson,SYLVA,60,3,15,13
NC0100452,LOW GAP FWB CHURCH,Transient non-community system,Ground water,Yancey,BURNSVILLE,65,3,29,20
NC0286469,LOWGAP COMMUNITY CENTER,Transient non-community system,Ground water,Surry,LOW GAP,25,6,10,23
NC0156544,LUCKY STRIKE MINERS DINER,Transient non-community system,Ground water,McDowell,MARION,137,3,40,13
NC7024005,LUMBER RIVER CAMPGROUND,Transient non-community system,Ground water,Columbus,EVERGREEN,50,3,136,24
NC2080036,LUPITA`S VARIEDADES,Transient non-community system,Ground water,Rowan,CHINA GROVE,25,3,17,35
NC0180695,LUTHERAN CHAPEL CHURCH,Transient non-community system,Ground water,Rowan,CHINA GROVE,45,3,9,23
NC0180423,LUTHERS LUTHERAN CHURCH,Transient non-community system,Ground water,Rowan,RICHFIELD,35,3,7,31
NC0155489,LYNN`S STOP N SHOP,Transient non-community system,Ground water,Lincoln,IRON STATION,25,4,19,55
NC1011019,M&J FOOD STORE,Transient non-community system,Ground water,Buncombe,WEAVERVILLE,200,4,46,58
NC3017041,MA BARKERS STORE,Transient non-community system,Ground water,Caswell,,25,4,21,15
NC0217424,MACEDONIA AME CHURCH,Transient non-community system,Ground water,Caswell,MILTON,25,3,20,16
NC0326428,MACEDONIA BAPTIST CHURCH,Transient non-community system,Ground water,Cumberland,FAYETTEVILLE,75,4,21,30
NC0136883,MACEDONIA BAPTIST CHURCH,Transient non-community system,Ground water,Gaston,MT HOLLY,75,3,64,88
NC0113422,MACEDONIA BAPTIST CHURCH,Transient non-community system,Ground water,Cabarrus,CONCORD,60,4,28,43
NC0424688,MACEDONIA FWB CHURCH,Transient non-community system,Ground water,Columbus,WHITEVILLE,35,3,6,14
NC0155539,MACEDONIA METHODIST CHURCH,Transient non-community system,Ground water,Lincoln,VALE,35,3,0,23
NC0118764,MACEDONIA PENTECOSTAL HOLINESS,Transient non-community system,Ground water,Catawba,VALE,30,5,21,63
NC6059011,MACKEY`S FERRY PEANUTS& GIFTS,Transient non-community system,Ground water,Martin,JAMESVILLE,75,3,0,17
NC4392633,MACNAIRS COUNTRY ACRES,Transient non-community system,Ground water,Wake,RALEIGH,50,3,12,10
NC0157515,MACON COUNTY AIRPORT,Transient non-community system,Ground water,Macon,FRANKLIN,30,3,25,20
NC0363597,MAC`S FOOD STORE NO 5,Transient non-community system,Ground water,Moore,WEST END,100,6,34,24
NC0351464,MAC`S GENERAL MERCHANTILE,Transient non-community system,Ground water,Johnston,DUNN,25,4,71,18
NC0158427,MADISON SEMINARY BAPTIST CHURCH,Transient non-community system,Ground water,Madison,MARSHALL,35,3,11,7
NC0326429,MAGNOLIA BAPTIST CHURCH,Transient non-community system,Ground water,Cumberland,STEDMAN,80,3,11,23
NC0424689,MAGNOLIA MISS BAPTIST CHURCH,Transient non-community system,Ground water,Columbus,WHITEVILLE,100,3,5,13
NC0155533,MAIDEN WESLEYAN CHURCH,Transient non-community system,Ground water,Lincoln,MAIDEN,50,4,25,44
NC2080023,MAIN STREET BAPTIST CHURCH,Transient non-community system,Ground water,Rowan,CHINA GROVE,25,3,58,28
NC0235439,MANASSEH CHAPEL BAPTIST CHURCH,Transient non-community system,Ground water,Franklin,FRANKLINTON,100,4,33,14
NC0144521,MAPLE GROVE BAPTIST CHURCH,Transient non-community system,Ground water,Haywood,WAYNESVILLE,50,4,29,18
NC0279678,MAPLE LAWN BAPTIST CHURCH,Transient non-community system,Ground water,Rockingham,REIDSVILLE,125,3,11,13
NC0235482,MAPLE SPRINGS BAPTIST CHURCH,Transient non-community system,Ground water,Franklin,LOUISBURG,100,4,17,14
NC4068014,MAPLE VIEW FARM COUNTRY STORE,Transient non-community system,Ground water,Orange,HILLSBOROUGH,50,2,54,24
NC1011032,MARANATHA BAPTIST CHURCH,Transient non-community system,Ground water,Buncombe,WEAVERVILLE,200,4,34,16
NC0156570,MARION LAKE CLUB,Transient non-community system,Ground water,McDowell,NEBO,250,3,4,12
NC1056041,MARION LDS CHURCH,Transient non-community system,Ground water,McDowell,MARION,100,4,10,13
NC0180673,MARIO`S,Transient non-community system,Ground water,Rowan,CLEVELAND,25,3,9,31
NC4392438,MARIO`S MINI MART,Transient non-community system,Ground water,Wake,WENDELL,30,4,51,18
NC0136884,MARIPOSA BAPTIST CHURCH,Transient non-community system,Ground water,Gaston,STANLEY,125,4,9,41
NC2036031,MARK IT SOLD AUCTION,Transient non-community system,Ground water,Gaston,DALLAS,25,5,0,9
NC0111515,MARKET CENTER EXPRESS,Transient non-community system,Ground water,Buncombe,WEAVERVILLE,100,4,24,20
NC0377530,MARK`S CREEK PRESBYTERIAN CH,Transient non-community system,Ground water,Richmond,HAMLET,50,3,9,11
NC0291541,MARROW'S CHAPEL CHURCH,Transient non-community system,Ground water,Vance,HENDERSON,45,3,6,11
NC0158467,MARS HILL QUICK STOP,Transient non-community system,Ground water,Madison,MARS HILL,200,4,34,17
NC1058029,MARSHALL COMMUNITY BAPTIST CHURCH,Transient non-community system,Ground water,Madison,MARSHALL,40,3,4,8
NC0155528,MARVIN UNITED METHODIST CHURCH,Transient non-community system,Ground water,Lincoln,LINCOLNTON,30,3,4,27
NC0326571,MARVIN UNITED METHODIST CHURCH,Transient non-community system,Ground water,Cumberland,FAYETTEVILLE,50,6,10,23
NC0190521,MARY ELIZABETH BAPTIST CH,Transient non-community system,Ground water,Union,WAXHAW,25,4,6,31
NC0239452,MARY`S CHAPEL CHURCH,Transient non-community system,Ground water,Granville,WAKE FOREST,50,3,6,12
NC0195552,MARY`S KITCHEN,Transient non-community system,Ground water,Watauga,BOONE,25,3,30,16
NC0187609,MASHBURN`S,Transient non-community system,Ground water,Swain,BRYSON CITY,40,3,10,16
NC0465465,MASONBORO YACHT CLUB & MARINA,Transient non-community system,Ground water,New Hanover,WILMINGTON,100,7,29,38
NC0195544,MAST FARM INN,Transient non-community system,Ground water,Watauga,VALLE CRUCIS,25,3,20,12
NC0195512,MAST GENERAL STORE,Transient non-community system,Ground water,Watauga,VALLE CRUCIS,25,3,6,13
NC0195504,MAST GENERAL STORE ANNEX,Transient non-community system,Ground water,Watauga,VALLE CRUCIS,25,3,2,17
NC7065023,MASTEC,Transient non-community system,Ground water,New Hanover,WILMINGTON,40,4,8,10
NC0299448,MATA #2,Transient non-community system,Ground water,Yadkin,EAST BEND,25,4,6,14
NC0118667,MATHIS CHAPEL BAPTIST CHURCH,Transient non-community system,Ground water,Catawba,CATAWBA,60,4,1,28
NC0273438,MAYO LAKE FOOD MART,Transient non-community system,Ground water,Person,ROXBORO,50,4,33,17
NC4073015,MAYO PARK- BOAT LAUNCH,Transient non-community system,Ground water,Person,ROXBORO,25,3,6,10
NC4073014,MAYO PARK- NEAR CABINS,Transient non-community system,Ground water,Person,ROXBORO,25,4,19,12
NC4073012,MAYO PARK-EASTERN CORNER,Transient non-community system,Ground water,Person,ROXBORO,25,5,12,14
NC4073022,MAYO PARK-EDUCATION CENTER,Transient non-community system,Ground water,Person,ROXBORO,25,4,3,6
NC0180583,MCCANLESS GOLF COURSE,Transient non-community system,Ground water,Rowan,SALISBURY,100,3,11,31
NC0392962,MCCULLERS COMMUNITY BAPT CH,Transient non-community system,Ground water,Wake,RALEIGH,100,4,6,12
NC0363480,MCDONALDS CHAPEL PRESBYTERIAN,Transient non-community system,Ground water,Moore,PINEHURST,50,4,12,27
NC0160603,MCDOWELL PARK-COPPERHEAD LANDING,Transient non-community system,Ground water,Mecklenburg,CHARLOTTE,25,4,5,24
NC1075017,MCGUINN`S STORE,Transient non-community system,Ground water,Polk,MILL SPRINGS,50,3,1,15
NC0138451,MEADOW BRANCH CHURCH,Transient non-community system,Ground water,Graham,ROBBINSVILLE,35,2,3,7
NC0158480,MEADOW FORK COMM STORE & CMPGR,Transient non-community system,Ground water,Madison,HOT SPRINGS,65,3,8,10
NC0122422,MEADOW GROVE BAPTIST CH,Transient non-community system,Ground water,Clay,HAYESVILLE,300,4,7,13
NC0144437,MEADOW GROVE BAPTIST CHURCH,Transient non-community system,Ground water,Haywood,CANTON,30,4,12,19
NC2018002,MEADOW RIDGE CHURCH,Transient non-community system,Ground water,Catawba,MAIDEN,40,3,4,28
NC0144462,MEADOWBROOK RESORT INC,Transient non-community system,Ground water,Haywood,MAGGIE VALLEY,25,4,39,17
NC0285443,MEADOWS BAPTIST CHURCH,Transient non-community system,Ground water,Stokes,WALNUT COVE,125,3,15,12
NC0156465,MECKLENBURG SCOUT CAMP,Transient non-community system,Ground water,McDowell,NEBO,300,5,11,15
NC0241457,MEMORIAL PRESBYTERIAN CHURCH,Transient non-community system,Ground water,Guilford,GREENSBORO,75,5,11,17
NC0149521,MENDEZ & TORRES FAMILY DENTISTRY,Transient non-community system,Ground water,Iredell,MOORESVILLE,30,3,65,39
NC0158485,METCO TIRE & AUTO SERVICE,Transient non-community system,Ground water,Madison,MARS HILL,100,3,7,14
NC0157478,MI MOUNTAIN CAMPGROUND,Transient non-community system,Ground water,Macon,FRANKLIN,80,4,16,34
NC0113405,MIAMI BAPTIST CHURCH,Transient non-community system,Ground water,Cabarrus,MT PLEASANT,40,6,32,39
NC0363557,MIDDLE CROSS BAPTIST CH,Transient non-community system,Ground water,Moore,JACKSON SPRINGS,125,4,35,31
NC0188497,MIDDLE FORK BAPTIST CHURCH,Transient non-community system,Ground water,Transylvania,ROSMAN,25,3,26,14
NC0464555,MIDPOINT CHURCH,Transient non-community system,Ground water,Nash,MIDDLESEX,200,4,17,22
NC0188516,MIDWAY BIBLE BAPTIST CHURCH,Transient non-community system,Ground water,Transylvania,BREVARD,60,5,18,24
NC3030003,MIDWAY CAMPGROUND,Transient non-community system,Ground water,Davie,STATESVILLE,25,4,8,1
NC0138448,MIDWAY CHURCH,Transient non-community system,Ground water,Graham,ROBBINSVILLE,25,4,27,14
NC0363448,MIDWAY GRILL,Transient non-community system,Ground water,Moore,CARTHAGE,50,4,29,47
NC1087005,MIDWAY MISSIONARY BAPTIST CHURCH,Transient non-community system,Ground water,Swain,BRYSON CITY,45,5,5,8
NC0276508,MIDWAY WESLEYAN CHURCH,Transient non-community system,Ground water,Randolph,RANDLEMAN,55,3,20,17
NC0424612,MILL BRANCH MISSIONARY BAPT.CH,Transient non-community system,Ground water,Columbus,BRUNSWICK,120,3,32,18
NC0190459,MILL CREEK BAPTIST CHURCH,Transient non-community system,Ground water,Union,MONROE,310,4,25,33
NC0382585,MILL CREEK BAPTIST CHURCH,Transient non-community system,Ground water,Sampson,ROSEBORO,75,4,9,18
NC0175479,MILL CREEK CHURCH,Transient non-community system,Ground water,Polk,TRYON,50,3,3,20
NC0103453,MILLER`S CAMPGROUND,Transient non-community system,Ground water,Alleghany,LAUREL SPRINGS,122,5,38,33
NC0145564,MILLS RIVER BAPTIST CHURCH,Transient non-community system,Ground water,Henderson,HORSE SHOE,50,3,17,12
NC3076025,MILLSTONE CREEK ORCHARDS,Transient non-community system,Ground water,Randolph,,25,3,5,8
NC1061014,MINE CREEK BAPTIST CHURCH,Transient non-community system,Ground water,Mitchell,BAKERSVILLE,80,3,4,10
NC2060055,MINT HILL PROPERTY MGT LLC,Transient non-community system,Ground water,Mecklenburg,MINT HILL,25,3,44,18
NC0424838,MINUTEMAN FOOD MART NO 21,Transient non-community system,Ground water,Columbus,WHITEVILLE,150,4,0,4
NC0235417,MITCHELL MISSIONARY BAPT CH,Transient non-community system,Ground water,Franklin,LOUISBURG,200,4,5,13
NC0299424,MITCHELLS CHAPEL UMC,Transient non-community system,Ground water,Yadkin,BOONVILLE,65,4,9,22
NC0464532,MOMEYER BAPTIST CHURCH,Transient non-community system,Ground water,Nash,NASHVILLE,150,3,18,13
NC0279428,MONROETON GOLF COURSE,Transient non-community system,Ground water,Rockingham,REIDSVILLE,25,3,13,17
NC0181522,MONTFORD COVE MISSIONARY BAPT,Transient non-community system,Ground water,Rutherford,UNION MILLS,75,3,33,15
NC0150190,MOONSHINE CREEK CAMPGROUND,Transient non-community system,Ground water,Jackson,BALSAM,238,5,13,17
NC7071060,MOORES CREEK MISS BAPT FELLOWSHIP HALL,Transient non-community system,Ground water,Pender,CURRIE,125,3,2,5
NC0149578,MOORESVILLE MOOSE LODGE,Transient non-community system,Ground water,Iredell,MOORESVILLE,25,3,22,32
NC7071020,MOORE`S CREEK BAPTIST CHURCH,Transient non-community system,Ground water,Pender,CURRIE,100,3,8,9
NC7071019,MOORE`S CREEK MISSIONARY BAPT,Transient non-community system,Ground water,Pender,CURRIE,125,3,3,11
NC0471406,MOORE`S CREEK NATL BATTLEFIELD,Transient non-community system,Ground water,Pender,CURRIE,150,7,11,54
NC3041040,MOOSE LODGE  NO 685,Transient non-community system,Ground water,Guilford,GREENSBORO,25,4,22,17
NC1061003,MOOSE LODGE 1159 & CAMPGROUND,Transient non-community system,Ground water,Mitchell,SPRUCE PINE,60,3,14,28
NC0111441,MORGAN HILL BAPTIST CHURCH,Transient non-community system,Ground water,Buncombe,WEAVERVILLE,35,4,21,16
NC2080075,MORGAN RIDGE WINERY,Transient non-community system,Ground water,Rowan,,30,3,1,13
NC0160687,MORNING STAR BAPTIST CHURCH,Transient non-community system,Ground water,Mecklenburg,CHARLOTTE,100,3,3,29
NC2080063,MORNING STAR BAPTIST CHURCH,Transient non-community system,Ground water,Rowan,,175,3,10,26
NC0184492,MORROW MTN ST PARK-HATTAWAY,Transient non-community system,Ground water,Stanly,ALBEMARLE,25,12,8,59
NC0184491,MORROW MTN ST PARK-PICNIC AREA,Transient non-community system,Ground water,Stanly,ALBEMARLE,25,5,4,37
NC0184124,MORROW MTN ST PARK-RESIDENCE,Transient non-community system,Ground water,Stanly,ALBEMARLE,25,4,27,35
NC0114455,MORTIMER CAMPGROUND,Transient non-community system,Ground water,Caldwell,COLLETTSVILLE,100,4,16,23
NC0197607,MOUNT CALVARY BAPTIST CHURCH,Transient non-community system,Ground water,Wilkes,RONDA,25,3,13,11
NC0273468,MOUNT HARMONY BAPTIST CHURCH,Transient non-community system,Ground water,Person,ROUGEMONT,310,5,6,17
NC0156440,MOUNT HEBRON WESLEYAN CHURCH,Transient non-community system,Ground water,McDowell,OLD FORT,100,3,33,24
NC0105443,MOUNT JEFFERSON STATE PARK,Transient non-community system,Ground water,Ashe,JEFFERSON,25,6,25,20
NC0235481,MOUNT OLIVET BAPTIST CH,Transient non-community system,Ground water,Franklin,FRANKLINTON,225,4,27,20
NC0111448,MOUNT SHEBA BAPTIST CHURCH,Transient non-community system,Ground water,Buncombe,WEAVERVILLE,150,3,13,17
NC1011089,MOUNT SOMA STUDENT UNION,Transient non-community system,Ground water,Buncombe,CLYDE,60,4,1,2
NC1011088,MOUNT SOMA VISITORS CENTER,Transient non-community system,Ground water,Buncombe,CLYDE,50,4,1,2
NC0180534,MOUNT TABOR UMC,Transient non-community system,Ground water,Rowan,SALISBURY,70,5,11,28
NC0201449,MOUNT ZION BAPTIST CHURCH,Transient non-community system,Ground water,Alamance,LIBERTY,175,3,11,10
NC4073017,MOUNT ZION UNITED METHODIST CHURCH,Transient non-community system,Ground water,Person,HURDLE MILLS,25,3,14,10
NC0105431,MOUNTAIN AIRE SEAFOOD & STEAKS,Transient non-community system,Ground water,Ashe,WEST JEFFERSON,25,4,15,19
NC0239407,MOUNTAIN CREEK BAPT CHURCH,Transient non-community system,Ground water,Granville,OXFORD,25,3,12,17
NC0181454,MOUNTAIN CREEK BAPTIST CHURCH,Transient non-community system,Ground water,Rutherford,RUTHERFORDTON,117,3,24,12
NC0118591,MOUNTAIN CREEK MARINA,Transient non-community system,Ground water,Catawba,SHERRILLS FORD,30,3,35,28
NC2018020,MOUNTAIN CREEK PARK BIKE PUMP TRACK,Transient non-community system,Ground water,Catawba,SHERRILLS FORD,25,3,0,10
NC2018021,MOUNTAIN CREEK PARK LAKE FRONT,Transient non-community system,Ground water,Catawba,SHERRILLS FORD,25,3,0,9
NC2018022,MOUNTAIN CREEK PARK MAIN OFFICE,Transient non-community system,Ground water,Catawba,SHERRILLS FORD,25,3,0,8
NC3095045,MOUNTAIN DOG COFFEE,Transient non-community system,Ground water,Watauga,BOONE,25,4,3,5
NC0188139,MOUNTAIN FALLS,Transient non-community system,Ground water,Transylvania,LAKE TOXAWAY,400,12,2,30
NC0112575,MOUNTAIN GROVE UMC,Transient non-community system,Ground water,Burke,MORGANTON,47,4,12,11
NC0161427,MOUNTAIN HOLLER STEAK & SEAFOOD,Transient non-community system,Ground water,Mitchell,BAKERSVILLE,100,6,64,23
NC0145570,MOUNTAIN HOME BAPTIST CHURCH,Transient non-community system,Ground water,Henderson,EDNEYVILLE,90,3,9,9
NC2036044,MOUNTAIN ISLAND STATE FOREST,Transient non-community system,Ground water,Gaston,STANLEY,25,4,0,10
NC0157547,MOUNTAIN RETREAT & LEARNING CT,Transient non-community system,Ground water,Macon,HIGHLANDS,60,8,136,20
NC0102572,MOUNTAIN RIDGE BAPT CHURCH,Transient non-community system,Ground water,Alexander,TAYLORSVILLE,40,3,4,26
NC0144424,MOUNTAIN SHADOWS CAMPGROUND,Transient non-community system,Ground water,Haywood,CANTON,75,3,22,24
NC0190497,MOUNTAIN SPRINGS BAPTIST CH,Transient non-community system,Ground water,Union,MONROE,130,4,10,30
NC0157122,MOUNTAIN SPRINGS PARK,Transient non-community system,Ground water,Macon,FRANKLIN,71,4,97,29
NC1050053,MOUNTAIN TOP LAKE CLUB,Transient non-community system,Ground water,Jackson,CASHIERS,25,3,6,9
NC0145574,MOUNTAIN VALLEY BAPTIST CHURCH,Transient non-community system,Ground water,Henderson,TUXEDO,100,6,9,10
NC0188568,MOUNTAIN VIEW BAPTIST CHURCH,Transient non-community system,Ground water,Transylvania,LAKE TOXAWAY,25,2,9,11
NC0145575,MOUNTAIN VIEW BAPTIST CHURCH,Transient non-community system,Ground water,Henderson,TUXEDO,85,3,5,13
NC0299433,MOUNTAIN VIEW BAPTIST CHURCH,Transient non-community system,Ground water,Yadkin,HAMPTONVILLE,275,2,21,17
NC0144580,MOUNTAIN VIEW CHURCH OF GOD,Transient non-community system,Ground water,Haywood,CANTON,100,3,47,19
NC0111488,MOUNTAIN VIEW MOTEL,Transient non-community system,Ground water,Buncombe,CANDLER,50,4,12,17
NC0286629,MT AIRY 1ST PENT HOLINESS CH,Transient non-community system,Ground water,Surry,MT AIRY,210,4,9,10
NC0299481,MT BETHEL BAPTIST CHURCH,Transient non-community system,Ground water,Yadkin,EAST BEND,25,3,12,16
NC0111454,MT BETHEL FWB CHURCH,Transient non-community system,Ground water,Buncombe,WEAVERVILLE,90,3,10,21
NC0332510,MT BETHEL UMC,Transient non-community system,Ground water,Durham,BAHAMA,150,4,34,13
NC0136659,MT BEULAH BAPTIST CHURCH,Transient non-community system,Ground water,Gaston,BESSEMER CITY,165,4,4,37
NC0156506,MT CALVARY FWB CHURCH,Transient non-community system,Ground water,McDowell,MARION,80,3,21,15
NC0113480,MT CARMEL BAPT CH,Transient non-community system,Ground water,Cabarrus,CONCORD,30,3,2,23
NC0187531,MT CARMEL BAPTIST CHURCH,Transient non-community system,Ground water,Swain,BRYSON CITY,35,3,15,15
NC0382593,MT CARMEL CHURCH OF GOD,Transient non-community system,Ground water,Sampson,AUTRYVILLE,75,3,9,22
NC3099035,MT CARMEL FELLOWSHIP HALL,Transient non-community system,Ground water,Yadkin,,100,3,2,8
NC0299518,MT CARMEL FRIENDS MEETING,Transient non-community system,Ground water,Yadkin,EAST BEND,100,3,24,16
NC0382594,MT ELAM BAPTIST CHURCH,Transient non-community system,Ground water,Sampson,ROSEBORO,150,4,2,22
NC0279660,MT HERMAN BAPTIST CHURCH,Transient non-community system,Ground water,Rockingham,REIDSVILLE,60,3,23,17
NC0392927,MT HERMAN CHRISTIAN CHURCH,Transient non-community system,Ground water,Wake,GARNER,85,3,18,13
NC0368443,MT HERMON BAPT CHURCH,Transient non-community system,Ground water,Orange,DURHAM,45,5,140,35
NC0157437,MT HOPE BAPTIST CHURCH,Transient non-community system,Ground water,Macon,FRANKLIN,75,3,20,20
NC0100487,MT MITCHELL STATE PARK,Transient non-community system,Ground water,Yancey,BURNSVILLE,"2,400",7,16,27
NC2013011,MT MITCHELL UNITED METHODIST,Transient non-community system,Ground water,Cabarrus,KANNAPOLIS,80,4,17,29
NC0291417,MT MORIAH AME ZION CHURCH,Transient non-community system,Ground water,Vance,HENDERSON,100,3,11,10
NC0368444,MT MORIAH BAPTIST CHURCH,Transient non-community system,Ground water,Orange,DURHAM,120,3,25,19
NC0145568,MT MORIAH BAPTIST CHURCH,Transient non-community system,Ground water,Henderson,EDNEYVILLE,150,4,2,9
NC0235483,MT MORIAH MISSIONARY BAPTIST,Transient non-community system,Ground water,Franklin,LOUISBURG,40,4,64,26
NC0138431,MT NEBO CHURCH,Transient non-community system,Ground water,Graham,ROBBINSVILLE,50,3,16,11
NC0201472,MT OLIVE BAPTIST CHURCH,Transient non-community system,Ground water,Alamance,PITTSBORO,80,3,11,13
NC7010065,MT OLIVE BAPTIST CHURCH_7010065,Transient non-community system,Ground water,Brunswick,BOLIVIA,200,4,1,13
NC0326875,MT OLIVE FREEWILL BAPTIST,Transient non-community system,Ground water,Cumberland,WADE,75,3,8,21
NC0424562,MT OLIVE FWB CHURCH,Transient non-community system,Ground water,Columbus,WHITEVILLE,35,3,1,14
NC0113461,MT OLIVE LUTHERAN CHURCH,Transient non-community system,Ground water,Cabarrus,MT PLEASANT,35,4,17,31
NC0160896,MT OLIVE PRESBYTERIAN CHURCH,Transient non-community system,Ground water,Mecklenburg,CHARLOTTE,100,3,28,32
NC0156542,MT PARADISE CAMPGROUND,Transient non-community system,Ground water,McDowell,MARION,135,3,14,13
NC0197611,MT PISGAH BAPTIST CHURCH,Transient non-community system,Ground water,Wilkes,N WILKESBORO,25,3,10,9
NC0326503,MT PISGAH BAPTIST CHURCH,Transient non-community system,Ground water,Cumberland,FAYETTEVILLE,75,4,19,22
NC0136748,MT PISGAH BAPTIST CHURCH,Transient non-community system,Ground water,Gaston,GASTONIA,250,4,6,29
NC0100508,MT PLEASANT BAPTIST CHURCH,Transient non-community system,Ground water,Yancey,BURNSVILLE,120,3,5,14
NC0122419,MT PLEASANT BAPTIST CHURCH,Transient non-community system,Ground water,Clay,HAYESVILLE,175,3,8,13
NC3086017,MT PLEASANT BAPTIST CHURCH  NO 2,Transient non-community system,Ground water,Surry,STATE ROAD,170,4,4,10
NC0392597,MT PLEASANT PRESBYTERIAN CH,Transient non-community system,Ground water,Wake,WILLOW SPRINGS,40,5,11,13
NC0197562,MT SINAI BAPTIST CHURCH,Transient non-community system,Ground water,Wilkes,WILKESBORO,25,3,34,13
NC0424759,MT SINAI HOLINESS CHURCH,Transient non-community system,Ground water,Columbus,BOLTON,120,4,17,19
NC0180575,MT TABOR UNITED PRESBYTERIAN,Transient non-community system,Ground water,Rowan,CLEVELAND,25,3,11,28
NC0273444,MT TIRZAH UMC,Transient non-community system,Ground water,Person,TIMBERLAKE,70,3,46,17
NC0188557,MT TOXAWAY MOTEL,Transient non-community system,Ground water,Transylvania,SAPPHIRE,50,3,8,19
NC0155564,MT VERNON BAPTIST CHURCH,Transient non-community system,Ground water,Lincoln,VALE,250,6,11,33
NC0181451,MT VERNON BAPTIST CHURCH,Transient non-community system,Ground water,Rutherford,FOREST CITY,150,3,8,11
NC0326569,MT VERNON BAPTIST CHURCH,Transient non-community system,Ground water,Cumberland,FAYETTEVILLE,50,3,18,25
NC0180699,MT VERNON PRESBYTERIAN CH,Transient non-community system,Ground water,Rowan,WOODLEAF,70,3,47,30
NC0181511,MT VIEW BAPTIST CHURCH,Transient non-community system,Ground water,Rutherford,RUTHERFORDTON,200,4,12,20
NC5082010,MT ZION AME ZION CHURCH,Transient non-community system,Ground water,Sampson,MAGNOLIA,50,5,32,20
NC0424606,MT ZION BAPT CHURCH,Transient non-community system,Ground water,Columbus,WHITEVILLE,35,3,8,14
NC0235404,MT ZION BAPTIST CH,Transient non-community system,Ground water,Franklin,LOUISBURG,50,4,28,17
NC0155578,MT ZION BAPTIST CHURCH,Transient non-community system,Ground water,Lincoln,ALEXIS,100,5,31,30
NC0144442,MT ZION BAPTIST CHURCH,Transient non-community system,Ground water,Haywood,CANTON,100,3,10,12
NC2090009,MT ZION BAPTIST CHURCH,Transient non-community system,Ground water,Union,MONROE,130,4,14,34
NC0187528,MT ZION BAPTIST CHURCH,Transient non-community system,Ground water,Swain,BRYSON CITY,75,3,18,20
NC0136528,MT ZION BAPTIST CHURCH,Transient non-community system,Ground water,Gaston,CHERRYVILLE,200,4,5,43
NC0279415,MT ZION METHODIST CHURCH,Transient non-community system,Ground water,Rockingham,STOKESDALE,25,3,9,12
NC0498532,MT ZION UNITED METH CHURCH,Transient non-community system,Ground water,Wilson,ELM CITY,50,5,12,15
NC0145539,MT. CARMEL BAPTIST CHURCH,Transient non-community system,Ground water,Henderson,HENDERSONVILLE,50,2,18,13
NC0180595,MT. HOPE CHURCH,Transient non-community system,Ground water,Rowan,SALISBURY,100,4,13,34
NC0106497,MTN GLEN GOLF CLUB,Transient non-community system,Ground water,Avery,NEWLAND,200,3,5,17
NC0285470,MTN TOP YOUTH CAMP,Transient non-community system,Ground water,Stokes,PINNACLE,150,4,4,14
NC0106501,MTN. RIVER FAMILY CAMPGROUND,Transient non-community system,Ground water,Avery,NEWLAND,120,4,37,31
NC5083001,MURPHY-BROWN SANITATION-LAURINBURG,Transient non-community system,Ground water,Scotland,LAURINBURG,40,5,0,11
NC5009010,MURPHY-BROWN SANITATION-TARHEEL,Transient non-community system,Ground water,Bladen,TAR HEEL,25,6,0,12
NC7065043,MYRTLE GROVE ANIMAL HOSPITAL,Transient non-community system,Ground water,New Hanover,WILMINGTON,85,3,5,13
NC7010035,MYRTLE HEAD BAPTIST CHURCH,Transient non-community system,Ground water,Brunswick,ASH,100,3,6,10
NC3095026,MYSTERY HILL,Transient non-community system,Ground water,Watauga,,25,3,7,6
NC0424859,NAKINA BAPTIST CHURCH,Transient non-community system,Ground water,Columbus,NAKINA,100,5,0,13
NC0157565,NANTAHALA BOAT LAUNCH,Transient non-community system,Ground water,Macon,TOPTON,25,6,8,23
NC0187605,NANTAHALA FOOD MART,Transient non-community system,Ground water,Swain,BRYSON CITY,25,5,21,17
NC0158463,NANTAHALA OUTDOOR CENTER,Transient non-community system,Ground water,Madison,MARSHALL,100,6,46,35
NC0464409,NASHVILLE SOUTH PROPERTIES LLC MLC,Transient non-community system,Ground water,Nash,NASHVILLE,96,3,34,13
NC0239472,NATIONAL GUARD--CAMP BUTNER,Transient non-community system,Ground water,Granville,STEM,25,11,35,15
NC1011053,NAVITAT CANOPY ADVENTURES,Transient non-community system,Ground water,Buncombe,BARNARDSVILLE,100,6,5,43
NC0156509,NEALSVILLE CHURCH OF GOD,Transient non-community system,Ground water,McDowell,MARION,150,4,16,21
NC0363403,NEEDHAM GROVE IND BAPT CH,Transient non-community system,Ground water,Moore,SEAGROVE,200,4,12,19
NC0180606,NEEDMORE BAPTIST CHURCH,Transient non-community system,Ground water,Rowan,WOODLEAF,25,3,43,31
NC0180529,NEEL ROAD BAPTIST CHURCH,Transient non-community system,Ground water,Rowan,SALISBURY,25,3,16,26
NC0114505,NELSON`S CHAPEL BAPTIST CHURCH,Transient non-community system,Ground water,Caldwell,LENOIR,65,3,25,20
NC0111405,NESBITT`S CHAPEL UNITED METHODIST CH,Transient non-community system,Ground water,Buncombe,FAIRVIEW,50,3,16,16
NC0368479,NEW AMERICAN CONVENIENCE STORE,Transient non-community system,Ground water,Orange,HILLSBOROUGH,200,4,104,25
NC0241696,NEW BESSEMER BAPTIST CHURCH,Transient non-community system,Ground water,Guilford,MCLEANSVILLE,25,3,9,8
NC3099017,NEW BIRTH WORSHIP CENTER,Transient non-community system,Ground water,Yadkin,EAST BEND,150,3,3,15
NC7010009,NEW BRITTON MISSIONARY BAPT CH,Transient non-community system,Ground water,Brunswick,ASH,60,5,2,23
NC0332575,NEW CALVARY CHURCH,Transient non-community system,Ground water,Durham,DURHAM,70,3,52,16
NC2080083,NEW COVENANT BAPTIST CHURCH,Transient non-community system,Ground water,Rowan,KANNAPOLIS,80,3,1,8
NC0136761,NEW COVENANT CHURCH,Transient non-community system,Ground water,Gaston,MT HOLLY,220,3,1,30
NC0118432,NEW COVENANT CHURCH OF GOD,Transient non-community system,Ground water,Catawba,HICKORY,40,4,1,25
NC3099020,NEW DAY ASSEMBLY OF GOD,Transient non-community system,Ground water,Yadkin,HAMPTONVILLE,25,4,8,13
NC0464314,NEW DIXIE MART  NO 19,Transient non-community system,Ground water,Nash,WHITAKERS,500,5,31,26
NC3017018,NEW EPHESUS BAPTIST CHURCH,Transient non-community system,Ground water,Caswell,RUFFIN,75,3,21,15
NC0113504,NEW GILEAD REFORMED UCC,Transient non-community system,Ground water,Cabarrus,CONCORD,50,3,2,16
NC0155579,NEW GRACE BAPTIST CHURCH,Transient non-community system,Ground water,Lincoln,IRON STATION,70,3,14,32
NC0239422,NEW GRASSY CREEK BAPT CHURCH,Transient non-community system,Ground water,Granville,OXFORD,175,4,18,16
NC7065019,NEW HANOVER COUNTY LANDFILL,Transient non-community system,Ground water,New Hanover,WILMINGTON,100,4,3,10
NC0136752,NEW HEIGHTS BAPTIST CHURCH,Transient non-community system,Ground water,Gaston,HIGH SHOALS,35,3,0,28
NC0424760,NEW HOPE BAPT CHURCH,Transient non-community system,Ground water,Columbus,BOLTON,200,4,0,14
NC0149436,NEW HOPE BAPTIST CH,Transient non-community system,Ground water,Iredell,STATESVILLE,130,5,26,45
NC0138440,NEW HOPE BAPTIST CHURCH,Transient non-community system,Ground water,Graham,ROBBINSVILLE,25,3,11,9
NC0197468,NEW HOPE BAPTIST CHURCH,Transient non-community system,Ground water,Wilkes,PURLEAR,80,3,16,10
NC0286656,NEW HOPE BAPTIST CHURCH,Transient non-community system,Ground water,Surry,DOBSON,100,3,14,11
NC0118783,NEW HOPE BAPTIST CHURCH,Transient non-community system,Ground water,Catawba,VALE,100,3,33,79
NC0180628,NEW HOPE BAPTIST CHURCH-SALISBURY,Transient non-community system,Ground water,Rowan,SALISBURY,300,5,0,27
NC0136421,NEW HOPE CHURCH OF GOD,Transient non-community system,Ground water,Gaston,GASTONIA,50,3,10,39
NC0239410,NEW HOPE GRANVILLE BAPT CHURCH,Transient non-community system,Ground water,Granville,OXFORD,300,4,9,12
NC0118738,NEW HOPE MORAVIAN CHURCH,Transient non-community system,Ground water,Catawba,NEWTON,50,3,1,24
NC0319433,NEW HOPE OVERLOOK,Transient non-community system,Ground water,Chatham,PITTSBORO,100,4,5,14
NC0136610,NEW HOPE VOL FIRE DEPT,Transient non-community system,Ground water,Gaston,BELMONT,25,4,9,40
NC4035002,NEW HOPE WORSHIP CENTER,Transient non-community system,Ground water,Franklin,LOUISBURG,120,3,104,20
NC4068011,NEW HORIZON CHURCH,Transient non-community system,Ground water,Orange,DURHAM,250,5,0,9
NC1056018,NEW HORIZON FELLOWSHIP CHURCH,Transient non-community system,Ground water,McDowell,MARION,125,4,3,17
NC0239421,NEW JOHNATHAN CRK BAPT CHURCH,Transient non-community system,Ground water,Granville,OAK HILL,75,3,22,12
NC0279672,NEW LEBANON CHRISTIAN CHURCH,Transient non-community system,Ground water,Rockingham,REIDSVILLE,25,4,21,15
NC7010012,NEW LIFE BAPTIST CHURCH,Transient non-community system,Ground water,Brunswick,ASH,25,3,9,10
NC0286597,NEW LIFE BAPTIST CHURCH,Transient non-community system,Ground water,Surry,MT AIRY,25,3,3,14
NC4092196,NEW LIFE CAMP,Transient non-community system,Ground water,Wake,RALEIGH,250,3,2,5
NC4092117,NEW LIFE CHURCH,Transient non-community system,Ground water,Wake,WAKE FOREST,100,4,57,12
NC0197605,NEW LIGHT BAPTIST CHURCH  NO 2,Transient non-community system,Ground water,Wilkes,MILLERS CREEK,45,4,5,11
NC2090023,NEW LVNG WORD DISCIPLESHIP & WORSHIP CTR,Transient non-community system,Ground water,Union,WAXHAW,150,3,3,5
NC0149481,NEW PROSPECT BAPT CHURCH,Transient non-community system,Ground water,Iredell,UNION GROVE,100,3,11,45
NC0118732,NEW PROSPECT BAPTIST CHURCH,Transient non-community system,Ground water,Catawba,SHERRILLS FORD,25,3,3,23
NC0392464,NEW PROVIDENCE BAPTIST CH,Transient non-community system,Ground water,Wake,FUQUAY-VARINA,75,3,16,15
NC2055008,NEW PROVIDENCE FULL GOSPEL CHU,Transient non-community system,Ground water,Lincoln,CROUSE,100,3,0,25
NC0332586,NEW RED MTN BAPTIST CHURCH,Transient non-community system,Ground water,Durham,ROUGEMONT,200,4,14,9
NC0103449,NEW RIVER COUNTRY CLUB,Transient non-community system,Ground water,Alleghany,SPARTA,30,3,11,19
NC3003006,NEW RIVER ST PARK-KINGS CREEK,Transient non-community system,Ground water,Alleghany,,25,3,3,7
NC0105468,NEW RIVER ST PARK-NO 3,Transient non-community system,Ground water,Ashe,JEFFERSON,25,4,9,13
NC3005007,NEW RIVER ST PARK-US 221  NO 4,Transient non-community system,Ground water,Ashe,,25,4,2,11
NC0105409,NEW RIVER ST PARK-WAGONER ROAD,Transient non-community system,Ground water,Ashe,JEFFERSON,25,3,2,18
NC0291462,NEW SANDY CREEK BAPTIST CH,Transient non-community system,Ground water,Vance,HENDERSON,100,8,14,17
NC0498415,NEW SANDY HILL FWB CHURCH,Transient non-community system,Ground water,Wilson,BAILEY,60,3,11,20
NC0368403,NEW SHARON CHURCH INCORPORATED,Transient non-community system,Ground water,Orange,HILLSBOROUGH,25,4,69,24
NC0201515,NEW SOUTH INC--OFFICE WELL,Transient non-community system,Ground water,Alamance,GRAHAM,25,3,3,16
NC0113525,NEW TESTAMENT INDEPENDENT BAPT,Transient non-community system,Ground water,Cabarrus,KANNAPOLIS,40,6,26,36
NC0155580,NEW VISION MINISTRIES,Transient non-community system,Ground water,Lincoln,LINCOLNTON,175,5,135,44
NC0180428,NEW ZION BAPTIST CHURCH,Transient non-community system,Ground water,Rowan,SALISBURY,40,4,18,24
NC0111411,NEWFOUND BAPTIST CHURCH,Transient non-community system,Ground water,Buncombe,ASHEVILLE,125,3,12,17
NC0157550,NEWMAN CHAPEL BAPTIST CHURCH,Transient non-community system,Ground water,Macon,OTTO,120,4,23,22
NC0416493,NEWPORT FLEA MALL,Transient non-community system,Ground water,Carteret,NEWPORT,150,6,34,13
NC3029002,NEWSOM MHP CAMPGROUND,Transient non-community system,Ground water,Davidson,DENTON,74,5,24,32
NC2090012,NICEY GROVE MISSIONARY BAPTIST CH,Transient non-community system,Ground water,Union,WINGATE,125,3,59,29
NC0155490,NORMAN`S GRILL,Transient non-community system,Ground water,Lincoln,VALE,150,4,9,30
NC0136808,NORTH BELMONT PARK,Transient non-community system,Ground water,Gaston,GASTONIA,25,5,9,30
NC0100464,NORTH BEND FWB CHURCH,Transient non-community system,Ground water,Yancey,GREEN MOUNTAIN,60,6,0,16
NC0155526,NORTH BROOK BAPTIST CHURCH,Transient non-community system,Ground water,Lincoln,CHERRYVILLE,140,3,0,25
NC0392965,NORTH CAROLINA BAPTIST CHURCH,Transient non-community system,Ground water,Wake,WENDELL,50,3,30,14
NC7065049,NORTH CAROLINA KENWORTH,Transient non-community system,Ground water,New Hanover,WILMINGTON,50,4,0,7
NC0465614,NORTH COLLEGE PLAZA,Transient non-community system,Ground water,New Hanover,CASTLE HAYNE,50,4,3,13
NC0156571,NORTH COVE TRUCK SERVICE,Transient non-community system,Ground water,McDowell,MARION,40,3,8,17
NC3099013,NORTH OAK RIDGE BAPTIST CHURCH,Transient non-community system,Ground water,Yadkin,BOONVILLE,85,4,19,16
NC0188461,NORTH TOXAWAY BAPTIST CHURCH,Transient non-community system,Ground water,Transylvania,LAKE TOXAWAY,160,4,5,16
NC3041091,NORTHEAST PARK CONCESSIONS,Transient non-community system,Ground water,Guilford,,100,3,7,7
NC3041093,NORTHEAST PARK FARMHOUSE,Transient non-community system,Ground water,Guilford,,100,3,7,7
NC3041092,NORTHEAST PARK IRRIGATION POND,Transient non-community system,Ground water,Guilford,,100,3,16,11
NC0368466,NORTHERN CEDAR GROVE COMMUNITY CENTER,Transient non-community system,Ground water,Orange,HILLSBOROUGH,50,9,82,21
NC0332469,NORTHERN FWB CHURCH,Transient non-community system,Ground water,Durham,BAHAMA,130,4,11,12
NC0465544,NORTHGATE BUSINESS PARK,Transient non-community system,Ground water,New Hanover,WILMINGTON,25,3,80,18
NC2080070,NORTHGATE CHURCH,Transient non-community system,Ground water,Rowan,,50,3,6,21
NC0234497,NORTHSIDE BAPTIST CHURCH,Transient non-community system,Ground water,Forsyth,WINSTON SALEM,25,3,5,9
NC4019023,NORTHWEST PARK,Transient non-community system,Ground water,Chatham,,50,3,5,13
NC0145577,OAK FOREST BAPTIST CHURCH,Transient non-community system,Ground water,Henderson,FLETCHER,100,4,10,13
NC0188567,OAK GROVE BAPTIST CHURCH,Transient non-community system,Ground water,Transylvania,LAKE TOXAWAY,80,3,8,12
NC0106443,OAK GROVE BAPTIST CHURCH,Transient non-community system,Ground water,Avery,NEWLAND,150,3,5,18
NC0144531,OAK GROVE BAPTIST CHURCH,Transient non-community system,Ground water,Haywood,CLYDE,100,4,6,12
NC0235491,OAK GROVE BAPTIST CHURCH,Transient non-community system,Ground water,Franklin,YOUNGSVILLE,100,5,14,16
NC0299406,OAK GROVE BAPTIST CHURCH,Transient non-community system,Ground water,Yadkin,HAMPTONVILLE,50,4,19,14
NC0195496,OAK GROVE BAPTIST CHURCH,Transient non-community system,Ground water,Watauga,BOONE,25,3,5,13
NC0273466,OAK GROVE UMC,Transient non-community system,Ground water,Person,ROXBORO,80,3,15,15
NC0180702,OAK GROVE UMC,Transient non-community system,Ground water,Rowan,CHINA GROVE,55,3,13,36
NC0197571,OAK LEVEL BAPTIST CHURCH-WILKES CO,Transient non-community system,Ground water,Wilkes,ELKIN,25,4,12,13
NC0464516,OAK LEVEL CAFE,Transient non-community system,Ground water,Nash,ROCKY MOUNT,100,4,16,12
NC0285441,OAK RIDGE BAPTIST CHURCH,Transient non-community system,Ground water,Stokes,SANDY RIDGE,50,4,12,18
NC0241421,OAK RIDGE FIRST BAPT CH,Transient non-community system,Ground water,Guilford,OAK RIDGE,25,3,24,15
NC0241711,OAK RIDGE PRESBYTERIAN CHURCH,Transient non-community system,Ground water,Guilford,OAK RIDGE,25,3,4,13
NC0241491,OAK RIDGE SWIM CLUB,Transient non-community system,Ground water,Guilford,OAK RIDGE,50,4,23,21
NC0326437,OAKGROVE PENTECOSTAL FWB CH,Transient non-community system,Ground water,Cumberland,STEDMAN,100,3,79,22
NC4064014,OAKLAND GROVE,Transient non-community system,Ground water,Nash,NASHVILLE,57,3,7,16
NC0363497,OCCONEECHEE SCOUT RESERVATION,Transient non-community system,Ground water,Moore,CARTHAGE,500,5,23,26
NC1050008,OCHRE HILL BAPTIST CHURCH,Transient non-community system,Ground water,Jackson,SYLVA,55,3,10,23
NC0157487,OLD CORUNDUM MILL CAMPGROUND,Transient non-community system,Ground water,Macon,FRANKLIN,95,3,37,20
NC0273403,OLD COUNTRY CLUB STEAK HOUSE,Transient non-community system,Ground water,Person,ROXBORO,170,5,8,14
NC0424846,OLD DOCK CHURCH,Transient non-community system,Ground water,Columbus,WHITEVILLE,90,3,9,10
NC0105472,OLD GLENDALE SCHOOLHOUSE,Transient non-community system,Ground water,Ashe,GLENDALE SPRING,25,3,32,13
NC0111512,OLD NEWFOUND GROCERY,Transient non-community system,Ground water,Buncombe,LEICESTER,100,4,6,13
NC0299551,OLD STAGE GRILL,Transient non-community system,Ground water,Yadkin,YADKINVILLE,25,5,39,29
NC0188589,OLD TOXAWAY BAPTIST CHURCH,Transient non-community system,Ground water,Transylvania,ROSMAN,50,3,6,8
NC0410492,OLDE BRUNSWICK TWN-FTANDERSON,Transient non-community system,Ground water,Brunswick,WINNABOW,25,4,11,23
NC0410569,OLDE FORT GOLF COURSE,Transient non-community system,Ground water,Brunswick,WINNABOW,50,4,33,15
NC1045044,OLETA FALLS LODGE,Transient non-community system,Ground water,Henderson,HENDERSONVILLE,75,2,2,6
NC0273421,OLIVE BRANCH BAPTIST CHURCH,Transient non-community system,Ground water,Person,ROXBORO,120,3,10,14
NC2090013,OLIVE BRANCH BAPTIST CHURCH,Transient non-community system,Ground water,Union,MARSHVILLE,50,3,5,23
NC0190460,OLIVE BRANCH MISSIONARY BAPT,Transient non-community system,Ground water,Union,MARSHVILLE,50,9,25,36
NC0392448,OLIVE CHAPEL BAPTIST CHURCH,Transient non-community system,Ground water,Wake,APEX,75,4,7,15
NC0285446,OLIVE GROVE BAPT CHURCH,Transient non-community system,Ground water,Stokes,PINNACLE,110,4,12,13
NC0118587,OLIVET BAPTIST CHURCH,Transient non-community system,Ground water,Catawba,CATAWBA,200,6,17,48
NC0416510,OPEN DOOR BAPTIST CHURCH,Transient non-community system,Ground water,Carteret,MOREHEAD CITY,50,4,7,13
NC2018019,OPEN WORD HOLINESS CHURCH,Transient non-community system,Ground water,Catawba,NEWTON,36,3,0,13
NC0368451,ORANGE CHAPEL UMC,Transient non-community system,Ground water,Orange,CHAPEL HILL,110,4,27,19
NC1056024,"ORCHARD AT ALTAPASS, THE",Transient non-community system,Ground water,McDowell,SPRUCE PINE,125,4,3,11
NC0175475,ORCHARD LAKE CAMPGROUND,Transient non-community system,Ground water,Polk,SALUDA,280,5,27,12
NC0180486,ORGAN LUTHERAN CHURCH,Transient non-community system,Ground water,Rowan,SALISBURY,90,5,1,25
NC0188521,OSTERIA DEL MONTE RESTAURANT,Transient non-community system,Ground water,Transylvania,SAPPHIRE,100,3,9,19
NC0149413,OSTWALT BAPT CHURCH,Transient non-community system,Ground water,Iredell,TROUTMAN,150,4,49,57
NC4035027,OUR LADY OF THE ROSARY,Transient non-community system,Ground water,Franklin,LOUISBURG,100,3,0,4
NC0416529,OUTER ISLAND GENERAL STORE,Transient non-community system,Ground water,Carteret,OTWAY,400,4,10,23
NC0188592,OUTWARD BOUND CEDAR ROCK BASE,Transient non-community system,Ground water,Transylvania,BREVARD,100,5,20,19
NC0112570,OUTWARD BOUND TABLE ROCK BASE,Transient non-community system,Ground water,Burke,MORGANTON,25,8,32,14
NC0118663,OXFORD BAPTIST CHURCH,Transient non-community system,Ground water,Catawba,CONOVER,350,3,3,28
NC0102548,OXFORD MEMORIAL BAPT CH,Transient non-community system,Ground water,Alexander,TAYLORSVILLE,175,4,0,30
NC7016015,OYSTER POINT/DUNCAN`S LANDING,Transient non-community system,Ground water,Carteret,NEWPORT,50,5,22,17
NC0299556,O`HENRY`S RESTAURANT,Transient non-community system,Ground water,Yadkin,EAST BEND,25,3,32,17
NC0187576,PADDLE INN RAFTING,Transient non-community system,Ground water,Swain,BRYSON CITY,100,6,23,24
NC1012008,PADDY`S CREEK CAMPGROUND,Transient non-community system,Ground water,Burke,NEBO,104,3,4,14
NC0155505,PALM TREE METHODIST CHURCH,Transient non-community system,Ground water,Lincoln,VALE,32,4,2,29
NC0138432,PANTHER CREEK BAPTIST CHURCH,Transient non-community system,Ground water,Graham,ROBBINSVILLE,70,3,35,9
NC0188578,PANTHERTOWN CAFE,Transient non-community system,Ground water,Transylvania,LAKE TOXAWAY,100,3,6,9
NC0326973,PARADISE ACRES OF GRAYS CREEK LLC,Transient non-community system,Ground water,Cumberland,HOPE MILLS,50,6,69,22
NC1088036,PARI VISITOR'S CENTER,Transient non-community system,Ground water,Transylvania,ROSMAN,25,2,0,4
NC0105450,PARK VISTA DINER,Transient non-community system,Ground water,Ashe,WEST JEFFERSON,25,8,39,20
NC1057018,PARKER MEADOWS WELL #1,Transient non-community system,Ground water,Macon,FRANKLIN,200,3,2,5
NC1057019,PARKER MEADOWS WELL #2,Transient non-community system,Ground water,Macon,,200,3,2,5
NC0241553,PARKERS RESTAURANT,Transient non-community system,Ground water,Guilford,STOKESDALE,50,3,72,16
NC0382603,PARKERSBURG BAPTIST CHURCH,Transient non-community system,Ground water,Sampson,GARLAND,60,4,7,19
NC0276530,PARKS CROSS ROADS CHRISTIAN CH,Transient non-community system,Ground water,Randolph,RAMSEUR,25,3,3,10
NC0465459,PAT`S TIRE SERVICE,Transient non-community system,Ground water,New Hanover,WILMINGTON,50,3,7,16
NC0392535,PAULS CASH GROCERY,Transient non-community system,Ground water,Wake,RALEIGH,150,4,19,15
NC4068010,PAWS4EVER,Transient non-community system,Ground water,Orange,MEBANE,60,3,6,17
NC7065069,"PBSRE-WLM, LLC",Transient non-community system,Ground water,New Hanover,WILMINGTON,50,4,0,5
NC0175424,PEA RIDGE BAPTIST CHURCH,Transient non-community system,Ground water,Polk,MILL SPRING,100,4,0,15
NC3099003,PEACE HAVEN BAPTIST CHURCH,Transient non-community system,Ground water,Yadkin,YADKINVILLE,800,4,20,15
NC0383457,PEACE TRUE HOLINESS CHURCH,Transient non-community system,Ground water,Scotland,GIBSON,75,3,27,18
NC0239441,PEACES CHAPEL BAPTIST CHURCH,Transient non-community system,Ground water,Granville,KITRELL,150,3,13,16
NC0464522,PEACHTREE BAPTIST CHURCH,Transient non-community system,Ground water,Nash,SPRING HOPE,60,3,10,13
NC0464125,PEACHTREE HILLS GOLF CLUB,Transient non-community system,Ground water,Nash,SPRING HOPE,50,2,11,18
NC0235493,PEARCE BAPTIST CHURCH,Transient non-community system,Ground water,Franklin,ZEBULON,85,3,2,17
NC0155511,PEARL BAPTIST CHURCH,Transient non-community system,Ground water,Lincoln,IRON STATION,400,6,6,32
NC1020008,PEDDLERS COUNTRY MARKET,Transient non-community system,Ground water,Cherokee,MURPHY,25,4,5,11
NC0175433,PENIEL BAPTIST CHURCH,Transient non-community system,Ground water,Polk,COLUMBUS,100,3,0,17
NC0382605,PENIEL HOLINESS CHURCH,Transient non-community system,Ground water,Sampson,ROSEBORO,60,3,10,22
NC1045055,PEREZ BROS PRODUCE WORKER HOUSING,Transient non-community system,Ground water,Henderson,DANA,64,3,6,3
NC0102550,PERRY LOWE APPLEHOUSE,Transient non-community system,Ground water,Alexander,TAYLORSVILLE,25,4,16,23
NC0235555,PERRY`S MISSIONARY BAPT CHURCH,Transient non-community system,Ground water,Franklin,LOUISBURG,50,3,45,21
NC0273462,PERSON CASWELL LAKE AUTH/B-HOU,Transient non-community system,Ground water,Person,LEASBURG,60,3,8,15
NC0273459,PERSON CASWELL LAKE AUTH/BOAT RAMP,Transient non-community system,Ground water,Person,LEASBURG,60,3,17,18
NC0273460,PERSON CASWELL LAKE AUTH/OLD O,Transient non-community system,Ground water,Person,LEASBURG,60,3,22,16
NC0273461,PERSON CASWELL LAKE AUTH/SHOP,Transient non-community system,Ground water,Person,LEASBURG,100,3,6,16
NC0285442,PETERS CREEK BAPTIST CHURCH,Transient non-community system,Ground water,Stokes,LAWSONVILLE,150,4,11,12
NC0326929,PETERS CREEK BAPTIST CHURCH,Transient non-community system,Ground water,Cumberland,ROSEBORO,35,3,58,33
NC0494426,PETTIGREW STATE PARK,Transient non-community system,Ground water,Washington,CRESWELL,50,4,4,21
NC0180495,PHANIELS BAPTIST CHURCH,Transient non-community system,Ground water,Rowan,ROCKWELL,40,4,8,32
NC0190503,PHILADELPHIA BAPT CHURCH,Transient non-community system,Ground water,Union,MARSHVILLE,25,4,5,17
NC3041142,PHILADELPHIA BAPTIST CHAPEL,Transient non-community system,Ground water,Guilford,GREENSBORO,140,3,2,1
NC2084011,PHILADELPHIA BAPTIST CHURCH,Transient non-community system,Ground water,Stanly,,25,5,0,25
NC0136754,PHILADELPHIA EVANGELICAL LUTH,Transient non-community system,Ground water,Gaston,DALLAS,60,3,3,27
NC0201473,PHILLIPS CHAPEL CHURCH,Transient non-community system,Ground water,Alamance,HAW RIVER,80,5,15,11
NC0471300,PHOENIX MART NO 755,Transient non-community system,Ground water,Pender,BURGAW,200,3,3,14
NC2080042,PIEDMONT BAPTIST CHURCH,Transient non-community system,Ground water,Rowan,KANNAPOLIS,200,4,11,40
NC0241502,PIEDMONT DRAGWAY,Transient non-community system,Ground water,Guilford,JULIAN,25,5,30,23
NC1081013,PIEDMONT SCOUT RESERVATION  NO 1,Transient non-community system,Ground water,Rutherford,RUTHERFORDTON,30,3,7,11
NC1081014,PIEDMONT SCOUT RESERVATION  NO 2,Transient non-community system,Ground water,Rutherford,RUTHERFORDTON,100,3,14,12
NC1081026,PIEDMONT SCOUT RESERVATION NO 3,Transient non-community system,Ground water,Rutherford,RUTHERFORDTON,50,3,1,4
NC0102571,PILGRIM BAPTIST CHURCH,Transient non-community system,Ground water,Alexander,HIDDENITE,70,4,9,36
NC5082014,PILGRIM REST MISSIONARY BAPTIST CHURCH,Transient non-community system,Ground water,Sampson,IVANHOE,75,3,0,10
NC4035040,PILOT BAPTIST CHURCH FLC,Transient non-community system,Ground water,Franklin,ZEBULON,75,2,0,3
NC0286550,PILOT KNOB PARK INC  NO 1,Transient non-community system,Ground water,Surry,PILOT MTN,25,3,16,13
NC0286483,PILOT MOUNTAIN ST PK CAMPGROUND,Transient non-community system,Ground water,Surry,PINNACLE,800,10,6,56
NC0299504,PILOT VIEW FRIENDS CHURCH,Transient non-community system,Ground water,Yadkin,YADKINVILLE,25,3,8,17
NC0113416,PINE GROVE BAPTIST CHURCH,Transient non-community system,Ground water,Cabarrus,HARRISBURG,25,4,29,33
NC0157476,PINE GROVE BAPTIST CHURCH,Transient non-community system,Ground water,Macon,FRANKLIN,60,4,6,18
NC3086010,PINE HILL CHURCH,Transient non-community system,Ground water,Surry,ARARAT,125,4,12,16
NC0383410,PINE LAKE CAMPGROUND,Transient non-community system,Ground water,Scotland,WAGRAM,40,3,138,44
NC0286661,PINE RIDGE BAPTIST CHURCH,Transient non-community system,Ground water,Surry,LOWGAP,75,3,3,12
NC0235502,PINE RIDGE BAPTIST CHURCH,Transient non-community system,Ground water,Franklin,ZEBULON,100,5,32,16
NC2080050,PINE RIDGE STORE,Transient non-community system,Ground water,Rowan,SALISBURY,28,3,11,27
NC0136755,PINEBROOK SWIM CLUB,Transient non-community system,Ground water,Gaston,BELMONT,50,3,24,44
NC0106489,PINEOLA MART,Transient non-community system,Ground water,Avery,PINEOLA,50,4,14,27
NC3003009,PINEY CREEK GENERAL STORE,Transient non-community system,Ground water,Alleghany,,25,3,20,20
NC0114507,PINEY GROVE BAPT CHURCH,Transient non-community system,Ground water,Caldwell,PATTERSON,110,3,0,15
NC3097006,PINEY GROVE BAPTIST CHURCH,Transient non-community system,Ground water,Wilkes,TRAPHILL,50,3,5,12
NC0382609,PINEY GROVE BAPTIST CHURCH,Transient non-community system,Ground water,Sampson,FAISON,100,3,11,21
NC4092195,PINEY GROVE BAPTIST CHURCH ANNEX,Transient non-community system,Ground water,Wake,FUQUAY VARINA,100,4,0,5
NC0190470,PINEY GROVE EAST MISSIONARY BAPT CHURCH,Transient non-community system,Ground water,Union,MARSHVILLE,25,3,14,25
NC0319473,PINEY GROVE UMC,Transient non-community system,Ground water,Chatham,SILER CITY,65,3,9,9
NC0181502,PINEY KNOB BAPTIST CHURCH,Transient non-community system,Ground water,Rutherford,UNION MILLS,100,4,38,13
NC0111440,PINEY MOUNTAIN BAPTIST CHURCH,Transient non-community system,Ground water,Buncombe,WEAVERVILLE,100,3,19,17
NC0184452,PINEY POINT GOLF CLUB,Transient non-community system,Ground water,Stanly,NORWOOD,25,3,20,19
NC0197464,PINEY RIDGE BAPTIST CHURCH,Transient non-community system,Ground water,Wilkes,MILLERS CREEK,25,3,6,11
NC0156455,PINNACLE MISSIONARY BAPT CH,Transient non-community system,Ground water,McDowell,MARION,75,3,18,21
NC0285520,PINTOS CAFE,Transient non-community system,Ground water,Stokes,LAWSONVILLE,25,4,83,15
NC0188535,PISGAH ASTRONOMICAL RESEARCH INSTITUTE,Transient non-community system,Ground water,Transylvania,ROSMAN,50,11,5,13
NC1088042,PISGAH FOREST RV PARK,Transient non-community system,Ground water,Transylvania,BREVARD,52,3,0,2
NC0188518,PISGAH GIRL SCOUT CAMP,Transient non-community system,Ground water,Transylvania,BREVARD,180,7,15,18
NC1088043,PISGAH LABS,Transient non-community system,Ground water,Transylvania,BREVARD,30,1,3,8
NC0118588,PISGAH METHODIST CHURCH CATAWBA,Transient non-community system,Ground water,Catawba,CATAWBA,39,4,5,32
NC0181479,PISGAH UNITED METHODIST CHURCH,Transient non-community system,Ground water,Rutherford,RUTHERFORD,35,3,17,16
NC0332528,PLAINVIEW BAPTIST CHURCH,Transient non-community system,Ground water,Durham,DURHAM,90,3,14,18
NC0144534,PLEASANT BALSAM MISS BAPTIST,Transient non-community system,Ground water,Haywood,WAYNESVILLE,40,3,8,15
NC0241431,PLEASANT GARDEN BAPTIST CHURCH,Transient non-community system,Ground water,Guilford,PLEASANT GARDEN,223,7,17,19
NC0241580,PLEASANT GARDEN FAMILY PRACTIC,Transient non-community system,Ground water,Guilford,PLEASANT GARDEN,50,4,9,17
NC0241417,PLEASANT GARDEN METHODIST CHURCH,Transient non-community system,Ground water,Guilford,PLEASANT GARDEN,25,5,15,20
NC0241692,PLEASANT GARDEN SHELL,Transient non-community system,Ground water,Guilford,PLEASANT GARDEN,25,4,5,17
NC3041143,PLEASANT GARDEN SUBWAY,Transient non-community system,Ground water,Guilford,PLEASANT GARDEN,25,3,1,2
NC0175418,PLEASANT GROVE BAPT CHURCH,Transient non-community system,Ground water,Polk,RUTHERFORDTON,50,3,9,19
NC0293462,PLEASANT GROVE BAPTIST CH,Transient non-community system,Ground water,Warren,NORLINA,30,3,41,15
NC0113445,PLEASANT GROVE BAPTIST CH,Transient non-community system,Ground water,Cabarrus,KANNAPOLIS,25,3,55,25
NC0392755,PLEASANT GROVE BAPTIST CHURCH,Transient non-community system,Ground water,Wake,FUQUAY VARINA,350,4,15,15
NC0181509,PLEASANT GROVE BAPTIST CHURCH,Transient non-community system,Ground water,Rutherford,RUTHERFORDTON,60,3,1,12
NC0197505,PLEASANT GROVE BAPTIST CHURCH,Transient non-community system,Ground water,Wilkes,RONDA,25,3,3,12
NC0195454,PLEASANT GROVE BAPTIST CHURCH,Transient non-community system,Ground water,Watauga,ZIONVILLE,25,3,2,12
NC0111430,PLEASANT GROVE BAPTIST CHURCH,Transient non-community system,Ground water,Buncombe,FAIRVIEW,100,3,41,21
NC0149473,PLEASANT GROVE BAPTIST CHURCH,Transient non-community system,Ground water,Iredell,STONY POINT,45,4,22,31
NC0145582,PLEASANT GROVE BAPTIST CHURCH,Transient non-community system,Ground water,Henderson,ETOWAH,60,3,6,13
NC0201489,PLEASANT GROVE RECREATION CNTR,Transient non-community system,Ground water,Alamance,BURLINGTON,25,4,29,27
NC0155537,PLEASANT GROVE UNITED METH CH,Transient non-community system,Ground water,Lincoln,LINCOLNTON,40,3,13,31
NC0106453,PLEASANT HILL BAPT CHURCH,Transient non-community system,Ground water,Avery,NEWLAND,75,3,14,23
NC0102592,PLEASANT HILL BAPTIST CH,Transient non-community system,Ground water,Alexander,TAYLORSVILLE,80,5,7,40
NC0190461,PLEASANT HILL BAPTIST CHURCH,Transient non-community system,Ground water,Union,MARSHVILLE,50,4,3,25
NC0197574,PLEASANT HILL BAPTIST CHURCH,Transient non-community system,Ground water,Wilkes,ELKIN,400,3,3,12
NC0181508,PLEASANT HILL BAPTIST CHURCH,Transient non-community system,Ground water,Rutherford,RUTHERFORDTON,175,4,60,15
NC0201524,PLEASANT HILL CHRISTIAN CHURCH,Transient non-community system,Ground water,Alamance,LIBERTY,100,5,8,19
NC0424761,PLEASANT PLAINS BAPTIST CHURCH,Transient non-community system,Ground water,Columbus,WHITEVILLE,100,4,3,16
NC0197594,PLEASANT RIDGE BAPTIST CHURCH,Transient non-community system,Ground water,Wilkes,STATE ROAD,230,3,2,9
NC0392813,PLEASANT UNION CH OF CHRIST,Transient non-community system,Ground water,Wake,RALEIGH,65,5,26,16
NC0382615,PLEASANT UNION CHRIST CHURCH,Transient non-community system,Ground water,Sampson,NEWTON GROVE,50,3,8,22
NC0158464,PLEASANT VALLEY BAPTIST CHURCH,Transient non-community system,Ground water,Madison,MARS HILL,75,3,9,21
NC3017034,PLEASANT VIEW ASSEMBLY OF GOD,Transient non-community system,Ground water,Caswell,REIDSVILLE,100,4,10,14
NC0197601,PLEASANT VIEW BAPTIST CHURCH,Transient non-community system,Ground water,Wilkes,STATE ROAD,25,3,8,11
NC0363406,PLEASANT VIEW FRIENDS CHURCH,Transient non-community system,Ground water,Moore,EAGLE SPRINGS,60,3,9,21
NC0184476,PLYLER BAPTIST CHURCH,Transient non-community system,Ground water,Stanly,ALBEMARLE,50,4,13,26
NC1045049,POINT LOOKOUT VINEYARDS,Transient non-community system,Ground water,Henderson,HENDERSONVILLE,30,3,3,4
NC0424661,POLEY BRIDGE MISS BAPT CH,Transient non-community system,Ground water,Columbus,NAKINA,25,3,9,16
NC0100505,POPLAR GROVE MINI MART,Transient non-community system,Ground water,Yancey,BURNSVILLE,25,4,20,24
NC0235501,POPLAR SPRING BAPTIST CHURCH,Transient non-community system,Ground water,Franklin,ZEBULON,80,4,10,17
NC0102484,POPLAR SPRING BAPTIST CHURCH,Transient non-community system,Ground water,Alexander,TAYLORSVILLE,120,4,3,32
NC0392924,POPLAR SPRINGS CH OF CHRIST,Transient non-community system,Ground water,Wake,RALEIGH,300,3,30,18
NC2036003,POSTON PARK,Transient non-community system,Ground water,Gaston,SPENCER MTN,25,3,1,28
NC2036034,POSTON PARK II,Transient non-community system,Ground water,Gaston,SPENCER MTN,25,3,0,17
NC0465624,POTTER`S SQUARE BUSINESS CNTR,Transient non-community system,Ground water,New Hanover,WILMINGTON,25,4,6,30
NC0106454,POWDER MILL BAPTIST CHURCH,Transient non-community system,Ground water,Avery,PLUMTREE,45,3,2,14
NC0427435,POWELLS POINT CHRISTIAN CHURCH,Transient non-community system,Ground water,Currituck,HARBINGER,150,4,17,25
NC4092121,PRAISE WORSHIP TABERNACLE,Transient non-community system,Ground water,Wake,RALEIGH,25,3,41,23
NC0195501,PRICE PARK CAMPGROUND,Transient non-community system,Ground water,Watauga,BLOWING ROCK,100,4,6,21
NC4092112,PRIMERA ASAMBLEA,Transient non-community system,Ground water,Wake,KNIGHTDALE,350,3,9,9
NC7065059,PRINGLE DENTISTRY,Transient non-community system,Ground water,New Hanover,CASTLE HAYNE,30,4,7,14
NC0235556,PRIVETTE`S GROCERY,Transient non-community system,Ground water,Franklin,ZEBULON,100,2,18,14
NC0118755,PROPST SUPERETTE  NO 2/PRODUCE,Transient non-community system,Ground water,Catawba,CONOVER,25,3,0,26
NC0180564,PROSPECT PRESBYTERIAN CHURCH,Transient non-community system,Ground water,Rowan,MOORESVILLE,200,4,35,42
NC0424695,PROSPER BAPTIST CHURCH,Transient non-community system,Ground water,Columbus,DELCO,50,4,3,12
NC0160703,PROSPERITY PRESBYTERIAN CH,Transient non-community system,Ground water,Mecklenburg,CHARLOTTE,65,3,3,26
NC0239450,PROVIDENCE BAPTIST CHURCH,Transient non-community system,Ground water,Granville,OXFORD,200,4,7,12
NC0118724,PROVIDENCE BAPTIST CHURCH,Transient non-community system,Ground water,Catawba,HICKORY,135,5,7,40
NC0180551,PROVIDENCE METHODIST CHURCH,Transient non-community system,Ground water,Rowan,SALISBURY,130,4,7,28
NC0156513,PROVIDENCE UMC,Transient non-community system,Ground water,McDowell,MARION,200,3,34,19
NC0368475,PSM FOOD MART,Transient non-community system,Ground water,Orange,CHAPEL HILL,25,3,12,11
NC0136641,PUETT UNITED METHODIST CHURCH,Transient non-community system,Ground water,Gaston,DALLAS,80,3,0,31
NC0279723,PULLIAM`S GROCERY,Transient non-community system,Ground water,Rockingham,REIDSVILLE,25,3,2,14
NC1044007,PURCHASE KNOB,Transient non-community system,Ground water,Haywood,MAGGIE VALLEY,25,4,0,10
NC0285409,QUAKER GAP BAPTIST CHURCH,Transient non-community system,Ground water,Stokes,KING,25,4,8,22
NC0241489,QUAKER LAKE CAMP,Transient non-community system,Ground water,Guilford,CLIMAX,25,6,2,21
NC3041071,QUAKER LAKE CAMP #2,Transient non-community system,Ground water,Guilford,CLIMAX,100,4,1,6
NC4392480,QUALITY FOOD MART,Transient non-community system,Ground water,Wake,WAKE FOREST,75,2,28,14
NC0276638,QUALITY MART,Transient non-community system,Ground water,Randolph,LIBERTY,25,9,8,15
NC0201619,QUALITY MART,Transient non-community system,Ground water,Alamance,GRAHAM,25,4,33,22
NC0150438,QUALLA MOTEL,Transient non-community system,Ground water,Jackson,CHEROKEE,40,5,13,34
NC0188512,QUEBEC COMMUNITY CENTER,Transient non-community system,Ground water,Transylvania,LAKE TOXAWAY,25,4,12,20
NC0136885,QUICK SHOP/CASTANEA CHURCH,Transient non-community system,Ground water,Gaston,STANLEY,25,5,23,71
NC3017039,QUICK STOP,Transient non-community system,Ground water,Caswell,YANCEYVILLE,25,4,20,21
NC0105436,RACCOON HOLLER CAMPGROUND,Transient non-community system,Ground water,Ashe,GLENDALE SPRING,400,8,6,33
NC0181468,RACE PATH BAPTIST CHURCH,Transient non-community system,Ground water,Rutherford,ELLENBORO,90,3,29,13
NC7016005,RADIO ISLAND BEACH ACCESS,Transient non-community system,Ground water,Carteret,BEAUFORT,100,3,10,17
NC0347458,RAEFORD AIRPORT,Transient non-community system,Ground water,Hoke,RAEFORD,40,5,87,22
NC5047002,RAEFORD AIRPORT-HANGER,Transient non-community system,Ground water,Hoke,RAEFORD,40,3,85,15
NC3097019,RAFFALDINI WINERY,Transient non-community system,Ground water,Wilkes,,25,4,9,12
NC0291526,RALEIGH ROAD OUTDOOR THEATRE,Transient non-community system,Ground water,Vance,HENDERSON,200,3,47,26
NC0150197,RALPH J ANDREWS REC PARK,Transient non-community system,Ground water,Jackson,CULLOWHEE,120,7,17,19
NC0160660,RAMAH PRESBYTERIAN CHURCH,Transient non-community system,Ground water,Mecklenburg,HUNTERSVILLE,220,8,19,49
NC0106441,RANCHEROS MEXICAN RESTAURANT,Transient non-community system,Ground water,Avery,PINEOLA,25,3,35,18
NC0138407,RATTLERFORD CAMPGROUND,Transient non-community system,Ground water,Graham,ROBBINSVILLE,25,4,12,14
NC0286525,RAVEN KNOB BOY SCOUT CAMP,Transient non-community system,Ground water,Surry,MT AIRY,900,9,0,24
NC0136416,RAY NATHAN'S BBQ,Transient non-community system,Ground water,Gaston,GASTONIA,25,3,9,40
NC4064031,RAY OF HOPE CHRISTIAN CENTER,Transient non-community system,Ground water,Nash,WHITAKERS,300,3,9,15
NC3001034,RAY'S QUICK STOP,Transient non-community system,Ground water,Alamance,SNOW CAMP,25,3,0,1
NC3030001,RAYSON WINERY,Transient non-community system,Ground water,Davie,MOCKSVILLE,25,4,10,18
NC3076039,RCC EMERGENCY SERVICES TRAINING CTR,Transient non-community system,Ground water,Randolph,ASHEBORO,25,3,0,1
NC0138417,RED BARN HOLLOW GENERAL STORE & CAFE,Transient non-community system,Ground water,Graham,ROBBINSVILLE,25,2,17,16
NC0363527,RED BRANCH BAPTIST CHURCH,Transient non-community system,Ground water,Moore,CARTHAGE,75,4,9,24
NC0235438,RED BUD BAPTIST CHURCH,Transient non-community system,Ground water,Franklin,CASTALIA,100,3,23,17
NC3003008,RED DOG BAR AND BISTRO,Transient non-community system,Ground water,Alleghany,PINEY CREEK,25,4,0,15
NC0160440,RED FEZ CLUB,Transient non-community system,Ground water,Mecklenburg,CHARLOTTE,25,7,30,34
NC7024025,RED HILL PENTECOSTAL CHURCH,Transient non-community system,Ground water,Columbus,DELCO,100,3,0,7
NC0332522,RED MOUNTAIN BAPTIST CHURCH,Transient non-community system,Ground water,Durham,ROUGEMONT,180,4,12,17
NC1011031,RED OAK CROSSING,Transient non-community system,Ground water,Buncombe,WEAVERVILLE,100,3,12,13
NC1011054,RED OAK RECOVERY,Transient non-community system,Ground water,Buncombe,,65,4,4,14
NC0285484,RED TOP CAFE,Transient non-community system,Ground water,Stokes,SANDY RIDGE,50,3,22,15
NC0149576,REDEMPTION BAPTIST CHURCH,Transient non-community system,Ground water,Iredell,STATESVILLE,30,6,4,32
NC0471471,REDEMPTION FELLOWSHIP CHURCH,Transient non-community system,Ground water,Pender,WILLARD,50,3,1,12
NC0113502,REED GOLD MINE-ST PRK HISTORIC,Transient non-community system,Ground water,Cabarrus,MIDLAND,25,7,5,36
NC0155507,REEPSVILLE BAPTIST CHURCH,Transient non-community system,Ground water,Lincoln,VALE,150,3,6,27
NC0145583,REFUGE BAPTIST CHURCH,Transient non-community system,Ground water,Henderson,DANA,100,6,6,17
NC0498619,REFUGE TRINITY HOLINESS CHURCH,Transient non-community system,Ground water,Wilson,ELM CITY,25,4,102,26
NC0424558,REHOBETH AME ZION CHURCH,Transient non-community system,Ground water,Columbus,CLARKTON,75,3,21,19
NC0241465,REHOBETH UNITED METH CHURCH,Transient non-community system,Ground water,Guilford,GREENSBORO,50,4,7,20
NC0291423,REHOBOTH UMC,Transient non-community system,Ground water,Vance,HENDERSON,75,3,30,20
NC5026022,RESURRECTION CHURCH,Transient non-community system,Ground water,Cumberland,HOPE MILLS,60,5,9,11
NC0424855,REVELATION TEMPLE OF JESUS CHR I,Transient non-community system,Ground water,Columbus,HALLSBORO,30,3,47,16
NC0291538,REVIVE CHURCH OF GOD,Transient non-community system,Ground water,Vance,KITTRELL,50,3,14,21
NC3041041,REYNOLDS SHOPPING CENTER,Transient non-community system,Ground water,Guilford,PLEASANT GARDEN,25,4,2,12
NC2036041,RHYNE ROAD RV PARK #1,Transient non-community system,Ground water,Gaston,DALLAS,28,3,0,10
NC2036042,RHYNE ROAD RV PARK #2,Transient non-community system,Ground water,Gaston,DALLAS,30,3,0,8
NC2036043,RHYNE ROAD RV PARK #3,Transient non-community system,Ground water,Gaston,DALLAS,30,3,0,16
NC0498588,RICHARD T SHARPE FARM,Transient non-community system,Ground water,Wilson,ELM CITY,47,3,39,22
NC0276545,RICHLAND BAPTIST CHURCH,Transient non-community system,Ground water,Randolph,ASHEBORO,50,4,35,12
NC0299501,RICHMOND HILL BAPT CH,Transient non-community system,Ground water,Yadkin,BOONVILLE,75,4,5,19
NC1045052,RIDE KANUGA,Transient non-community system,Ground water,Henderson,HENDERSONVILLE,100,3,0,2
NC0157413,RIDGECREST BAPTIST CHURCH,Transient non-community system,Ground water,Macon,FRANKLIN,70,3,7,21
NC0111453,RIDGEWAY BAPTIST CHURCH,Transient non-community system,Ground water,Buncombe,CANDLER,200,4,11,25
NC4092119,RILEY HILL BAPTIST CHURCH,Transient non-community system,Ground water,Wake,WENDELL,110,3,2,13
NC0392628,RILEY HILL BAPTIST CHURCH - OLD,Transient non-community system,Ground water,Wake,WENDELL,100,3,31,14
NC0425522,RIVER BEND MARINA,Transient non-community system,Ground water,Craven,RIVER BEND,72,3,28,27
NC0103476,RIVER CAMP LLC,Transient non-community system,Ground water,Alleghany,PINEY CREEK,50,10,10,29
NC0105482,RIVER HOUSE BED & BREAKFAST,Transient non-community system,Ground water,Ashe,GRASSY CREEK,25,3,7,11
NC2080017,RIVER OF LIFE CHURCH,Transient non-community system,Ground water,Rowan,SALISBURY,70,3,2,16
NC2080030,RIVER PARK,Transient non-community system,Ground water,Rowan,COOLEMEE,25,3,16,35
NC0187587,RIVER RIGHT/NOC,Transient non-community system,Ground water,Swain,BRYSON CITY,50,4,14,35
NC0465592,RIVER ROAD PARK,Transient non-community system,Ground water,New Hanover,WILMINGTON,25,3,2,11
NC0113505,RIVER ROCK AT ODELL CHURCH OF CONCORD,Transient non-community system,Ground water,Cabarrus,CONCORD,40,5,1,35
NC1012004,RIVER VALLEY BAPTIST CHURCH,Transient non-community system,Ground water,Burke,GLENN ALPINE,35,3,8,12
NC0144140,RIVERHOUSE RV RESORT AND CAMPGROUND,Transient non-community system,Ground water,Haywood,CANTON,25,3,29,32
NC0102418,RIVERS EDGE MARINA,Transient non-community system,Ground water,Alexander,HICKORY,50,3,4,38
NC0144530,RIVERSIDE BAPTIST CHURCH,Transient non-community system,Ground water,Haywood,CANTON,100,4,15,14
NC0181526,RIVERSIDE BAPTIST CHURCH,Transient non-community system,Ground water,Rutherford,FOREST CITY,50,4,44,21
NC0144583,RIVERSIDE CAMPGROUND,Transient non-community system,Ground water,Haywood,CANTON,170,4,25,31
NC0156548,RIVERSIDE CONVENIENCE STORE,Transient non-community system,Ground water,McDowell,MARION,500,5,11,20
NC0465549,RIVERSIDE PARK,Transient non-community system,Ground water,New Hanover,CASTLE HAYNE,50,3,3,12
NC0105485,RIVERVIEW COMMUNITY CENTER,Transient non-community system,Ground water,Ashe,CRESTON,25,3,8,12
NC0319478,RIVES CHAPEL BAPTIST CHURCH,Transient non-community system,Ground water,Chatham,SILER CITY,70,4,37,13
NC0161420,ROAN MOUNTAIN,Transient non-community system,Ground water,Mitchell,BAKERSVILLE,75,5,13,12
NC1061002,ROAN MTN MISSIONARY BAPTIST,Transient non-community system,Ground water,Mitchell,BAKERSVILLE,60,3,27,16
NC0382623,ROANOKE CHAPEL CHURCH,Transient non-community system,Ground water,Sampson,NEWTON GROVE,50,3,50,25
NC0197443,ROARING GAP BAPT CHURCH,Transient non-community system,Ground water,Wilkes,THURMOND,25,3,16,14
NC3097027,ROARING RIVER VINEYARD,Transient non-community system,Ground water,Wilkes,TRAPHILL,25,4,0,4
NC0459431,ROBERSONVILLE COUNTRY CLUB,Transient non-community system,Ground water,Martin,ROBERSONVILLE,90,4,6,42
NC4073002,ROBERTS SERVICE MART,Transient non-community system,Ground water,Person,HURDLE MILLS,100,4,23,10
NC0181543,ROBERTSON CREEK FWB CHURCH,Transient non-community system,Ground water,Rutherford,BOSTIC,65,3,34,16
NC0382625,ROBINSON CHAPEL BAPTIST CHURCH,Transient non-community system,Ground water,Sampson,ROSEBORO,50,3,7,22
NC0273476,ROCK GROVE BAPTIST CHURCH,Transient non-community system,Ground water,Person,ROXBORO,100,3,11,10
NC0363516,ROCK HILL EVANG FR CHURCH,Transient non-community system,Ground water,Moore,EAGLE SPRINGS,40,4,44,23
NC4098002,ROCK RIDGE CAMPGROUND,Transient non-community system,Ground water,Wilson,SIMS,25,3,3,10
NC0239454,ROCK SPRING BAPTIST CHURCH,Transient non-community system,Ground water,Granville,CREEDMOOR,150,4,37,16
NC0197442,ROCK SPRINGS BAPTIST CHURCH,Transient non-community system,Ground water,Wilkes,MCGRADY,25,3,15,13
NC0181507,ROCK SPRINGS BAPTIST CHURCH,Transient non-community system,Ground water,Rutherford,RUTHERFORDTON,30,2,43,14
NC0188432,ROCKBROOK CAMP,Transient non-community system,Ground water,Transylvania,BREVARD,190,7,1,18
NC1088034,ROCKBROOK RIDING CENTER,Transient non-community system,Ground water,Transylvania,BREVARD,25,3,0,3
NC1050014,ROCKDALE BAPTIST CHURCH,Transient non-community system,Ground water,Jackson,WHITTIER,35,3,4,23
NC0347474,ROCKFISH OUTDOOR CENTER-MAIN,Transient non-community system,Ground water,Hoke,PARKTON,125,4,22,28
NC5047001,ROCKFISH OUTDOOR CENTER-POOL,Transient non-community system,Ground water,Hoke,PARKTON,300,4,21,21
NC0180604,ROCKHILL CH OF CHRIST,Transient non-community system,Ground water,Rowan,CLEVELAND,90,3,40,24
NC0149415,ROCKWELL BAPTIST CHURCH,Transient non-community system,Ground water,Iredell,MOORESVILLE,70,4,27,56
NC0180411,ROCKWELL DINER,Transient non-community system,Ground water,Rowan,ROCKWELL,25,3,7,34
NC0144402,ROCKWOOD METHODIST CHURCH,Transient non-community system,Ground water,Haywood,CANTON,30,3,14,21
NC0235506,ROCKY CHAPEL MISSIONARY BAPT,Transient non-community system,Ground water,Franklin,LOUISBURG,200,3,20,18
NC0286637,ROCKY FORD BAPTIST CHURCH,Transient non-community system,Ground water,Surry,ZEPHYR,25,5,9,14
NC0188581,ROCKY HILL BAPTIST CHURCH,Transient non-community system,Ground water,Transylvania,CEDAR MOUNTAIN,60,3,46,14
NC0149405,ROCKY MOUNT CHURCH,Transient non-community system,Ground water,Iredell,MOORESVILLE,950,5,13,40
NC0156450,ROCKY PASS FWB CHURCH,Transient non-community system,Ground water,McDowell,NEBO,150,4,19,17
NC0471135,ROCKY POINT CAMPGROUND,Transient non-community system,Ground water,Pender,ROCKY POINT,50,4,17,23
NC0319466,ROCKY RIVER BAPT CHURCH,Transient non-community system,Ground water,Chatham,SILER CITY,100,3,9,19
NC0319475,ROCKY RIVER FRIENDS MEETING,Transient non-community system,Ground water,Chatham,SILER CITY,25,4,17,17
NC0180705,ROGERS PARK REFORMED CHURCH,Transient non-community system,Ground water,Rowan,KANNAPOLIS,45,3,4,22
NC0187595,ROLLING THUNDER RIVER CO,Transient non-community system,Ground water,Swain,BRYSON CITY,150,3,26,18
NC0332554,ROLLINGVIEW MARINA,Transient non-community system,Ground water,Durham,DURHAM,25,5,2,13
NC0332141,ROLLINGVIEW STATE PARK,Transient non-community system,Ground water,Durham,DURHAM,191,6,10,21
NC0180741,RON'S FOOD MART,Transient non-community system,Ground water,Rowan,KANNAPOLIS,25,3,39,25
NC4098011,RONNIE LAMM FARMS MLC,Transient non-community system,Ground water,Wilson,SIMS,40,5,12,12
NC0464515,ROSE MART BP #17364,Transient non-community system,Ground water,Nash,NASHVILLE,100,4,12,17
NC3079002,ROSS GROCERY,Transient non-community system,Ground water,Rockingham,REIDSVILLE,25,4,10,14
NC0181539,ROSS HILL BAPTIST CHURCH,Transient non-community system,Ground water,Rutherford,BOSTIC,35,3,26,13
NC0459408,ROSS MOTEL,Transient non-community system,Ground water,Martin,WILLIAMSTON,100,3,55,25
NC3097011,ROUND HILL BAPTIST CHURCH,Transient non-community system,Ground water,Wilkes,TRAPHILL,100,3,2,12
NC0309548,ROWAN PFWB CHURCH,Transient non-community system,Ground water,Bladen,IVANHOE,75,4,8,23
NC0235400,ROWLAND CHAPEL CHRISTIAN CHURCH,Transient non-community system,Ground water,Franklin,HENDERSON,100,3,20,14
NC5082006,ROYAL CHAPEL MISSIONARY BAPT,Transient non-community system,Ground water,Sampson,IVANHOE,50,3,4,12
NC0465623,ROYS BAIT & TACKLE SHOP,Transient non-community system,Ground water,New Hanover,WILMINGTON,50,3,10,13
NC0279529,RUFFIN STACEY BAPTIST CHURCH,Transient non-community system,Ground water,Rockingham,RUFFIN,200,3,8,19
NC3079044,RUFFIN STACEY BAPTIST CHURCH FLC,Transient non-community system,Ground water,Rockingham,RUFFIN,25,2,0,3
NC2060071,RURAL HILLS,Transient non-community system,Ground water,Mecklenburg,HUNTERSVILLE,25,4,1,23
NC2060095,RURAL HILLS CULTURAL CENTER,Transient non-community system,Ground water,Mecklenburg,HUNTERSVILLE,25,5,0,15
NC7065045,S. T. WOOTEN CORP,Transient non-community system,Ground water,New Hanover,WILMINGTON,25,4,8,12
NC3003001,SADDLE MOUNTAIN CAFE,Transient non-community system,Ground water,Alleghany,ENNICE,25,4,32,15
NC0103105,SADDLE RIDGE CAMPGROUND,Transient non-community system,Ground water,Alleghany,ENNICE,400,7,41,31
NC3097017,SADDLEBROOK RESTAURANT & GRILL,Transient non-community system,Ground water,Wilkes,FERGUSON,75,4,5,9
NC0149538,SAFE HARBOR SKIPPERS LANDING,Transient non-community system,Ground water,Iredell,TROUTMAN,25,3,27,22
NC4092114,SAINT SHARBEL CHURCH,Transient non-community system,Ground water,Wake,RALEIGH,50,3,47,20
NC0464562,SALEM BAPTIST CHURCH,Transient non-community system,Ground water,Nash,WHITAKERS,60,4,44,14
NC0201528,SALEM COMMUNITY CHURCH,Transient non-community system,Ground water,Alamance,HAW RIVER,100,3,5,11
NC0286647,SALEM FORK BAPTIST CHURCH,Transient non-community system,Ground water,Surry,ELKIN,25,5,16,19
NC0156439,SALEM FWB CHURCH,Transient non-community system,Ground water,McDowell,OLD FORT,125,3,5,12
NC0180666,SALEM LUTHERAN CHURCH,Transient non-community system,Ground water,Rowan,SALISBURY,50,4,12,40
NC0111464,SALEM UNITED METHODIST CHURCH,Transient non-community system,Ground water,Buncombe,ASHEVILLE,50,3,9,16
NC2080055,SALISBURY FOURSQUARE CHURCH,Transient non-community system,Ground water,Rowan,,100,3,14,20
NC0382631,SAM SPRINGS AME ZION CHURCH,Transient non-community system,Ground water,Sampson,ROSEBORO,50,3,18,27
NC0464546,SAMARIA BAPTIST CHURCH,Transient non-community system,Ground water,Nash,MIDDLESEX,80,5,9,23
NC0276651,SAMMY'S GRILL,Transient non-community system,Ground water,Randolph,STALEY,25,4,19,20
NC0382060,SAMPSON CO WTR DIST I-TURKEY,Transient non-community system,Ground water purchased,Sampson,TURKEY,25,3,3,33
NC3017003,SAM`S CORNER INC  NO 2,Transient non-community system,Ground water,Caswell,PELHAM,25,5,17,21
NC7016017,SANCTUARY CHURCH,Transient non-community system,Ground water,Carteret,NEWPORT,500,4,26,30
NC0416518,SANCTUARY CHURCH II,Transient non-community system,Ground water,Carteret,NEWPORT,25,4,17,26
NC7016049,SANCTUARY CHURCH III,Transient non-community system,Ground water,Carteret,NEWPORT,25,4,0,1
NC3099033,SANDERS RIDGE,Transient non-community system,Ground water,Yadkin,,25,3,6,10
NC0363624,SANDHILLS ASSEMBLY OF GOD,Transient non-community system,Ground water,Moore,SOUTHERN PINES,100,3,18,24
NC5063020,SANDHILLS TEEN CHALLENGE,Transient non-community system,Ground water,Moore,CARTHAGE,45,4,18,13
NC0235432,SANDY CREEK BAPT CH,Transient non-community system,Ground water,Franklin,LOUISBURG,100,2,52,18
NC0136923,SANDY FORD FREEWILL BAPTIST,Transient non-community system,Ground water,Gaston,MT HOLLY,40,3,2,22
NC0149441,SANDY SPRINGS BAPT CHURCH,Transient non-community system,Ground water,Iredell,HARMONY,50,4,27,31
NC0175426,SANDY SPRINGS BAPTIST CHURCH,Transient non-community system,Ground water,Polk,RUTHERFORDTON,50,4,34,22
NC2080039,SANDY'S ONE STOP,Transient non-community system,Ground water,Rowan,CHINA GROVE,25,3,5,25
NC0353420,SANFORD FIRST PENTECOSTAL,Transient non-community system,Ground water,Lee,SANFORD,90,4,33,20
NC0138429,SANTEETLAH BAPTIST CHURCH,Transient non-community system,Ground water,Graham,ROBBINSVILLE,25,2,39,13
NC0138418,SANTEETLAH RV PARK,Transient non-community system,Ground water,Graham,ROBBINSVILLE,25,2,11,10
NC0188559,SAPPHIRE COUNTRY STORE,Transient non-community system,Ground water,Transylvania,SAPPHIRE,125,5,1,13
NC4091009,SATTERWHITE POINTE MARINA,Transient non-community system,Ground water,Vance,HENDERSON,100,3,22,15
NC0326682,SAVANNAH BAPTIST CHURCH,Transient non-community system,Ground water,Cumberland,FAYETTEVILLE,100,4,11,23
NC1050062,SAVANNAH CREEK RV PARK,Transient non-community system,Ground water,Jackson,,61,5,0,20
NC0276551,SAWYERSVILLE WESLEYAN CHURCH,Transient non-community system,Ground water,Randolph,ASHEBORO,50,4,10,14
NC1058009,SCENIC WOLF LAUREL #1,Transient non-community system,Ground water,Madison,,25,3,7,44
NC1058010,SCENIC WOLF LAUREL #2,Transient non-community system,Ground water,Madison,,25,3,5,33
NC1058011,SCENIC WOLF LAUREL #3,Transient non-community system,Ground water,Madison,MARS HILL,25,3,5,43
NC1058012,SCENIC WOLF LAUREL #4,Transient non-community system,Ground water,Madison,,25,3,6,38
NC1058015,SCENIC WOLF LAUREL #5,Transient non-community system,Ground water,Madison,MARS HILL,25,4,6,42
NC1058017,SCENIC WOLF LAUREL #7,Transient non-community system,Ground water,Madison,,25,4,5,32
NC1058018,SCENIC WOLF LAUREL #8,Transient non-community system,Ground water,Madison,MARS HILL,25,3,10,33
NC0118729,SCHRONCE USED PARTS & CARS INC,Transient non-community system,Ground water,Catawba,CONOVER,25,3,3,25
NC0383437,SCOTLAND CO SCHOOLS TRAN DEPT,Transient non-community system,Ground water,Scotland,LAURINBURG,25,3,13,19
NC0201410,SCOTT COMMUNITY HEALTH CTR,Transient non-community system,Ground water,Alamance,BURLINGTON,25,4,33,27
NC0471480,SCOTT`S HILL BAPTIST CH-FRONT,Transient non-community system,Ground water,Pender,WILMINGTON,"1,600",4,26,23
NC7071049,SCOTT`S HILL BAPTIST CH-REC,Transient non-community system,Ground water,Pender,WILMINGTON,250,4,2,8
NC0471481,SCOTT`S HILL BAPTIST CHURCH,Transient non-community system,Ground water,Pender,WILMINGTON,600,4,34,22
NC7071057,SCOTT`S HILL MARINA #1,Transient non-community system,Ground water,Pender,WILMINGTON,50,3,9,8
NC7071058,SCOTT`S HILL MARINA #2,Transient non-community system,Ground water,Pender,WILMINGTON,75,3,9,7
NC0416451,SEA LEVEL INN,Transient non-community system,Ground water,Carteret,SEA LEVEL,50,4,5,32
NC0319428,SEAFORTH CAMPGROUND,Transient non-community system,Ground water,Chatham,APEX,100,7,4,20
NC0319439,SEAGROVES SUPPLY COMPANY,Transient non-community system,Ground water,Chatham,DURHAM,25,4,59,17
NC3086034,SECOND CHANCE CHURCH,Transient non-community system,Ground water,Surry,DOBSON,75,5,2,8
NC0332588,SELF-VENTURES FUND-AVILA,Transient non-community system,Ground water,Durham,DURHAM,25,3,16,12
NC0114493,SETZER CREEK BAPT CHURCH,Transient non-community system,Ground water,Caldwell,LENOIR,75,3,1,16
NC0424539,SEVEN CREEKS GRILL,Transient non-community system,Ground water,Columbus,NAKINA,40,3,19,15
NC0136913,SEVEN OAKS CHURCH,Transient non-community system,Ground water,Gaston,BELMONT,135,5,20,27
NC2084012,SEVENTH DAY ADVENTIST CHURCH,Transient non-community system,Ground water,Stanly,ALBEMARLE,25,2,1,12
NC0106455,SEVENTH DAY ADVENTIST CHURCH,Transient non-community system,Ground water,Avery,BANNER ELK,40,3,8,21
NC3099032,SHADOW SPRINGS VINEYARD,Transient non-community system,Ground water,Yadkin,,25,4,2,7
NC0299420,SHADY GROVE BAPTIST CHURCH,Transient non-community system,Ground water,Yadkin,BOONVILLE,25,3,17,11
NC0136509,SHADY GROVE BAPTIST CHURCH,Transient non-community system,Ground water,Gaston,KINGS MOUNTAIN,100,3,3,34
NC0136531,SHADY GROVE BAPTIST CHURCH,Transient non-community system,Ground water,Gaston,CHERRYVILLE,125,4,2,29
NC0276674,SHADY GROVE BAPTIST CHURCH,Transient non-community system,Ground water,Randolph,STALEY,25,4,1,8
NC3041057,SHADY GROVE EDUCATION BUILDING,Transient non-community system,Ground water,Guilford,COLFAX,25,3,5,10
NC0332571,SHADY GROVE FWB CHURCH,Transient non-community system,Ground water,Durham,DURHAM,150,3,38,15
NC3017015,SHADY GROVE UNITED METHODIST,Transient non-community system,Ground water,Caswell,PELHAM,25,3,6,12
NC3041056,SHADY GROVE WESLEYAN CHURCH PRESCHOOL,Transient non-community system,Ground water,Guilford,COLFAX,50,3,9,13
NC0201612,SHAK`S SHELL,Transient non-community system,Ground water,Alamance,BURLINGTON,25,5,68,28
NC0239411,SHARON BAPT CHURCH,Transient non-community system,Ground water,Granville,OXFORD,60,3,6,10
NC0326683,SHARON BAPTIST CHURCH,Transient non-community system,Ground water,Cumberland,FAYETTEVILLE,50,3,6,26
NC0279676,SHARON BAPTIST CHURCH,Transient non-community system,Ground water,Rockingham,REIDSVILLE,125,3,5,11
NC0136786,SHARON FREEWILL BAPTIST CHURCH,Transient non-community system,Ground water,Gaston,GASTONIA,175,3,4,26
NC0197418,SHARON WALKER BAPTIST CHURCH,Transient non-community system,Ground water,Wilkes,BOOMER,25,3,8,13
NC0241702,SHARPE ROAD BAPTIST CHURCH,Transient non-community system,Ground water,Guilford,GREENSBORO,75,4,14,12
NC0149400,SHEARER PRESBYTERIAN CHURCH,Transient non-community system,Ground water,Iredell,MOORESVILLE,25,3,42,48
NC3086048,SHELTON WINERY,Transient non-community system,Ground water,Surry,DOBSON,25,4,1,15
NC0466450,SHERWOOD FOREST CAMPGROUNDS,Transient non-community system,Ground water,Northampton,HENRICO,160,5,7,13
NC0326737,SHERWOOD PRESBYTERIAN CHURCH,Transient non-community system,Ground water,Cumberland,FAYETTEVILLE,40,3,25,20
NC0190484,SHILOH ADVENT CHRISTIAN CHURCH,Transient non-community system,Ground water,Union,MONROE,200,3,8,31
NC7071021,SHILOH BAPTIST CHURCH,Transient non-community system,Ground water,Pender,WILLARD,75,4,4,10
NC0299489,SHILOH BAPTIST CHURCH,Transient non-community system,Ground water,Yadkin,HAMPTONVILLE,25,5,19,18
NC0276564,SHILOH BAPTIST CHURCH,Transient non-community system,Ground water,Randolph,RAMSEUR,50,3,12,11
NC0291439,SHILOH BAPTIST CHURCH,Transient non-community system,Ground water,Vance,KITTRELL,50,3,40,14
NC3099026,SHILOH GENERAL STORE,Transient non-community system,Ground water,Yadkin,HAMPTONVILLE,25,3,1,15
NC0464568,SHILOH MISSIONARY BAPTIST CH,Transient non-community system,Ground water,Nash,WHITAKERS,80,5,15,18
NC0498576,SHILOH PENTECOSTAL HOLINESS CH,Transient non-community system,Ground water,Wilson,WILSON,150,4,36,26
NC2055006,"SHM WESTPORT, LLC",Transient non-community system,Ground water,Lincoln,DENVER,25,5,0,28
NC0286490,SHOALS VOLUNTEER FIRE DEPT.,Transient non-community system,Ground water,Surry,PINNACLE,25,3,12,19
NC0122119,SHOOTING CREEK CAMPGROUND,Transient non-community system,Ground water,Clay,HAYESVILLE,53,3,25,23
NC0122418,SHOOTING CREEK MARKET,Transient non-community system,Ground water,Clay,HAYESVILLE,25,6,75,27
NC1050050,SHOPPES AT CREEKSIDE,Transient non-community system,Ground water,Jackson,,25,3,8,22
NC0150543,SHOPS ON THE GREEN,Transient non-community system,Ground water,Jackson,CASHIERS,25,4,14,11
NC0326516,SHORT STOP #63,Transient non-community system,Ground water,Cumberland,FAYETTEVILLE,50,4,4,21
NC0326860,SHORT TRIP,Transient non-community system,Ground water,Cumberland,HOPE MILLS,100,5,48,29
NC0180620,SIFFORD EXXON,Transient non-community system,Ground water,Rowan,ROCKWELL,25,4,31,29
NC0118542,SIGMONS GRILL,Transient non-community system,Ground water,Catawba,CONOVER,50,4,13,40
NC0150541,SIGNAL RIDGE MARINA,Transient non-community system,Ground water,Jackson,GLENVILLE,100,4,19,23
NC0319482,SILER CITY PENTECOSTAL HOLINESS,Transient non-community system,Ground water,Chatham,SILER CITY,155,2,20,18
NC0180718,SILLS CREEK AME ZION CHURCH,Transient non-community system,Ground water,Rowan,MOORESVILLE,60,3,35,19
NC0299557,SILO RUN GOLF COURSE,Transient non-community system,Ground water,Yadkin,BOONVILLE,25,4,39,31
NC3086004,SILOAM BAPTIST CHURCH,Transient non-community system,Ground water,Surry,SILOAM,25,3,6,15
NC0175415,SILVER CREEK BAPTIST CH,Transient non-community system,Ground water,Polk,MILL SPRING,60,3,4,16
NC0112441,SILVER CREEK BAPTIST CHURCH,Transient non-community system,Ground water,Burke,MORGANTON,30,4,2,12
NC0175485,SILVER CREEK CAMPGROUND,Transient non-community system,Ground water,Polk,MILL SPRINGS,100,3,21,17
NC1044012,SINGLE STOP #5,Transient non-community system,Ground water,Haywood,CANTON,150,4,7,17
NC0309102,SINGLETARY LAKE GROUP CMPGRD,Transient non-community system,Ground water,Bladen,KELLY,25,5,4,23
NC3095001,SKATE WORLD,Transient non-community system,Ground water,Watauga,VILAS,25,3,29,10
NC0157110,SKYLINE LODGE,Transient non-community system,Ground water,Macon,HIGHLANDS,50,4,54,30
NC0156431,SKYLINE VILLAGE INN/TAVERN,Transient non-community system,Ground water,McDowell,LITTLE SWITZERLAND,50,6,7,36
NC1088044,SKYTERRA NATATORIUM,Transient non-community system,Ground water,Transylvania,PISGAH FOREST,50,2,0,2
NC0188590,SKYTERRA WELLNESS CABINS,Transient non-community system,Ground water,Transylvania,PISGAH FOREST,25,4,4,10
NC0188591,SKYTERRA WELLNESS CLUB HOUSE,Transient non-community system,Ground water,Transylvania,,25,3,5,11
NC2080009,SLOAN LAKE COMMUNITY CHURCH,Transient non-community system,Ground water,Rowan,CHINA GROVE,90,3,30,38
NC0180679,SLOAN PARK  NO 1,Transient non-community system,Ground water,Rowan,MT ULLA,25,4,5,35
NC2080067,SLOAN PARK #4,Transient non-community system,Ground water,Rowan,MOUNT ULLA,25,3,1,19
NC7071061,SLOOP POINT BOAT STORAGE,Transient non-community system,Ground water,Pender,HAMPSTEAD,50,3,1,4
NC7065056,SME INC USA,Transient non-community system,Ground water,New Hanover,WILMINGTON,40,4,0,6
NC0351934,SMITHFIELD MOOSE LODGE,Transient non-community system,Ground water,Johnston,SMITHFIELD,100,4,23,11
NC0285521,SMITHS GROCERY & GRILL,Transient non-community system,Ground water,Stokes,PINE HALL,75,4,30,20
NC0195432,SMOKETREE LODGE,Transient non-community system,Ground water,Watauga,BANNER ELK,80,5,94,32
NC0112418,SMYRNA BAPTIST CHURCH,Transient non-community system,Ground water,Burke,MORGANTON,50,3,21,26
NC0363402,SMYRNA CHURCH,Transient non-community system,Ground water,Moore,ROBBINS,100,5,48,20
NC7016040,SMYRNA PENTECOSTAL HOLINESS CHURCH,Transient non-community system,Ground water,Carteret,SMYRNA,70,4,1,6
NC0241675,SNACK & SODA #4,Transient non-community system,Ground water,Guilford,BROWNS SUMMIT,25,4,58,17
NC0201626,SNOW CAMP RAYGO MART,Transient non-community system,Ground water,Alamance,SNOW CAMP,25,4,27,12
NC0286643,SNOW HILL BAPTIST CHURCH,Transient non-community system,Ground water,Surry,DOBSON,25,4,17,13
NC1061008,SNOW HILL FOOD MART,Transient non-community system,Ground water,Mitchell,BAKERSVILLE,25,4,9,18
NC0138422,SNOWBIRD MOUNTAIN LODGE,Transient non-community system,Ground water,Graham,ROBBINSVILLE,26,5,2,13
NC5082011,SNOWHILL MISSIONARY BAPTIST CHURCH,Transient non-community system,Ground water,Sampson,,150,3,8,10
NC4392513,SOAPSTONE UMC,Transient non-community system,Ground water,Wake,RALEIGH,45,3,27,12
NC1050068,SOAR INC,Transient non-community system,Ground water,Jackson,BALSAM,50,3,11,14
NC1050102,"SOAR INC, 2",Transient non-community system,Ground water,Jackson,BALSAM,50,3,0,1
NC0111507,SOHUM MOUNTAIN HEALING RESORT,Transient non-community system,Ground water,Buncombe,ASHEVILLE,40,4,0,7
NC0156517,SOLID ROCK FREEWILL BAPTIST CHURCH,Transient non-community system,Ground water,McDowell,NEBO,75,3,30,21
NC0494405,SOMERSET PLACE HISTORIC SITE,Transient non-community system,Ground water,Washington,CRESWELL,54,3,9,30
NC1045039,SONRISE FITNESS CENTER,Transient non-community system,Ground water,Henderson,HENDERSONVILLE,25,3,5,5
NC0276566,SOPHIA BAPTIST CHURCH,Transient non-community system,Ground water,Randolph,SOPHIA,25,5,3,15
NC1000006,SOUTH ESTATOE BAPTIST CHURCH,Transient non-community system,Ground water,Yancey,BURNSVILLE,80,3,4,11
NC0319472,SOUTH FORK FRIENDS CHURCH,Transient non-community system,Ground water,Chatham,SNOW CAMP,100,4,47,13
NC1081027,SOUTH MOUNTAIN CHRISTIAN CAMP CAFETERIA,Transient non-community system,Ground water,Rutherford,BOSTIC,120,3,0,3
NC1081028,SOUTH MOUNTAIN CHRISTIAN CAMP-OFFICE,Transient non-community system,Ground water,Rutherford,BOSTIC,50,4,0,3
NC1012002,SOUTH MTN BAPT CAMP-BYRD CNT,Transient non-community system,Ground water,Burke,CONNELLY SPRING,40,7,11,13
NC0112466,SOUTH MTN BAPT CAMP-CABINS,Transient non-community system,Ground water,Burke,CONNELLY SPRING,25,6,11,17
NC1012001,SOUTH MTN BAPT CAMP-LINEBERGER,Transient non-community system,Ground water,Burke,CONNELLY SPRING,150,5,5,12
NC1012021,SOUTH MTN ST PRK-EQUESTRAIN CAMPGROUND,Transient non-community system,Ground water,Burke,CONNELY SPRINGS,100,4,0,7
NC1012022,SOUTH MTN ST PRK-FAM CAMP BATH,Transient non-community system,Ground water,Burke,CONNELLY SPRING,50,4,0,7
NC0112568,SOUTH MTN ST PRK-JACOB FORK COMFORT STAT,Transient non-community system,Ground water,Burke,CONNELLY SPRING,100,10,12,23
NC1012020,SOUTH MTN ST PRK-MAINT OFFICE,Transient non-community system,Ground water,Burke,CONNELY SPRINGS,100,3,0,7
NC1012024,SOUTH MTN ST PRK-VISITORS CENTER,Transient non-community system,Ground water,Burke,CONNELY SPRINGS,25,4,0,10
NC0299511,SOUTH OAK RIDGE BAPTIST CHURCH,Transient non-community system,Ground water,Yadkin,YADKINVILLE,175,4,3,14
NC7065022,SOUTH OAKS CENTER,Transient non-community system,Ground water,New Hanover,WILMINGTON,25,4,8,8
NC2036022,SOUTH POINT BAPT CH-FAMILY MINISTRY CTR,Transient non-community system,Ground water,Gaston,BELMONT,350,4,0,16
NC0136552,SOUTH POINT BAPTIST CHURCH,Transient non-community system,Ground water,Gaston,BELMONT,350,3,3,40
NC0180708,SOUTH RIVER CHURCH,Transient non-community system,Ground water,Rowan,WOODLEAF,25,5,42,41
NC7016004,SOUTH RIVER PARK,Transient non-community system,Ground water,Carteret,BEAUFORT,75,3,16,15
NC0363453,SOUTH SIDE BAPTIST CHURCH,Transient non-community system,Ground water,Moore,ABERDEEN,25,5,14,23
NC4392613,SOUTHALL SWIM & RAQUET CLUB,Transient non-community system,Ground water,Wake,RALEIGH,200,3,32,27
NC0309113,SOUTHEASTERN CAROLINA CROSSROADS,Transient non-community system,Ground water,Bladen,ELIZABETHTOWN,35,5,73,30
NC5009014,SOUTHEASTERN CAROLINA CROSSROADS NO.2,Transient non-community system,Ground water,Bladen,ELIZABETHTOWN,35,4,1,8
NC7065046,SOUTHERN INDUSTRIAL CONSTRUCTORS,Transient non-community system,Ground water,New Hanover,WILMINGTON,25,3,3,8
NC0377551,SOUTHERN PRODUCTS & SILICA CO,Transient non-community system,Ground water,Richmond,HOFFMAN,25,4,29,18
NC0145401,SOUTHERNAIRE MOTEL,Transient non-community system,Ground water,Henderson,HENDERSONVILLE,70,3,53,20
NC3001039,SOUTHERNCROSS STORE & GRILL,Transient non-community system,Ground water,Alamance,GRAHAM,25,3,0,4
NC0136787,SOUTHPOINT FREEWILL BAPTIST CH,Transient non-community system,Ground water,Gaston,BELMONT,35,3,16,32
NC0136411,SOUTHPOINT UNITED METHODIST CH,Transient non-community system,Ground water,Gaston,BELMONT,70,4,6,43
NC0136920,SOUTHSIDE BAPTIST CHURCH,Transient non-community system,Ground water,Gaston,GASTONIA,50,3,6,23
NC3041094,SOUTHWEST PARK,Transient non-community system,Ground water,Guilford,ARCHDALE,25,3,3,4
NC3041098,SOUTHWEST PARK #2,Transient non-community system,Ground water,Guilford,ARCHDALE,25,3,3,4
NC0136929,SPA SOUTH SALON,Transient non-community system,Ground water,Gaston,GASTONIA,25,3,3,28
NC0156130,SPACIOUS SKIES BEAR DEN,Transient non-community system,Ground water,McDowell,SPRUCE PINE,90,6,1,16
NC0156576,SPACIOUS SKIES HIDDEN CREEK DELUXE TENTS,Transient non-community system,Ground water,McDowell,MARION,200,4,14,23
NC0156556,SPACIOUS SKIES HIDDEN CREEK OFFICE,Transient non-community system,Ground water,McDowell,MARION,200,3,9,18
NC1056053,SPACIOUS SKIES HIDDEN CREEK OVERLOOK,Transient non-community system,Ground water,McDowell,MARION,200,3,0,1
NC1056052,SPACIOUS SKIES HIDDEN CREEK PAVILLION,Transient non-community system,Ground water,McDowell,MARION,200,3,0,1
NC0326302,SPACIOUS SKIES SANDY RUN,Transient non-community system,Ground water,Cumberland,FAYETTEVILLE,50,3,34,31
NC5026037,SPACIOUS SKIES SANDY RUN 2,Transient non-community system,Ground water,Cumberland,FAYETTEVILLE,30,3,2,5
NC0106459,SPEAR COUNTRY STORE & RESTAURANT,Transient non-community system,Ground water,Avery,NEWLAND,50,3,15,15
NC4392427,SPEEDWAY 6959,Transient non-community system,Ground water,Wake,CLAYTON,500,5,27,21
NC0279657,SPEEDWELL PRESBYTERIAN CHURCH,Transient non-community system,Ground water,Rockingham,REIDSVILLE,25,3,6,13
NC0276570,SPOONS CHAPEL CHRISTIAN CHURCH,Transient non-community system,Ground water,Randolph,ASHEBORO,25,5,11,24
NC0471465,SPRING BRANCH JUNCTION BUS,Transient non-community system,Ground water,Pender,HAMPSTEAD,100,4,3,11
NC1061005,SPRING CREEK BAPTIST,Transient non-community system,Ground water,Mitchell,BAKERSVILLE,45,2,12,18
NC0158434,SPRING CREEK SCHOOL,Transient non-community system,Ground water,Madison,HOT SPRINGS,60,3,1,2
NC0368184,SPRING HILL RV PARK,Transient non-community system,Ground water,Orange,CHAPEL HILL,67,4,34,28
NC0392951,SPRINGFIELD COMMUNITY CENTER,Transient non-community system,Ground water,Wake,GARNER,150,6,12,18
NC0144407,SPRINGHILL BAPTIST CHURCH,Transient non-community system,Ground water,Haywood,CANTON,70,3,29,17
NC4032024,SPRINGS OF LIFE BIBLE CHURCH,Transient non-community system,Ground water,Durham,DURHAM,200,3,1,4
NC2036037,SPRINGWOOD FREEWILL BAPTIST CHURCH II,Transient non-community system,Ground water,Gaston,BELMONT,115,4,0,13
NC0161107,SPRUCE PINE CAMPGROUND,Transient non-community system,Ground water,Mitchell,SPRUCE PINE,80,3,7,12
NC0332482,SPRUCE PINE LODGE,Transient non-community system,Ground water,Durham,BAHAMA,30,3,32,12
NC0158451,ST ANDREW THE APOSTLE CHURCH,Transient non-community system,Ground water,Madison,MARS HILL,75,4,25,14
NC0106532,ST BERNADETTE CATHOLIC CHURCH,Transient non-community system,Ground water,Avery,LINVILLE,60,5,9,19
NC0155557,ST DOROTHY`S CATHOLIC CHURCH,Transient non-community system,Ground water,Lincoln,LINCOLNTON,450,3,8,27
NC0180526,ST ENOCH LUTHERAN CHURCH,Transient non-community system,Ground water,Rowan,KANNAPOLIS,60,3,5,32
NC3079025,ST FRANCIS PRAYER CENTER,Transient non-community system,Ground water,Rockingham,STONEVILLE,25,9,1,18
NC0464570,ST HOPE MISSIONARY BAPTIST CH,Transient non-community system,Ground water,Nash,SPRING HOPE,50,3,27,17
NC0309550,ST JAMES AME CHURCH,Transient non-community system,Ground water,Bladen,KELLY,50,3,48,15
NC0424758,ST JAMES BAPTIST CHURCH,Transient non-community system,Ground water,Columbus,LAKE WACCAMAW,75,3,15,15
NC0155518,ST JAMES UMC,Transient non-community system,Ground water,Lincoln,DENVER,65,3,61,50
NC4392462,ST JOHNS UNITED HOLY CHURCH,Transient non-community system,Ground water,Wake,ZEBULON,75,2,29,16
NC5026017,ST JUDE BAPTIST CHURCH,Transient non-community system,Ground water,Cumberland,HOPE MILLS,50,4,13,18
NC0180617,ST LUKE LUTHERAN CHURCH,Transient non-community system,Ground water,Rowan,MT ULLA,70,5,16,22
NC0180490,ST LUKES REFORMED CHURCH,Transient non-community system,Ground water,Rowan,SALISBURY,50,3,8,22
NC0113508,ST MARTIN LUTHERAN CHURCH,Transient non-community system,Ground water,Cabarrus,CONCORD,50,2,12,10
NC4392630,ST MARY`S FWB CHURCH,Transient non-community system,Ground water,Wake,APEX,150,4,104,20
NC0332573,ST MATTHEW CATHOLIC CHURCH,Transient non-community system,Ground water,Durham,DURHAM,85,5,11,10
NC0239419,ST MATTHEW MISSIONARY BAPTIST CHURCH,Transient non-community system,Ground water,Granville,OXFORD,270,4,44,19
NC0180629,ST MATTHEWS LUTHERAN CHURCH,Transient non-community system,Ground water,Rowan,SALISBURY,160,5,10,38
NC0118469,ST PAULS COMMUNITY CHURCH,Transient non-community system,Ground water,Catawba,HICKORY,50,3,0,20
NC0145585,ST PAUL`S EPISCOPAL CHURCH,Transient non-community system,Ground water,Henderson,HENDERSONVILLE,50,4,7,17
NC0136766,ST PAUL`S LUTHERAN CHURCH,Transient non-community system,Ground water,Gaston,DALLAS,180,4,9,63
NC0180641,ST PAUL`S LUTHERAN CHURCH,Transient non-community system,Ground water,Rowan,SALISBURY,300,3,1,23
NC0180489,ST PETERS LUTHERAN CHURCH,Transient non-community system,Ground water,Rowan,SALISBURY,130,3,10,25
NC0309544,ST REST HOLINESS CHURCH,Transient non-community system,Ground water,Bladen,ELIZABETHTOWN,75,3,12,17
NC0465633,ST STANISLAUS CATHOLIC CHURCH,Transient non-community system,Ground water,New Hanover,CASTLE HAYNE,300,5,5,45
NC2013006,ST STEPHENS WESLEYAN CHURCH,Transient non-community system,Ground water,Cabarrus,CONCORD,65,4,12,28
NC0241701,ST THOMAS PENTECOSTAL CHURCH,Transient non-community system,Ground water,Guilford,GREENSBORO,25,3,66,14
NC4019007,ST. JULIA CATHOLIC CHURCH,Transient non-community system,Ground water,Chatham,SILER CITY,80,3,9,25
NC0157517,STANDING INDIAN CAMPGROUND,Transient non-community system,Ground water,Macon,FRANKLIN,170,7,41,27
NC1058001,STANLEY`S CITGO,Transient non-community system,Ground water,Madison,MARSHALL,250,5,14,15
NC2018006,STARTOWN FIRST BAPTIST CHURCH,Transient non-community system,Ground water,Catawba,NEWTON,80,6,2,32
NC0286574,STATE ROAD FOOD MART,Transient non-community system,Ground water,Surry,STATE ROAD,25,6,105,32
NC0286465,STATE ROAD HARDWARE,Transient non-community system,Ground water,Surry,STATE ROAD,25,3,2,13
NC2049050,STATESVILLE RV PARK I77,Transient non-community system,Ground water,Iredell,STATESVILLE,25,6,0,6
NC0160476,STEADY EDDYS PUMP HOUSE,Transient non-community system,Ground water,Mecklenburg,MATTHEWS,49,3,13,47
NC0138453,STECOAH BAPTIST CHURCH,Transient non-community system,Ground water,Graham,ROBBINSVILLE,25,3,3,10
NC0138421,STECOAH VALLEY CENTER,Transient non-community system,Ground water,Graham,ROBBINSVILLE,50,3,9,19
NC1038005,STECOAH VALLEY RV RESORT,Transient non-community system,Ground water,Graham,ROBBINSVILLE,25,2,4,5
NC0112413,STEEL CREEK PARK,Transient non-community system,Ground water,Burke,MORGANTON,500,4,35,25
NC0291132,STEELE CREEK MARINA,Transient non-community system,Ground water,Vance,TOWNSVILLE,25,4,76,25
NC0291131,STEELE CREEK MARINA-OAKS CMPGR,Transient non-community system,Ground water,Vance,TOWNSVILLE,50,5,85,26
NC0239477,STENOURA LLC,Transient non-community system,Ground water,Granville,OXFORD,25,5,7,15
NC0180456,STEVENS COUNTRY STORE,Transient non-community system,Ground water,Rowan,MOORESVILLE,25,3,3,19
NC1011012,STOCKTON FARM COUNTRY STORE,Transient non-community system,Ground water,Buncombe,WEAVERVILLE,100,5,36,71
NC1045050,STONE ASHE VINEYARDS,Transient non-community system,Ground water,Henderson,HENDERSONVILLE,50,3,1,4
NC3097015,STONE MOUNTAIN COUNTRY STORE,Transient non-community system,Ground water,Wilkes,TRAPHILL,25,3,4,13
NC3097003,STONE MOUNTAIN GOLF CLUB INC,Transient non-community system,Ground water,Wilkes,TRAPHILL,25,4,8,10
NC0197533,STONE MTN STATE PARK - CAMPGROUND,Transient non-community system,Ground water,Wilkes,ROARING GAP,236,6,2,32
NC0197426,STONE MTN STATE PARK - COMFORT STATION,Transient non-community system,Ground water,Wilkes,ROARING GAP,25,3,2,17
NC0197582,STONE MTN STATE PARK - HUTCHINSON HOMEST,Transient non-community system,Ground water,Wilkes,ROARING GAP,25,3,5,11
NC3097020,STONE MTN STATE PARK - PARKING LOT TRAIL,Transient non-community system,Ground water,Wilkes,,25,3,4,7
NC0197538,STONE MTN STATE PARK - VISITOR CENTER,Transient non-community system,Ground water,Wilkes,ROARING GAP,25,6,3,23
NC0293440,STONEHOUSE TIMBER LODGE INC,Transient non-community system,Ground water,Warren,LITTLETON,70,3,43,33
NC4092109,STONY HILL BAPTIST CH & FAMILY LIFE CENT,Transient non-community system,Ground water,Wake,WAKE FOREST,300,3,5,13
NC0464531,STONY HILL FWB CHURCH,Transient non-community system,Ground water,Nash,MIDDLESEX,120,4,6,19
NC0279775,STOP & SHOP,Transient non-community system,Ground water,Rockingham,REIDSVILLE,25,4,79,22
NC0471430,STRICKLAND`S GRILL,Transient non-community system,Ground water,Pender,WILLARD,100,3,6,17
NC2049010,STUMPY CREEK PARK,Transient non-community system,Ground water,Iredell,MOORESVILLE,25,3,9,32
NC2049036,STUTTS MARINA,Transient non-community system,Ground water,Iredell,MOORESVILLE,25,5,3,24
NC1056028,SUGAR HILL BAPTIST CHURCH,Transient non-community system,Ground water,McDowell,MARION,82,3,7,10
NC0106518,SUGAR MOUNTAIN LODGING INC,Transient non-community system,Ground water,Avery,BANNER ELK,25,3,13,14
NC0157405,SUGARFORK BAPTIST CHURCH,Transient non-community system,Ground water,Macon,FRANKLIN,225,3,37,17
NC0102447,SUGARLOAF APPLEHOUSE,Transient non-community system,Ground water,Alexander,TAYLORSVILLE,50,3,20,29
NC0145586,SUGARLOAF BAPTIST CHURCH,Transient non-community system,Ground water,Henderson,HENDERSONVILLE,75,3,6,12
NC3041090,SUMMERFIELD ATHLETIC PARK,Transient non-community system,Ground water,Guilford,,25,3,0,8
NC0241704,SUMMERFIELD BAPTIST TEMPLE,Transient non-community system,Ground water,Guilford,SUMMERFIELD,25,5,4,23
NC3041080,SUMMERFIELD COMMUNITY PARK,Transient non-community system,Ground water,Guilford,,25,3,0,10
NC3041087,SUMMERFIELD COMMUNITY PARK #2,Transient non-community system,Ground water,Guilford,SUMMERFIELD,25,3,0,7
NC0241442,SUMMERFIELD PEACE UMC,Transient non-community system,Ground water,Guilford,SUMMERFIELD,25,3,6,15
NC0150188,SUN RETREATS NANTAHALA,Transient non-community system,Ground water,Jackson,SYLVA,251,3,19,29
NC0122120,SUNDOWNER CAMPGROUND,Transient non-community system,Ground water,Clay,HAYESVILLE,79,5,0,22
NC0144445,SUNNY POINT BAPTIST CHURCH,Transient non-community system,Ground water,Haywood,CANTON,25,3,16,13
NC0136636,SUNNYSIDE BAPTIST CHURCH,Transient non-community system,Ground water,Gaston,BESSEMER CITY,35,3,4,27
NC4068005,SUNRISE CHURCH,Transient non-community system,Ground water,Orange,CHAPEL HILL,125,4,173,20
NC0136554,SUNSET FOREST BAPTIST,Transient non-community system,Ground water,Gaston,GASTONIA,60,3,5,37
NC0464462,SUPERSTAR MOTEL,Transient non-community system,Ground water,Nash,SHARPSBURG,40,3,35,20
NC0299408,SWAIMS BAPTIST CHURCH,Transient non-community system,Ground water,Yadkin,HAMPTONVILLE,75,3,20,21
NC0187625,SWAIN WEST BP,Transient non-community system,Ground water,Swain,BRYSON CITY,40,4,20,15
NC0299429,SWAN CREEK BAPTIST CHURCH,Transient non-community system,Ground water,Yadkin,JONESVILLE,25,4,13,16
NC0138434,SWEETWATER BAPTIST CHURCH,Transient non-community system,Ground water,Graham,ROBBINSVILLE,100,2,35,12
NC0465644,SWEETWATER LANDING,Transient non-community system,Ground water,New Hanover,WILMINGTON,100,3,6,10
NC4392502,SWIFT CREEK ANIMAL HOSPITAL,Transient non-community system,Ground water,Wake,RALEIGH,30,3,32,22
NC0392461,SWIFT CREEK BAPTIST CHURCH,Transient non-community system,Ground water,Wake,RALEIGH,300,4,15,13
NC0416456,T & W OYSTER BAR,Transient non-community system,Ground water,Carteret,CAPE CARTERET,200,7,12,19
NC0239424,TABBS CREEK BAPT CH,Transient non-community system,Ground water,Granville,OXFORD,50,3,2,9
NC0180639,TABERNACLE BAPTIST CHURCH,Transient non-community system,Ground water,Rowan,SALISBURY,100,3,33,26
NC0235559,TABERNACLE BAPTIST CHURCH,Transient non-community system,Ground water,Franklin,ZEBULON,70,3,6,15
NC0136652,TABERNACLE DE VIDA,Transient non-community system,Ground water,Gaston,BELMONT,100,3,4,46
NC0464560,TABERNACLE OF PRAISE,Transient non-community system,Ground water,Nash,NASHVILLE,40,2,4,12
NC0326445,TABOR UNITED METHODIST CHURCH,Transient non-community system,Ground water,Cumberland,FAYETTEVILLE,50,3,9,25
NC0145461,TALISMAN CAMP A,Transient non-community system,Ground water,Henderson,ZIRCONIA,150,4,28,15
NC1045030,TALISMAN CAMP-B,Transient non-community system,Ground water,Henderson,ZIRCONIA,150,3,5,9
NC0239449,TALLY HO FIRST BAPTIST CHURCH,Transient non-community system,Ground water,Granville,STEM,100,3,11,9
NC0180746,TAMARAC MARINA & CAMPGROUND,Transient non-community system,Ground water,Rowan,SALISBURY,25,4,60,81
NC0138104,TAPOCO LODGE,Transient non-community system,Ground water,Graham,TAPOCO,25,6,65,18
NC3086001,TAQUERIA EL MEXICANO,Transient non-community system,Ground water,Surry,DOBSON,25,4,20,25
NC5082020,TASTE OF HEAVEN CAMPGROUND,Transient non-community system,Ground water,Sampson,DUNN,40,4,6,19
NC0149480,TAYLOR SPRINGS BAPT CHURCH,Transient non-community system,Ground water,Iredell,UNION GROVE,40,4,0,29
NC0106503,TEEN VALLEY RANCH,Transient non-community system,Ground water,Avery,PLUMBTREE,260,9,15,41
NC1006015,TEEN VALLEY RANCH CHALET,Transient non-community system,Ground water,Avery,ASHEVILLE,260,5,1,5
NC0106530,TEMPLE BAPTIST CHURCH,Transient non-community system,Ground water,Avery,NEWLAND,100,3,11,15
NC0197612,TEMPLE HILL UMC,Transient non-community system,Ground water,Wilkes,RONDA,25,3,17,9
NC0188439,TERRA NOVA,Transient non-community system,Ground water,Transylvania,CEDAR MOUNTAIN,25,3,19,13
NC0368459,TERRELLS CREEK BAPTIST CHURCH,Transient non-community system,Ground water,Orange,CHAPEL HILL,100,4,65,18
NC2013021,TERRY`S KITCHEN,Transient non-community system,Ground water,Cabarrus,MIDLAND,25,4,59,27
NC0144608,THAD WOOD`S ANTIQUES & DISC ST,Transient non-community system,Ground water,Haywood,WAYNESVILLE,200,2,13,22
NC0197619,THANKFUL BAPTIST CHURCH,Transient non-community system,Ground water,Wilkes,BOOMER,25,3,1,13
NC0180577,THE ARBOR UMC,Transient non-community system,Ground water,Rowan,SALISBURY,25,4,27,31
NC1006012,THE ARTISANAL RESTAURANT,Transient non-community system,Ground water,Avery,BANNER ELK,100,3,11,9
NC1045037,THE BARN AT TALL OAKS,Transient non-community system,Ground water,Henderson,HENDERSONVILLE,100,3,2,5
NC0136942,THE BARNYARD FLEA MARKET OF DALLAS,Transient non-community system,Ground water,Gaston,DALLAS,25,4,16,54
NC0187581,THE BBQ SHACK,Transient non-community system,Ground water,Swain,BRYSON CITY,50,3,72,27
NC3085004,THE BERRY PATCH MARKET & GRILL,Transient non-community system,Ground water,Stokes,LAWSONVILLE,25,3,32,14
NC0118740,THE BOAT RACK MARINA INC.,Transient non-community system,Ground water,Catawba,SHERRILLS FORD,25,4,0,24
NC0118568,THE BOAT RACK SHOWROOM INC,Transient non-community system,Ground water,Catawba,SHERRILLS FORD,25,3,0,18
NC0149547,THE BRIDGE CHURCH OF THE NAZARENE,Transient non-community system,Ground water,Iredell,MOORESVILLE,120,3,9,26
NC0149411,THE CONNECTION CH OF GOD,Transient non-community system,Ground water,Iredell,MOORESVILLE,30,3,24,29
NC0286599,THE DOBSON GO MART,Transient non-community system,Ground water,Surry,DOBSON,25,6,43,24
NC5026032,THE FAYETTEVILLE CHURCH,Transient non-community system,Ground water,Cumberland,FAYETTEVILLE,225,3,1,6
NC0424648,THE GORE CO,Transient non-community system,Ground water,Columbus,WHITEVILLE,100,3,4,16
NC0197551,THE GROCERY BASKET & GRILL,Transient non-community system,Ground water,Wilkes,FERGUSON,25,3,6,12
NC0138425,THE HQ,Transient non-community system,Ground water,Graham,ROBBINSVILLE,25,3,11,12
NC0471123,THE INLET AT LANIER'S POINTE #1,Transient non-community system,Ground water,Pender,HOLLY RIDGE,386,4,27,48
NC0471118,THE INLET AT LANIER'S POINTE #2,Transient non-community system,Ground water,Pender,HOLLY RIDGE,180,4,41,45
NC0113511,THE LAKES,Transient non-community system,Ground water,Cabarrus,KANNAPOLIS,25,3,3,23
NC1050036,THE LOCAL,Transient non-community system,Ground water,Jackson,GLENVILLE,25,3,6,15
NC0106427,THE LODGE AT BANNER ELK,Transient non-community system,Ground water,Avery,BANNER ELK,100,3,1,18
NC0187629,THE LODGE AT NANTAHALA RIVER,Transient non-community system,Ground water,Swain,BRYSON CITY,25,4,93,21
NC0181613,THE MASON JAR,Transient non-community system,Ground water,Rutherford,RUTHERFORDTON,300,5,11,10
NC0120414,THE MOUNTAIN FOLK CENTER,Transient non-community system,Ground water,Cherokee,MURPHY,300,3,21,17
NC4092124,THE OAKS AT SALEM,Transient non-community system,Ground water,Wake,APEX,150,4,3,11
NC3086024,THE PEOPLES RIVER OF LIFE CHURCH,Transient non-community system,Ground water,Surry,MOUNT AIRY,80,3,5,12
NC0106449,THE PINEOLA,Transient non-community system,Ground water,Avery,PINEOLA,42,3,10,17
NC0188526,THE PINES COUNTRY INN,Transient non-community system,Ground water,Transylvania,PISGAH FOREST,30,6,3,21
NC0157551,THE PINES RV PARK,Transient non-community system,Ground water,Macon,FRANKLIN,90,5,13,23
NC0103420,THE PRO STOP,Transient non-community system,Ground water,Alleghany,GLADE VALLEY,25,4,51,16
NC4092113,THE RAND-BRYAN HOUSE,Transient non-community system,Ground water,Wake,GARNER,25,4,12,13
NC3097014,THE RIDGE,Transient non-community system,Ground water,Wilkes,BOOMER,102,6,0,20
NC3097023,THE RIDGE-STABLES,Transient non-community system,Ground water,Wilkes,,50,3,2,6
NC0235537,THE RIVER GOLF CLUB AT LAKE ROYALE,Transient non-community system,Ground water,Franklin,LOUISBURG,200,3,17,12
NC0160903,THE ROAD CHURCH,Transient non-community system,Ground water,Mecklenburg,MINT HILL,165,4,4,24
NC0111400,THE SALTY GOAT GRILL,Transient non-community system,Ground water,Buncombe,LEICESTER,150,3,85,28
NC0410508,THE SILVER COAST WINERY,Transient non-community system,Ground water,Brunswick,OCEAN ISLE BEACH,500,4,1,14
NC0279162,THE SUMMIT ENV CTR HAW RIVER STATE PARK,Transient non-community system,Ground water,Rockingham,BROWNS SUMMIT,100,6,43,23
NC0201506,THE VALLEY GOLF COURSE,Transient non-community system,Ground water,Alamance,BURLINGTON,25,4,5,16
NC0285505,THE VINEYARD INC,Transient non-community system,Ground water,Stokes,WESTFIELD,300,3,11,15
NC0392961,THE WAY,Transient non-community system,Ground water,Wake,GARNER,115,4,35,25
NC0150478,THE WELLS HOTEL,Transient non-community system,Ground water,Jackson,CASHIERS,25,5,20,18
NC0410522,THE WHARF,Transient non-community system,Ground water,Brunswick,SUPPLY,100,7,56,37
NC1011065,THE WILLOWS - HOUSE & BARN,Transient non-community system,Ground water,Buncombe,FLETCHER,26,3,2,7
NC1011066,THE WILLOWS - THE CABIN,Transient non-community system,Ground water,Buncombe,FLETCHER,25,3,1,5
NC1011067,THE WILLOWS - THE LODGE,Transient non-community system,Ground water,Buncombe,FLETCHER,28,3,1,5
NC0188545,THERE IS MORE MINISTRIES,Transient non-community system,Ground water,Transylvania,BALSAM GROVE,75,3,9,18
NC0180710,THIRD CREEK PRES CHURCH,Transient non-community system,Ground water,Rowan,CLEVELAND,25,3,26,30
NC4098013,THOMPSON CHAPEL PHC & FAMILY LIFE CENTER,Transient non-community system,Ground water,Wilson,WILSON,30,3,6,14
NC1045007,THOMPSON MECHANICAL,Transient non-community system,Ground water,Henderson,FLETCHER,30,4,5,13
NC0279471,THOMPSONVILLE BAPTIST CHURCH,Transient non-community system,Ground water,Rockingham,REIDSVILLE,25,3,16,13
NC0195414,THOMPSON`S SEAFOOD,Transient non-community system,Ground water,Watauga,DEEP GAP,25,3,44,16
NC0102565,THREE FORKS BAPTIST CHURCH,Transient non-community system,Ground water,Alexander,TAYLORSVILLE,350,3,3,30
NC0106529,THREE MILE QUICK MART,Transient non-community system,Ground water,Avery,NEWLAND,150,4,6,17
NC1061023,THREE PEAKS RV RESORT,Transient non-community system,Ground water,Mitchell,SPRUCE PINE,70,5,4,1
NC0180648,THYATIRA PRESBYTERIAN CHURCH,Transient non-community system,Ground water,Rowan,SALISBURY,250,3,14,34
NC0273477,TIMBERLAKE BAPTIST CHURCH,Transient non-community system,Ground water,Person,TIMBERLAKE,135,2,12,11
NC0187521,TIMBERLAKE CAMPGROUND,Transient non-community system,Ground water,Swain,BRYSON CITY,175,4,7,13
NC4073008,TIMBERLAKE COMMUNITY CENTER,Transient non-community system,Ground water,Person,TIMBERLAKE,100,3,16,10
NC0187580,TIME OUT MARKET #23,Transient non-community system,Ground water,Swain,BRYSON CITY,300,4,33,27
NC0351477,TIPPETTS CHAPEL FWB CHURCH,Transient non-community system,Ground water,Johnston,CLAYTON,130,2,39,19
NC3041114,TIRE MAX,Transient non-community system,Ground water,Guilford,SUMMERFIELD,25,3,36,9
NC0160882,TONY`S,Transient non-community system,Ground water,Mecklenburg,CHARLOTTE,40,4,41,41
NC1050018,TOP CAT EXXON,Transient non-community system,Ground water,Jackson,SYLVA,100,5,0,15
NC0410565,TOWN CREEK BAPTIST CHURCH,Transient non-community system,Ground water,Brunswick,LELAND,75,4,6,10
NC0362436,TOWN CREEK INDIAN MOUNDS,Transient non-community system,Ground water,Montgomery,MT GILEAD,100,4,16,18
NC0145589,TRACY GROVE BAPTIST CHURCH,Transient non-community system,Ground water,Henderson,FLAT ROCK,65,3,0,12
NC0180594,TRADING FORD BAPTIST CHURCH,Transient non-community system,Ground water,Rowan,SALISBURY,250,3,13,33
NC0145152,TRAILS CAROLINA LLC,Transient non-community system,Ground water,Henderson,HENDERSONVILLE,25,4,83,20
NC0197447,TRAPHILL BAPTIST CHURCH,Transient non-community system,Ground water,Wilkes,TRAPHILL,25,4,8,13
NC0197425,TRAPHILL GROCERY,Transient non-community system,Ground water,Wilkes,TRAPHILL,25,3,6,16
NC5077006,TRAVEL RESORTS OF AMERICA_FOREST SITE,Transient non-community system,Ground water,Richmond,SOUTHERN PINES,75,5,6,13
NC0392789,TREASURING CHRIST CHURCH,Transient non-community system,Ground water,Wake,RALEIGH,250,3,35,21
NC0465456,TREGEMBO ANIMAL PARK,Transient non-community system,Ground water,New Hanover,WILMINGTON,600,3,1,3
NC4098007,"TRI STEEL, INC.",Transient non-community system,Ground water,Wilson,SIMS,30,4,15,20
NC0118555,TRI-COUNTY GRILL,Transient non-community system,Ground water,Catawba,VALE,50,3,10,31
NC0188488,TRIANGLE STOP,Transient non-community system,Ground water,Transylvania,PENROSE,25,4,1,15
NC0136771,TRINITY AME ZION CHURCH,Transient non-community system,Ground water,Gaston,GASTONIA,30,5,47,50
NC0195518,TRINITY BAPTIST CHURCH,Transient non-community system,Ground water,Watauga,DEEP GAP,25,3,34,17
NC0113443,TRINITY LUTHERAN CHURCH,Transient non-community system,Ground water,Cabarrus,CONCORD,80,4,39,34
NC3017024,TRINITY MISSIONARY BAPT CHURCH,Transient non-community system,Ground water,Caswell,REIDSVILLE,90,3,15,14
NC0180731,TRINITY WESLEYAN CHURCH,Transient non-community system,Ground water,Rowan,SALISBURY,175,3,10,29
NC4073004,TRIPLE SPRINGS BAPTIST,Transient non-community system,Ground water,Person,ROXBORO,50,3,18,11
NC1011052,TROYER`S COUNTRY AMISH BLATZ,Transient non-community system,Ground water,Buncombe,,75,3,6,24
NC0285448,TRU WAY BAPTIST CHURCH,Transient non-community system,Ground water,Stokes,PILOT MOUNTAIN,50,4,4,10
NC3086044,TRUE VINE BAPTIST CHURCH,Transient non-community system,Ground water,Surry,MT AIRY,25,4,9,10
NC0286640,TRUE WORD BAPTIST CHURCH,Transient non-community system,Ground water,Surry,PILOT MOUNTAIN,25,4,5,11
NC1058014,TRUST GENERAL STORE AND CAFE,Transient non-community system,Ground water,Madison,HOT SPRINGS,50,3,11,9
NC4392507,TRUTH IN JESUS CHRIST HOLINESS,Transient non-community system,Ground water,Wake,RALEIGH,70,3,8,13
NC0136810,TRYON PARK,Transient non-community system,Ground water,Gaston,BELMONT,25,4,7,35
NC0291530,TR`S LOUNGE,Transient non-community system,Ground water,Vance,KITTRELL,50,3,71,18
NC0138408,TSALI RECREATIONAL AREA,Transient non-community system,Ground water,Graham,ROBBINSVILLE,25,4,9,14
NC0351181,TUCKER LAKE,Transient non-community system,Ground water,Johnston,BENSON,200,4,30,16
NC2055011,TUCKER'S GROVE CHURCH FAMILY LIFE CENTER,Transient non-community system,Ground water,Lincoln,IRON STATION,125,3,6,24
NC0155499,TUCKER`S GROVE CHURCH,Transient non-community system,Ground water,Lincoln,IRON STATION,125,3,42,43
NC0138420,TUMBLING WATERS CAMPGROUND,Transient non-community system,Ground water,Graham,ALMOND,25,3,5,9
NC0291542,TUNGSTEN BAPTIST CHURCH,Transient non-community system,Ground water,Vance,HENDERSON,100,4,26,13
NC0188509,TURKEY CREEK BAPTIST CHURCH,Transient non-community system,Ground water,Transylvania,PISGAH FOREST,120,3,0,21
NC0187126,TURKEY CREEK CAMPGROUND,Transient non-community system,Ground water,Swain,ALMOND,25,7,25,17
NC0309539,TURNBULL CREEK ESF-PICNIC AREA,Transient non-community system,Ground water,Bladen,ELIZABETHTOWN,75,3,5,15
NC0299466,TURNERS CREEK BAPTIST CH,Transient non-community system,Ground water,Yadkin,YADKINVILLE,140,4,11,16
NC0138445,TUSKEEGEE BAPTIST CHURCH,Transient non-community system,Ground water,Graham,ROBBINSVILLE,25,3,18,9
NC0195514,TWEETSIE RAILROAD INC,Transient non-community system,Ground water,Watauga,BLOWING ROCK,800,7,3,36
NC0149550,TWIN OAKS GOLF CLUB,Transient non-community system,Ground water,Iredell,STATESVILLE,100,3,28,19
NC3005016,TWIN RIVERS FAMILY CAMPGROUND,Transient non-community system,Ground water,Ashe,CRUMPLER,133,5,28,16
NC0136419,TWIN TOPS FISH CAMP,Transient non-community system,Ground water,Gaston,GASTONIA,25,4,18,50
NC0273456,TWINS COUNTRY MART INC,Transient non-community system,Ground water,Person,ROXBORO,100,5,63,24
NC0144496,TWISTED SPOKE RESTAURANT,Transient non-community system,Ground water,Haywood,MAGGIE VALLEY,50,3,33,26
NC0187490,TWO RIVERS LODGE,Transient non-community system,Ground water,Swain,BRYSON CITY,50,2,20,15
NC0118694,TWO TREES SPORTS BAR & GRILL,Transient non-community system,Ground water,Catawba,SHERRILLS FORD,25,4,55,35
NC0291475,UNC-CH KERR LAKE GRASSY PT,Transient non-community system,Ground water,Vance,HENDERSON,50,3,36,20
NC0291473,UNC-CH KERR LAKE OFFICE WELL,Transient non-community system,Ground water,Vance,HENDERSON,50,3,28,19
NC0291474,UNC-CH KERR LAKE PINEY THORNY,Transient non-community system,Ground water,Vance,CHAPEL HILL,50,3,32,18
NC0150512,UNCLE BILL`S FLEA MARKET,Transient non-community system,Ground water,Jackson,WHITTIER,25,3,2,15
NC0149552,UNCLE MILF`S LAKE NORMAN TAVERN,Transient non-community system,Ground water,Iredell,MOORESVILLE,40,4,45,30
NC0197586,UNION BAPTIST CH-HAMPTONVILLE,Transient non-community system,Ground water,Wilkes,HAMPTONVILLE,25,3,14,21
NC0197440,UNION BAPTIST CHURCH,Transient non-community system,Ground water,Wilkes,MILLERS CREEK,25,3,41,11
NC0424860,UNION BAPTIST CHURCH,Transient non-community system,Ground water,Columbus,LAKE WACCAMAW,125,4,34,12
NC0392616,UNION CHAPEL BAPT CH,Transient non-community system,Ground water,Wake,ZEBULON,55,6,40,24
NC0241418,UNION GROVE BAPTIST CHURCH,Transient non-community system,Ground water,Guilford,OAK RIDGE,25,4,13,13
NC0276583,UNION GROVE BAPTIST CHURCH,Transient non-community system,Ground water,Randolph,SEAGROVE,200,4,31,14
NC0382662,UNION GROVE BAPTIST CHURCH,Transient non-community system,Ground water,Sampson,SALEMBURG,150,3,1,16
NC0175441,UNION GROVE BAPTIST CHURCH,Transient non-community system,Ground water,Polk,COLUMBUS,30,3,48,18
NC0299447,UNION GROVE BAPTIST CHURCH,Transient non-community system,Ground water,Yadkin,YADKINVILLE,25,5,3,11
NC0368464,UNION GROVE UMC,Transient non-community system,Ground water,Orange,HILLSBOROUGH,100,5,71,24
NC0286635,UNION HILL FRIENDS MEETING,Transient non-community system,Ground water,Surry,MT AIRY,75,4,2,11
NC0464550,UNION HOPE BAPTIST CHURCH,Transient non-community system,Ground water,Nash,ZEBULON,100,4,33,15
NC0180632,UNION LUTHERAN CHURCH,Transient non-community system,Ground water,Rowan,SALISBURY,120,4,13,45
NC0326687,UNION OAK AME ZION CHURCH,Transient non-community system,Ground water,Cumberland,HOPE MILLS,50,3,42,31
NC0201504,UNION RIDGE CHURCH,Transient non-community system,Ground water,Alamance,BURLINGTON,140,6,11,19
NC0464571,UNION VIEW ORIGINAL FWB CHURCH,Transient non-community system,Ground water,Nash,BAILEY,100,3,21,20
NC2080088,UNITED CHRISTIAN FELLOWSHIP CHURCH,Transient non-community system,Ground water,Rowan,SALISBURY,90,3,0,8
NC0433441,UNITED CHURCH OF JESUS CHRIST,Transient non-community system,Ground water,Edgecombe,TARBORO,25,4,5,14
NC0136916,UNITED VETERANS OF AMERICA,Transient non-community system,Ground water,Gaston,GASTONIA,25,3,59,44
NC0363531,UNITY GROVE BAPTIST CHURCH,Transient non-community system,Ground water,Moore,CARTHAGE,70,4,35,26
NC0118749,UNITY MISSIONARY BAPT CHURCH,Transient non-community system,Ground water,Catawba,HICKORY,65,4,2,26
NC0180719,UNITY PRESBYTERIAN CHURCH,Transient non-community system,Ground water,Rowan,CLEVELAND,80,4,12,36
NC0158469,UPPER LAUREL BAPTIST CHURCH,Transient non-community system,Ground water,Madison,MARSHALL,85,3,6,14
NC0145594,UPWARD SEVENTH DAY ADVENTIST,Transient non-community system,Ground water,Henderson,FLAT ROCK,60,3,270,14
NC0362586,USFS-BADIN LAKE CAMPGROUND LOWER LOOP,Transient non-community system,Ground water,Montgomery,TROY,100,8,11,24
NC0188480,USFS-COON TREE REC AREA,Transient non-community system,Ground water,Transylvania,PISGAH FOREST,30,5,6,25
NC0188551,USFS-COVE CREEK LOWER,Transient non-community system,Ground water,Transylvania,PISGAH FOREST,50,4,10,15
NC0188552,USFS-COVE CREEK UPPER,Transient non-community system,Ground water,Transylvania,PISGAH FOREST,50,4,10,12
NC0188482,USFS-KUYKENDALL CAMPGROUND,Transient non-community system,Ground water,Transylvania,PISGAH FOREST,50,2,6,13
NC0145463,USFS-NORTH MILLS RIVER CAMPGRD,Transient non-community system,Ground water,Henderson,HORSE SHOE,200,5,9,21
NC0188483,USFS-SLIDING ROCK REC AREA,Transient non-community system,Ground water,Transylvania,PISGAH FOREST,200,4,9,21
NC0144432,USFS-SUNBURST CAMPGROUND,Transient non-community system,Ground water,Haywood,CANTON,25,5,11,28
NC1050070,USFS-WAYEHUTTA OHV,Transient non-community system,Ground water,Jackson,,25,2,4,12
NC0188550,USFS-WHITE PINES LOWER,Transient non-community system,Ground water,Transylvania,PISGAH FOREST,40,2,2,14
NC0467048,USMC LEJEUNE--ONSLOW BEACH,Transient non-community system,Ground water,Onslow,CAMP LEJEUNE,320,8,2,46
NC0467556,USMC LEJEUNE-DEVIL DOG-VERONA LOOP,Transient non-community system,Ground water purchased,Onslow,CAMP LEJEUNE,800,2,0,33
NC2084004,UWHARRIE VINEYARDS,Transient non-community system,Ground water,Stanly,ALBEMARLE,25,4,11,26
NC0155554,VALE HARDWARE,Transient non-community system,Ground water,Lincoln,VALE,25,3,8,33
NC0195519,VALLE CRUCIS CONFERENCE CENTER,Transient non-community system,Ground water,Watauga,VALLE CRUCIS,25,3,8,15
NC0195427,VALLE CRUCIS MISSION,Transient non-community system,Ground water,Watauga,VALLE CRUCIS,25,3,34,31
NC0118746,VALLEY HAVEN,Transient non-community system,Ground water,Catawba,HICKORY,60,4,9,32
NC0111121,VALLEY VIEW SHOPPING CENTER,Transient non-community system,Ground water,Buncombe,CANDLER,200,3,5,30
NC0157540,VAN HOOK GLADE CAMPGROUND,Transient non-community system,Ground water,Macon,HIGHLANDS,25,5,44,23
NC0149408,VANDERBURG UNITED METHODIST CH,Transient non-community system,Ground water,Iredell,MOORESVILLE,130,4,19,39
NC0195161,VANDERPOOL CAMPGROUND INC.,Transient non-community system,Ground water,Watauga,VILAS,60,3,36,26
NC2036038,VERONET VINEYARDS & WINERY,Transient non-community system,Ground water,Gaston,KINGS MOUNTAIN,25,2,0,14
NC0123728,VESTIBULE AME ZION CHURCH,Transient non-community system,Ground water,Cleveland,KINGS MOUNTAIN,60,3,38,50
NC0464486,VICK FAMILY FARMS,Transient non-community system,Ground water,Nash,WILSON,130,4,19,13
NC0155569,VICTORY BAPTIST CHURCH,Transient non-community system,Ground water,Lincoln,DENVER,350,6,16,39
NC1050077,VICTORY BAPTIST CHURCH,Transient non-community system,Ground water,Jackson,SYLVA,200,4,0,14
NC0181545,VICTORY BAPTIST CHURCH,Transient non-community system,Ground water,Rutherford,ELLENBORO,70,3,17,16
NC0149592,VICTORY BAPTIST CHURCH,Transient non-community system,Ground water,Iredell,STATESVILLE,30,4,8,40
NC0136888,VICTORY HILL BAPTIST CHURCH,Transient non-community system,Ground water,Gaston,DALLAS,200,4,43,35
NC0136939,VICTORY HILL BAPTIST II,Transient non-community system,Ground water,Gaston,DALLAS,200,3,22,30
NC3076028,VICTORY MTN WESLEYAN YC DEEP WOODS CABIN,Transient non-community system,Ground water,Randolph,SOPHIA,25,3,0,2
NC3076026,VICTORY MTN WESLEYAN YC HERITAGE HILLS,Transient non-community system,Ground water,Randolph,SOPHIA,25,3,0,6
NC3076012,VICTORY MTN WESLEYAN YC HILLS CABINS,Transient non-community system,Ground water,Randolph,SOPHIA,25,4,3,11
NC3076022,VICTORY MTN WESLEYAN YC LAKE VIEW,Transient non-community system,Ground water,Randolph,SOPHIA,25,3,0,6
NC3076013,VICTORY MTN WESLEYAN YC TIMBER CABINS,Transient non-community system,Ground water,Randolph,SOPHIA,25,5,7,10
NC0276589,VICTORY MTN WESLEYAN YOUTH CAMP #1,Transient non-community system,Ground water,Randolph,SOPHIA,25,6,8,17
NC7024009,VICTORY SEVENTH-DAY ADVENT CH,Transient non-community system,Ground water,Columbus,BOLTON,25,3,0,12
NC0156528,VICTORY TEMPLE FULL GOSPEL CH,Transient non-community system,Ground water,McDowell,NEBO,150,3,3,14
NC0113481,VICTORY TEMPLE INTERDENOMINATI,Transient non-community system,Ground water,Cabarrus,CONCORD,50,4,13,27
NC0241707,VILLAGE STORE,Transient non-community system,Ground water,Guilford,OAK RIDGE,25,3,14,12
NC7071025,VIRGINIA CREEK CAMPGROUND NO 1,Transient non-community system,Ground water,Pender,HAMPSTEAD,28,4,8,17
NC7071043,VIRGINIA CREEK CAMPGROUND NO 10,Transient non-community system,Ground water,Pender,HAMSTEAD,28,3,10,33
NC7071046,VIRGINIA CREEK CAMPGROUND NO 11,Transient non-community system,Ground water,Pender,HAMPSTEAD,28,3,9,23
NC7071047,VIRGINIA CREEK CAMPGROUND NO 12,Transient non-community system,Ground water,Pender,HAMSTEAD,28,3,3,19
NC7071026,VIRGINIA CREEK CAMPGROUND NO 2,Transient non-community system,Ground water,Pender,HAMSTEAD,28,4,2,19
NC7071027,VIRGINIA CREEK CAMPGROUND NO 3,Transient non-community system,Ground water,Pender,HAMPSTEAD,28,3,2,19
NC7071028,VIRGINIA CREEK CAMPGROUND NO 4,Transient non-community system,Ground water,Pender,HAMPSTEAD,28,3,4,25
NC7071029,VIRGINIA CREEK CAMPGROUND NO 5,Transient non-community system,Ground water,Pender,HAMPSTEAD,28,3,4,18
NC7071030,VIRGINIA CREEK CAMPGROUND NO 6,Transient non-community system,Ground water,Pender,HAMPSTEAD,28,3,3,16
NC7071031,VIRGINIA CREEK CAMPGROUND NO 7,Transient non-community system,Ground water,Pender,HAMPSTEAD,28,3,11,41
NC7071032,VIRGINIA CREEK CAMPGROUND NO 8,Transient non-community system,Ground water,Pender,HAMPSTEAD,28,3,3,18
NC7071042,VIRGINIA CREEK CAMPGROUND NO 9,Transient non-community system,Ground water,Pender,HAMPSTEAD,28,3,5,24
NC0319426,VISTA POINT STATE PARK,Transient non-community system,Ground water,Chatham,PITTSBORO,244,4,1,22
NC0180609,VOLONTE MOTEL,Transient non-community system,Ground water,Rowan,SALISBURY,40,3,12,28
NC7065058,W Q GOODMAN LLC,Transient non-community system,Ground water,New Hanover,WILMINGTON,40,6,2,23
NC7010051,WACCAMAW MINI MART,Transient non-community system,Ground water,Brunswick,ASH,50,3,13,12
NC0392807,WAKEMINSTER BAPTIST CHURCH,Transient non-community system,Ground water,Wake,RALEIGH,150,3,14,15
NC5026023,WALDO`S BEACH RV PARK,Transient non-community system,Ground water,Cumberland,FAYETTEVILLE,50,3,2,16
NC0112470,WALKERS CHAPEL BAPTIST CH,Transient non-community system,Ground water,Burke,MORGANTON,75,3,5,14
NC0190513,WALKERSVILLE PRESBYTERIAN CH,Transient non-community system,Ground water,Union,WAXHAW,25,3,2,24
NC0181480,WALLS BAPTIST CHURCH,Transient non-community system,Ground water,Rutherford,BOSTIC,100,3,18,14
NC0136646,WALNUT GROVE BAPTIST CHURCH,Transient non-community system,Ground water,Gaston,DALLAS,130,3,1,30
NC0197416,WALNUT GROVE BAPTIST CHURCH,Transient non-community system,Ground water,Wilkes,MORAVIAN FALLS,25,3,1,8
NC0235513,WALNUT GROVE MISS BAPTIST CH,Transient non-community system,Ground water,Franklin,LOUISBURG,175,4,13,13
NC0106506,WALNUT GROVE PRESBYTERIAN CH,Transient non-community system,Ground water,Avery,NEWLAND,75,3,8,17
NC0368461,WALNUT GROVE UNITED METHODIST CHURCH,Transient non-community system,Ground water,Orange,HURDLE MILLS,50,3,14,12
NC0122122,WALNUT POINT CAMPGROUND,Transient non-community system,Ground water,Clay,HAYESVILLE,25,5,16,16
NC0197527,WARRIOR CREEK PARK AREA C W-14,Transient non-community system,Ground water,Wilkes,WILKESBORO,25,3,9,13
NC3097022,WARRIOR CREEK PARK AREA C-2,Transient non-community system,Ground water,Wilkes,WILKESBORO,25,3,3,5
NC0197528,WARRIOR CREEK PARK AREA D W-13,Transient non-community system,Ground water,Wilkes,WILKESBORO,25,3,7,11
NC0197530,WARRIOR CREEK PARK AREA F W-16,Transient non-community system,Ground water,Wilkes,WILKESBORO,56,4,17,17
NC0197531,WARRIOR CREEK PARK AREA F W17,Transient non-community system,Ground water,Wilkes,WILKESBORO,50,3,8,15
NC0197526,WARRIOR CREEK PARK SITES 1-21,Transient non-community system,Ground water,Wilkes,WILKESBORO,51,5,14,18
NC0180764,WARRIOR GOLF COURSE CLUBHOUSE,Transient non-community system,Ground water,Rowan,CHINA GROVE,25,3,9,15
NC7010063,WASTE INDUSTRIES,Transient non-community system,Ground water,Brunswick,BOLIVIA,100,4,0,9
NC0157475,WATAUGA BAPTIST CHURCH,Transient non-community system,Ground water,Macon,FRANKLIN,100,4,2,19
NC0180756,WATERS EDGE HIGH ROCK LLC,Transient non-community system,Ground water,Rowan,SALISBURY,25,3,23,44
NC0118609,WATERSIDE BAR & GRILL,Transient non-community system,Ground water,Catawba,CATAWBA,25,4,26,49
NC0144117,WATERVILLE WALTERS HYDRO PLANT,Transient non-community system,Ground water,Haywood,WAYNESVILLE,25,4,27,14
NC0195167,WATERWHEEL RV PK,Transient non-community system,Ground water,Watauga,BOONE,31,3,13,19
NC0180771,WATTS BP & GRILL,Transient non-community system,Ground water,Rowan,KANNAPOLIS,25,5,8,21
NC0160439,WAVERLY SWIM CLUB,Transient non-community system,Ground water,Mecklenburg,CHARLOTTE,25,3,24,26
NC2090025,WAXHAW BIBLE CHURCH,Transient non-community system,Ground water,Union,WAXHAW,120,4,1,3
NC0113433,WAYSIDE BAPTIST CHURCH,Transient non-community system,Ground water,Cabarrus,MIDLAND,25,4,32,27
NC1011046,WEAVERVILLE LDS CHURCH,Transient non-community system,Ground water,Buncombe,WEAVERVILLE,100,3,6,10
NC0180477,WEBB ROAD FLEA MARKET,Transient non-community system,Ground water,Rowan,SALISBURY,500,5,3,25
NC0118771,WELCOME BAPTIST CHURCH,Transient non-community system,Ground water,Catawba,CATAWBA,35,5,15,46
NC0197437,WELCOME HOME BAPTIST CH,Transient non-community system,Ground water,Wilkes,TRAPHILL,25,4,7,12
NC0181506,WELCOME HOME BAPTIST CHURCH,Transient non-community system,Ground water,Rutherford,UNION MILLS,100,4,15,14
NC0392648,WENDELL COUNTRY CLUB INC,Transient non-community system,Ground water,Wake,WENDELL,100,5,43,25
NC0118441,WESLEY CHAPEL UMC,Transient non-community system,Ground water,Catawba,NEWTON,25,5,9,41
NC0279615,WESLEY CHAPEL UMC,Transient non-community system,Ground water,Rockingham,REIDSVILLE,25,3,21,11
NC0180578,WEST CORINTH BAPTIST CHURCH,Transient non-community system,Ground water,Rowan,MOORESVILLE,100,4,30,37
NC0180685,WEST INNES ST CH OF CHRIST,Transient non-community system,Ground water,Rowan,SALISBURY,60,4,36,25
NC0180492,WEST PARK BAPTIST CHURCH,Transient non-community system,Ground water,Rowan,ROCKWELL,200,3,3,26
NC0181482,WEST POINT BAPTIST CHURCH,Transient non-community system,Ground water,Rutherford,RUTHERFORDTON,150,4,2,14
NC0332562,WEST POINT ON ENO AMPHITHEATRE,Transient non-community system,Ground water,Durham,DURHAM,30,3,21,16
NC0299432,WEST YADKIN BAPTIST CHURCH,Transient non-community system,Ground water,Yadkin,HAMPTONVILLE,25,4,32,22
NC3095023,WESTERN WATAUGA COMMUNITY CENTER,Transient non-community system,Ground water,Watauga,,70,3,7,9
NC0286593,WESTFIELD BAPTIST CHURCH,Transient non-community system,Ground water,Surry,WESTFIELD,25,3,7,11
NC3095028,WESTGLOW RESORT,Transient non-community system,Ground water,Watauga,,25,3,1,8
NC0195546,WESTGLOW SPA,Transient non-community system,Ground water,Watauga,BLOWING ROCK,25,4,1,11
NC0416528,WESTPORT PLAZA,Transient non-community system,Ground water,Carteret,MOREHEAD CITY,50,5,10,18
NC0136903,WESTVIEW BAPTIST CHURCH,Transient non-community system,Ground water,Gaston,GASTONIA,135,3,35,27
NC0136812,WESTVIEW GROCERY,Transient non-community system,Ground water,Gaston,MT HOLLY,30,3,5,18
NC0471428,WESTVIEW METHODIST CHURCH,Transient non-community system,Ground water,Pender,BURGAW,50,3,1,10
NC0136597,WESTVIEW PRESBYTERIAN CHURCH,Transient non-community system,Ground water,Gaston,MOUNT HOLLY,30,3,3,21
NC0150117,WESTVIEW WATER ASSOCIATION,Transient non-community system,Ground water,Jackson,BALSAM,51,7,47,21
NC7016027,WHEATLY ICE MACHINE,Transient non-community system,Ground water,Carteret,OTWAY,25,4,12,12
NC7031008,WHIPPOORWILL CAMPGROUND,Transient non-community system,Ground water,Duplin,BEULAVILLE,89,4,4,12
NC7065054,WHISPERING PINES BAPTIST CHURCH,Transient non-community system,Ground water,New Hanover,WILMINGTON,50,4,0,10
NC3086027,WHITAKER CHAPEL METH. CHURCH,Transient non-community system,Ground water,Surry,PILOT MOUNTAIN,25,3,5,12
NC0235441,WHITE LEVEL BAPTIST CHURCH,Transient non-community system,Ground water,Franklin,LOUISBURG,100,2,30,20
NC0424552,WHITE MARSH BAPTIST CHURCH,Transient non-community system,Ground water,Columbus,WHITEVILLE,35,3,4,13
NC0464551,WHITE OAK BAPTIST CHURCH,Transient non-community system,Ground water,Nash,MIDDLESEX,50,3,22,13
NC4392619,WHITE OAK GRILL & LOUNGE,Transient non-community system,Ground water,Wake,GARNER,40,3,82,17
NC0319420,WHITE OAK RECREATION AREA,Transient non-community system,Ground water,Chatham,APEX,200,4,3,20
NC7016046,WHITE OAK SHORES #2,Transient non-community system,Ground water,Carteret,STELLA,400,5,1,2
NC7016012,WHITE OAK SHORES RV PARK,Transient non-community system,Ground water,Carteret,STELLA,600,6,6,21
NC0276593,WHITES MEMORIAL BAPTIST CHURCH,Transient non-community system,Ground water,Randolph,FRANKLINVILLE,25,5,23,20
NC0428461,WHITES MHP,Transient non-community system,Ground water,Dare,MANNS HARBOR,135,5,55,23
NC1050099,WHITESIDE BREWING COMPANY,Transient non-community system,Ground water,Jackson,CASHIERS,850,3,0,1
NC6028007,WHITES`S CONVENIENCE STORE & MOTEL,Transient non-community system,Ground water,Dare,MANNS HARBOR,100,3,4,9
NC2060102,WHITEWATER CENTER EAST,Transient non-community system,Ground water,Mecklenburg,CHARLOTTE,25,3,1,1
NC2060103,WHITEWATER CENTER WEST,Transient non-community system,Ground water,Mecklenburg,CHARLOTTE,25,3,1,1
NC0106517,WHITE`S MEMORIAL BAPT CHURCH,Transient non-community system,Ground water,Avery,NEWLAND,40,3,14,11
NC1056016,WILDACRES RETREAT,Transient non-community system,Ground water,McDowell,LITTLE SWITZERLAND,80,6,5,52
NC0195151,WILDFLOWER (WELL 1),Transient non-community system,Ground water,Watauga,BOONE,25,4,1,18
NC1057007,WILDLIFE PROPERTIES WATER SYSTEM,Transient non-community system,Ground water,Macon,FRANKLIN,168,5,3,16
NC0118619,WILDLIFE WOODS CAMPGROUND INC,Transient non-community system,Ground water,Catawba,SHERRILLS FORD,775,5,70,44
NC0187601,WILDWATER RAFTING LTD,Transient non-community system,Ground water,Swain,BRYSON CITY,50,3,73,15
NC0197460,WILKES FAITH CHURCH,Transient non-community system,Ground water,Wilkes,RONDA,25,3,26,10
NC0197544,WILKES SKYLINE MARINA,Transient non-community system,Ground water,Wilkes,WILKESBORO,127,3,24,14
NC0332552,WILKINS ROAD PARK,Transient non-community system,Ground water,Durham,BAHAMA,30,3,41,13
NC0160883,WILKINSON SWEEPSTAKES,Transient non-community system,Ground water,Mecklenburg,CHARLOTTE,25,4,77,33
NC0136819,WILL'S FOOD STORE #6,Transient non-community system,Ground water,Gaston,MT HOLLY,25,3,1,23
NC0416446,WILLIAM & GARLAND MOTEL,Transient non-community system,Ground water,Carteret,SALTER PATH,25,5,5,14
NC0309547,WILLIAM O HUSKE LOCK AND DAM,Transient non-community system,Ground water,Bladen,FAYETTEVILLE,25,5,5,25
NC4039006,WILLIAMSON COUNTRY STORE,Transient non-community system,Ground water,Granville,BULLOCK,50,2,36,9
NC0326735,WILLIS CREEK AME ZION CHURCH,Transient non-community system,Ground water,Cumberland,FAYETTEVILLE,75,6,105,29
NC0155493,WILLOW CREEK INN,Transient non-community system,Ground water,Lincoln,VALE,25,3,60,38
NC0465617,WILLOW WOODS ARBOR,Transient non-community system,Ground water,New Hanover,WILMINGTON,160,3,5,12
NC0465576,WILMINGTON AUTO TRUCK STOP,Transient non-community system,Ground water,New Hanover,WILMINGTON,800,7,5,37
NC0181517,WILSON BAPTIST CHURCH,Transient non-community system,Ground water,Rutherford,FOREST CITY,60,3,27,13
NC0382678,WILSON CHAPEL MISSIONARY BAPT,Transient non-community system,Ground water,Sampson,TURKEY,100,3,12,24
NC0100511,WINDOM UNITED METH CHURCH,Transient non-community system,Ground water,Yancey,BURNSVILLE,40,3,14,14
NC3099025,WINDSOR RUN CELLARS,Transient non-community system,Ground water,Yadkin,,50,3,10,13
NC1057004,WINDY GAP BAPTIST CHURCH,Transient non-community system,Ground water,Macon,FRANKLIN,200,4,13,18
NC1058006,WOLF CREEK ACADEMY,Transient non-community system,Ground water,Madison,MARS HILL,40,3,10,14
NC0279486,WOLF CREEK GOLF CLUB,Transient non-community system,Ground water,Rockingham,REIDSVILLE,25,4,31,14
NC1058003,WOLF CREEK MARKET & RESTAURANT,Transient non-community system,Ground water,Madison,MARS HILL,200,3,16,28
NC1058004,WOLF`S CORNER PLAZA,Transient non-community system,Ground water,Madison,MARS HILL,25,3,13,26
NC0235437,WOOD BAPTIST CHURCH,Transient non-community system,Ground water,Franklin,LOUISBURG,60,5,66,32
NC4019026,WOODLAKE MEADOWS,Transient non-community system,Ground water,Chatham,BEAR CREEK,50,4,10,8
NC0239453,WOODLAND BAPTIST CHURCH,Transient non-community system,Ground water,Granville,WAKE FOREST,200,3,4,13
NC1050054,WOODLAND CHURCH OF CHRIST,Transient non-community system,Ground water,Jackson,,65,3,6,15
NC1056049,WOODLAWN ROADSIDE PARK,Transient non-community system,Ground water,McDowell,MARION,200,3,0,5
NC2049007,WOODLAWN SCHOOL,Transient non-community system,Ground water,Iredell,MOORESVILLE,250,7,8,30
NC0180712,WOODLEAF BAPTIST CHURCH,Transient non-community system,Ground water,Rowan,WOODLEAF,150,3,21,22
NC0180743,WOODLEAF DELI EXPRESS,Transient non-community system,Ground water,Rowan,WOODLEAF,75,5,34,27
NC0180506,WOODLEAF METHODIST CHURCH,Transient non-community system,Ground water,Rowan,WOODLEAF,50,3,16,39
NC2080090,WOODLEAF PARK,Transient non-community system,Ground water,Rowan,MOCKSVILLE,25,3,0,7
NC3085003,WORD OF GOD INDEPENDENT BAPT,Transient non-community system,Ground water,Stokes,MT AIRY,25,3,2,11
NC0111481,WORDS OF LIFE TABERNACLE CH,Transient non-community system,Ground water,Buncombe,ARDEN,200,4,16,20
NC2080056,WOW 601,Transient non-community system,Ground water,Rowan,SALISBURY,25,3,50,52
NC0410544,WPNR LLC,Transient non-community system,Ground water,Brunswick,OCEAN ISLE BEACH,98,4,16,18
NC0180713,WYATTS GROVE BAPTIST CHURCH,Transient non-community system,Ground water,Rowan,GOLD HILL,25,3,24,33
NC0383455,XALT CHURCH,Transient non-community system,Ground water,Scotland,LAUREL HILL,100,3,41,15
NC3099039,YADKIN MEMORIAL PARK - CAMPGROUND,Transient non-community system,Ground water,Yadkin,YADKINVILLE,25,3,1,2
NC3099040,YADKIN MEMORIAL PARK - DISC GOLF,Transient non-community system,Ground water,Yadkin,YADKINVILLE,25,3,1,3
NC3099038,YADKIN MEMORIAL PARK - OFFICE,Transient non-community system,Ground water,Yadkin,YADKINVILLE,25,3,1,4
NC0114492,YADKIN VALLEY BAPTIST CHURCH,Transient non-community system,Ground water,Caldwell,PATTERSON,65,2,2,19
NC0114577,YADKIN VALLEY GROCERY,Transient non-community system,Ground water,Caldwell,LENIOR,25,3,39,18
NC4092044,YATES MILL EDUC & RESEARCH CTR,Transient non-community system,Ground water,Wake,RALEIGH,50,4,0,11
NC0197600,YELLOW HILL BAPTIST CHURCH,Transient non-community system,Ground water,Wilkes,PURLEAR,25,3,4,7
NC0106474,YELLOW MTN BAPTIST CHURCH,Transient non-community system,Ground water,Avery,PLUMTREE,40,3,3,13
NC0201635,YESTERDAY`S GRILL,Transient non-community system,Ground water,Alamance,SNOW CAMP,25,3,42,16
NC0201539,YMCA CAMP FRONTIER,Transient non-community system,Ground water,Alamance,BURLINGTON,110,3,21,13
NC0201627,YMCA CAMP FRONTIER-OFFICE WELL,Transient non-community system,Ground water,Alamance,BURLINGTON,110,3,22,11
NC0285468,YMCA CAMP JOHN HANES,Transient non-community system,Ground water,Stokes,KING,300,9,13,15
NC3041013,YMCA CAMP WEAVER,Transient non-community system,Ground water,Guilford,GREENSBORO,100,6,3,3
NC3076027,YOGI BEARS JELLYSTONE PHASE 1,Transient non-community system,Ground water,Randolph,,25,3,0,3
NC3076030,YOGI BEARS JELLYSTONE PHASE 2,Transient non-community system,Ground water,Randolph,ASHEBORO,25,3,0,3
NC3076033,YOGI BEARS JELLYSTONE PHASE 3,Transient non-community system,Ground water,Randolph,ASHEBORO,25,3,0,1
NC3076034,YOGI BEARS JELLYSTONE STAFF,Transient non-community system,Ground water,Randolph,ASHEBORO,25,3,0,1
NC0136700,YORKWOOD CHURCH OF GOD,Transient non-community system,Ground water,Gaston,GASTONIA,200,3,5,37
NC1050104,ZACHARY'S GAP ASSOCIATION,Transient non-community system,Ground water,Jackson,GLENVILLE,38,9,0,1
NC0392644,ZEBULON COUNTRY CLUB,Transient non-community system,Ground water,Wake,ZEBULON,150,6,28,24
NC0149455,ZION BAPTIST CHURCH,Transient non-community system,Ground water,Iredell,UNION GROVE,25,5,12,27
NC4073009,ZION CHRISTIAN CENTER,Transient non-community system,Ground water,Person,ROXBORO,250,6,138,21
NC0111420,ZION HILL BAPT CH,Transient non-community system,Ground water,Buncombe,LEICESTER,200,3,10,16
NC0136928,ZION HILL BAPTIST CHURCH,Transient non-community system,Ground water,Gaston,CHERRYVILLE,100,3,31,62
NC0197413,ZION HILL BAPTIST CHURCH,Transient non-community system,Ground water,Wilkes,BOOMER,25,5,3,13
NC0145599,ZION HILL BAPTIST CHURCH,Transient non-community system,Ground water,Henderson,ZIRCONIA,100,3,11,17
NC0156521,ZION HILL BAPTIST CHURCH,Transient non-community system,Ground water,McDowell,MARION,225,3,50,15
NC1011042,ZION HILL FAMILY LIFE CENTER,Transient non-community system,Ground water,Buncombe,LEICESTER,200,3,1,6
NC0276596,ZOOLAND FAMILY CAMPGROUND,Transient non-community system,Ground water,Randolph,ASHEBORO,25,6,63,27
